image,generated_caption,references,CIDEr,CLIPScore,BLEU-1,BLEU-2,BLEU-3,BLEU-4,METEOR,ROUGE-L,polos,traditional_score,semantic_score,group_disagreement
3430526230_234b3550f6.jpg,a black dog is running in the grass,the dogs run through the field near the water ||| two black dogs are chasing each other through shallow grass toward water ||| two dogs are running towards the water through brown grass ||| two dogs are running toward the water ||| two dogs run two a pond on a winter day,0.3696276606066869,0.8234146237373352,0.625,0.0944911182523068,0.0529919916474163,0.0415350923720639,0.2203065134099616,0.4444444444444445,0.7221712470054626,0.20230601735577655,0.8268219751005057,0.6245159577447291
2744600462_5804577296.jpg,a group of people are riding bicycles on a track,a cyclist donning blue and white is leading a pack of cyclists ||| a large column of bicyclists is cycling down a road ||| a pack of bicycle road racers lean through a curve ||| a pack of bicyclists taking a turn during a race ||| cyclists competing in a race are coming around a bend in the road,0.0177581608138165,0.770147517323494,0.4,0.0666666666666666,0.0381571414184444,0.0298474589600982,0.2,0.4000000000000001,0.6539490818977356,0.13878352437436872,0.7444439371945308,0.6056604128201621
1057089366_ca83da0877.jpg,a boy jumps into a pool,a boy descends off the end of a high diving board ||| a child jumps off a high diving board into the pool ||| a kid jumps off the diving board and into the swimming pool below ||| a little kid is jumping off a high dive at the pool ||| the boy is jumping off a high diving board into the pool,0.508176763685314,0.7952246069908142,0.4345982085070782,0.1943582274242909,0.0743152483015887,0.0493798901137822,0.2433862433862433,0.4705882352941177,0.7306544780731201,0.20438966468480352,0.8094791919596551,0.6050895272748515
2100046085_69b59b6645.jpg,a white dog is running in the water,two dogs drink water in a lake ||| two white dogs are drinking water out of a lake ||| two white dogs drink from the lake ||| two white dogs drinking out of a stream ||| two white dogs walk around in shallow water,0.3697850138740242,0.8806536346673965,0.625,0.0944911182523068,0.0529919916474163,0.0415350923720639,0.39453125,0.5,0.6659210920333862,0.23751905016269315,0.8390579156953542,0.601538865532661
3038760935_9a713510eb.jpg,a dog is playing in a yard,the two dogs are jumping ||| two brown and white dogs racing across a lawn ||| two brown and white dogs running across grass ||| two dogs run together across a grassy lawn ||| two small white and brown dogs bound in unison,0.0003484039721063,0.7572941482067108,0.2476793999286233,0.0598202582772634,0.0395878119063259,0.0340522339563737,0.189873417721519,0.2666666666666666,0.5492995977401733,0.09266078476178292,0.6726412293092384,0.5799804445474555
3324056835_84904fe2f8.jpg,a black dog is walking in the sand,a bunch of dogs on a beach ||| several dogs are running on the beach ||| six dogs running on the sandy beach ||| six dogs walking beside the beach ||| some dogs are running on a deserted beach,0.0751114331128724,0.8353982865810394,0.375,0.07319250547114,0.0446951767548284,0.0365555222854512,0.2419354838709677,0.4285714285714285,0.5406028628349304,0.15060746138272377,0.7294101605948267,0.5788026992121029
3591462960_86045906bd.jpg,a bull is being down a bull,a man is roping a bull in a rodeo while others in cowboy hats watch ||| a man is up in the air with one hand on a bull ||| a rodeo rider gets tossed up into the air by a black bull as fellow cowboys look on ||| man getting thrown in the air while bull riding ||| the man in black is flying off the full in front of a red fence,0.3445215445838878,0.8134448528289795,0.4294155960430205,0.2319109274839227,0.0931528388227035,0.0624253575667811,0.2545362903225807,0.4,0.645164966583252,0.19887601956907847,0.7735805713637527,0.5747045517946743
2590207488_ddd89037ba.jpg,a dog runs in the sand,a black and white dog is walking on a beach ||| a black and white dog looks back while walking on the beach ||| a black and white dog walks on a beach ||| a dog with black and white spots walks on the beach looking behind itself ||| black and white dog walking on beach and looking back,0.1449582822859601,0.7929545640945435,0.3032653298563167,0.191801835541645,0.0823188753864451,0.0579505347073395,0.1936026936026936,0.3333333333333333,0.5539568662643433,0.1455111633648965,0.70364068255111,0.5581295191862135
2926786902_815a99a154.jpg,a skier is snowboarding on the top of a mountain,a skier in a yellow jacket is airborne above the mountains ||| a skier jumps high in the air with a view of the mountains ||| a skiing man in a fluorescent jacket jumps very high and it looks as though he is flying ||| somone is high in the air doing a ski jump ||| the skier in the green jacket and white pants appears to almost fly into the sky,0.3419979518045104,0.8293808996677399,0.6,0.258198889747161,0.0941036028881028,0.0587394909469921,0.3911824668705401,0.4761904761904761,0.6918190121650696,0.2606714459136749,0.8136782149242164,0.5530067690105416
3710050559_f6f12760fe.jpg,a young boy is holding a tree in a grassy area,a baby boy cries while sitting in the grass at the park ||| a boy cries in the grass ||| a little boy crying on the grass ||| a little boy in shorts and sandals is sitting in the grass ||| a little boy wearing a hat and sandals sits on the grass,0.155997498881218,0.7773663103580475,0.415045780128301,0.0615612377332589,0.0337518011233433,0.0257383018097385,0.2307692307692307,0.3529411764705882,0.5490514636039734,0.14101449964911597,0.6884002725522311,0.5473857729031152
3237760601_5334f3f3b5.jpg,a snowboarder jumps over a ramp,a person wearing skis makes a jump over the snow ||| a skier ||| a skier is in the air ||| a skier takes to great heights on a snowcovered mountain slope ||| the man is skiing down a snowy hill,0.0350121389793688,0.8103440701961517,0.5,0.1,0.0629960524947436,0.053728496591177,0.3287760416666666,0.3749999999999999,0.5668515563011169,0.1819971151532802,0.7250125020980787,0.5430153869447985
537359971_6e28f5e66e.jpg,a woman in a red shirt and a pink shirt and a red shirt and a red shirt and a black shirt walks on the sidewalk,two woman wearing skirts walking down the street together ||| two women in skirts walking across a street ||| two women ion skirts walk across a parking lot ||| two women wearing skirts and carrying purses cross street in urban area ||| two women with purses walk in an urban location,0.0003518438165113,0.7187087833881378,0.1923076923076923,0.0277350098112614,0.0147439936554233,0.0108649915399171,0.1530612244897959,0.1714285714285714,0.4644177556037903,0.052269515034593594,0.5920877422174248,0.5398182271828311
2743709828_a795a75bfc.jpg,a dirt race race,dogs racing around a curve in the track ||| greyhound dogs are running towards camera on a track ||| several horses are running a race on a muddy track ||| two muzzled greyhounds vie for the lead ||| two racing dogs round a turn in a dog track,0.053980740573327,0.7352511584758759,0.2361832763705073,0.0609822597357119,0.0444513944967625,0.0451319218094826,0.1595744680851063,0.2857142857142857,0.5047670602798462,0.09352410880125984,0.6289536013963928,0.535429492595133
2115631346_9585a479b0.jpg,a dog runs in the snow,two brown dogs are running through the snow ||| two brown dogs run across a large snowy yard ||| two brown dogs running through the snow ||| two dogs race across a snowy field ||| two dogs run through a snowy field,0.4825533993012973,0.8189483731985092,0.423240862445307,0.2676810248362385,0.1148852453084363,0.0808764862779457,0.5434782608695652,0.6153846153846153,0.7247281670570374,0.2911123675996767,0.8247884433744641,0.5336760757747874
3169591322_d0b6d0cd04.jpg,a skateboarder jumps off a skateboard,a man performs a skateboard trick in a parking lot ||| a person on a skateboard during a high jump ||| a skateboarder is airborne in front of some low brick buildings ||| a skateboarder is flying through the air on a red skateboard ||| a skateboarding soaring through the air in front of a blue building,0.6960268733188661,0.7884752005338669,0.4043537731417556,0.3132110858708302,0.1141534406821134,0.0740541890772777,0.3005952380952381,0.4705882352941177,0.6733275055885315,0.24124225670808555,0.770376795476472,0.5291345387683865
3559781965_d4ec00e506.jpg,a brown dog is running through a grassy field,a big tan dog wearing a muzzle running in green grass ||| a brown dog wears a blue muzzle as it runs in the grass ||| a brown dog with a blue muzzle is running on green grass ||| a brown greyhound is wearing a blue muzzle and blue collar ||| the brown dog with the blue muzzle is in the field,0.5591425363576747,0.8448559045791626,0.622795757824184,0.4324476229850308,0.2776001530533078,0.1299868717239722,0.4807692307692308,0.4761904761904762,0.7732703685760498,0.34682866005975593,0.8738992213094483,0.5270705612496924
483841513_e660391880.jpg,a boy jumps into a trampoline,a girl does a handstand on a trampoline ||| a girl doing a handstand on a trampoline ||| a girl doing a handstand on a trampoline ||| a girl is doing a trick on her trampoline ||| a little girl does a handstand on a trampoline,1.761362576343235,0.7976658642292023,0.3582656552868946,0.2265870956238665,0.0972482606131665,0.0684604676076475,0.3276353276353276,0.4285714285714285,0.6734919548034668,0.2513984671888598,0.7777562885772366,0.5263578213883768
2303016989_0deb96c8d9.jpg,a dog runs in the grass,a black and white dog is catching a red and green object in his mouth ||| a black and white dog is running through the field to catch something in its mouth ||| a dog catching a flexable frisbee in its mouth ||| a small black and white dog jumps with an object in its mouth ||| the black and white dog leaps to catch a toy,0.1146585370653129,0.7387443631887436,0.4043537731417556,0.2214736827620661,0.0906036459122881,0.0622719021296036,0.1724137931034482,0.4,0.5985285639762878,0.1730624518276111,0.6869284781446616,0.5138660263170505
3395173129_f0ac0a1ed4.jpg,a man in a red jacket and a black jacket and a black jacket and a man in a blue jacket and a blue jacket and a man in a blue jacket and a blue jacket,the man on the left is looking at the woman and the man ||| the two men and one woman wearing jackets are standing in front of a white and blue building ||| three people are standing in front of an arcade ||| three people in coats stand in front of a blue building ||| three people wearing mostly black are standing in front of a blue door,0.0001806173248809,0.6999129056930542,0.25,0.0845154254728516,0.0275929213106358,0.0158843620329386,0.2337962962962962,0.2222222222222222,0.5124878287315369,0.09198946605959181,0.6054976302342907,0.5135081641746989
3461437556_cc5e97f3ac.jpg,a black dog is jumping through the grass,dogs on grass ||| three dogs are running on the grass ||| three dogs one white and two brown are running together on a field of grass ||| three dogs run along a grassy yard ||| three dogs run together in the grass,0.4801433465759376,0.8017096668481827,0.375,0.2314550249431378,0.0962928392777089,0.0650059326034369,0.3599374021909233,0.3999999999999999,0.5733137726783752,0.21196459423679267,0.7219755760524039,0.5100109818156112
241346709_23204cc2bc.jpg,a football player in a red uniform and white and white and white and white and white and white and white and white and white and white players in the field,a football player clutches the ball while running down the field ||| a football player running with the ball ||| a football player running with the ball at a game ||| a football player wearing a gold helmet runs holding a football ||| an american footballer in a white strip is making a run with the ball,0.0018318600556853,0.6838802248239517,0.2580645161290322,0.1854955583040673,0.105865960944095,0.0453709371805858,0.3685950413223141,0.238095238095238,0.619387686252594,0.14638685511159225,0.6557361066181335,0.5093492515065413
3412450683_7da035f2de.jpg,a bird flying over water,a bird lands in the water ||| a blue longlegged wading bird prepares to land in water ||| a large bird has its wings spread above a body of water ||| a pelican diving towards the water with feet out ||| there is an aquatic bird in flight about to land on the water,0.6701848480323522,0.7911694049835205,0.4912384518467891,0.3170930571698881,0.1400009894567847,0.1029499418829739,0.4331450094161957,0.5454545454545454,0.7231743335723877,0.293819421880131,0.8018615406416615,0.5080421187615305
539705321_99406e5820.jpg,a soccer player in a red uniform is playing soccer soccer ball,a kid in red falls as he struggles with a kid in white to get to a soccer ball ||| children chasing the ball in a soccer game ||| little boys running and chasing a soccer ball ||| the boy with the red soccer suit is falling down while the boy in the white shirt has his eyes on the ball ||| two teams of children one in red and the other in white are playing soccer,0.5211113837819339,0.842847004532814,0.5192005220476033,0.3834549982565244,0.1046208863912745,0.0561060589828393,0.3757440476190476,0.3225806451612903,0.5591437816619873,0.24733004845729178,0.7462294228374464,0.49889937438015464
494221578_027f51cdf4.jpg,a little girl in a red shirt is playing down a tire slide,a girl in a pink jacket is going headfirst down a red slide ||| a girl slides on a red slide ||| a small girl sliding headfirst down a shiny red slide ||| a toddler in a pink coat is laying front down on a red slide ||| girl in pink coat is sliding down a red slide on her stomach,0.9946261235673136,0.9142459183931352,0.6923076923076923,0.4803844614152613,0.2758005147606801,0.1203500581119844,0.5897435897435898,0.6153846153846154,0.7350875735282898,0.41539017104195725,0.9064016742376314,0.49101150319567416
1490670858_e122df2560.jpg,a boy in a red shirt is sitting on a slide,a child on a red slide ||| a little boy sits on a slide on the playground ||| a little boy slides down a bright red corkscrew slide ||| a little boy slides down a red slide ||| a young boy wearing a blue outfit sliding down a red slide,1.6404603616565403,0.8921931684017181,0.6363636363636364,0.4369314487526514,0.2768182380588132,0.1276067148780707,0.5723076923076923,0.5714285714285713,0.7560184001922607,0.4137432919470356,0.9012512069442584,0.48750791499722285
503717911_fc43cb3cf9.jpg,a dog jumps in the air,a dog is catching a frisbee i its mouth ||| a white dog catches a red disc in his mouth ||| a white dog leaps up to grab a pink frisbee ||| a yellow dog catches a frisbee in midair ||| a yellow dog catches a red frisbee,0.1582248562156224,0.8309511095285416,0.423240862445307,0.2676810248362385,0.1148852453084363,0.0808764862779457,0.2662037037037037,0.4285714285714285,0.4900880753993988,0.20895974814195054,0.6961430679226428,0.4871833197806923
211981411_e88b8043c2.jpg,a jeep sinking in the water,a hummer is driving through a mud puddle several feet deep ||| an old dusty car is half way in the brown water ||| an old jeep partially submerged in water ||| dirty car in body of water ||| the dirty vehicle is caught in a flood,0.2109987697682694,0.805651843547821,0.8333333333333334,0.408248290463863,0.1609148974342716,0.1085592604054384,0.2433862433862433,0.4615384615384615,0.6834049224853516,0.30525841561645534,0.7899211294408708,0.48466271382441545
3349309109_4024a09a17.jpg,a group of people ride a camel,a boy and a girl ride on two seperate camels ||| two females ride camels backs ||| two girls ride camels ||| two kids are riding camels nearby rural structures overlooked by mountains ||| two kids on camel back in desert,0.5117296926590158,0.7565396279096603,0.5714285714285714,0.0975900072948533,0.0575369582664788,0.04671379777282,0.2325581395348837,0.3636363636363636,0.5517064929008484,0.1900232302247366,0.6734605310859729,0.4834373008612363
3372214646_cc2ceb182f.jpg,two dogs racing around a race,a group of greyhounds race on a track ||| a kangaroo wearing a yellow and black striped vest with the number eight on it is hopping ||| many dogs race around the track ||| muzzled greyhounds are racing along a dog track ||| race dogs run their fastest down a sandy track,0.6242153177682799,0.7733333110809326,0.8333333333333334,0.1290994448735805,0.074690079109286,0.0610473583580784,0.3627873563218391,0.5,0.6847114562988281,0.2835207742529423,0.7650812713727431,0.48156049711980076
262681159_e5fed3acf0.jpg,a woman in a red shirt is sitting in front of a crowd of a crowd,a blonde girl in a red shirt holding her necklace ||| a girl plays with her necklace at night ||| a girl wearing a red shirt is pulling on the necklace she is wearing ||| girl in red shirt holding her necklace in a large crowd ||| the young lady with the red shirt is in front of the crowd,0.7357485574016598,0.8382374048233032,0.625,0.5,0.4149132666831217,0.3237722713145643,0.4772134417676845,0.4827586206896552,0.8091245293617249,0.41089989084389555,0.8897657000395874,0.4788658091956919
3361411074_83f27d2a1c.jpg,a dog jumps over a hill,a brown and white dog is running up a grassy hill ||| a dog is running up a grassy hill ||| a dog on a grassy hill ||| a dog running uphill ||| a white and brown dog is running up a grassy hill,0.935175117957882,0.8762197196483612,0.6666666666666666,0.3651483716701107,0.1493801582185721,0.102669009608034,0.5260416666666666,0.6666666666666666,0.6875832080841064,0.37043742394954293,0.8482991651947338,0.4778617412451909
3119076670_64b5340530.jpg,a skateboarder jumps over a ramp,a snowboarder flies in the air ||| a snowboarder is performing a stunt in mostly dark ||| snowboarder in the air performing a stunt ||| there is a snowboarder doing tricks in a half pipe ||| the snowboarder gets serious air,6.558815707111409e-06,0.7302065193653107,0.3333333333333333,0.0816496580927726,0.0550321208149104,0.0485491771707323,0.1149425287356322,0.2666666666666666,0.4240550696849823,0.10163919523802727,0.5774329372841216,0.4757937420460943
537479916_c033897fac.jpg,a black dog is jumping over a black dog in a black and black and black dog,a black dog finishes running down a blue and orange ramp ||| a black dog has just run down a blue and red ramp on an obstacle course ||| a dog and person doing an agility course ||| a dog runs dog a ramp ||| a dog runs down a ramp past its trainer,0.1158956305980916,0.841936469078064,0.3529411764705882,0.2100420126042014,0.1432760811583181,0.0677014954424276,0.3206896551724137,0.3571428571428571,0.4167210459709167,0.18793834133025653,0.6616492661870297,0.47371092485677313
3618932839_acd7d2c2ea.jpg,a black dog jumps over a black dog in a black and white and white and black and black dog,a black and white dog jumping over a hurdle ||| a dog jumps over a hurdle while a person runs beside it ||| a dog leaps over a hurdle followed by its trainer ||| a woman in blue running next to a black and white dog as it jumps over an obstacle ||| the dog attempts to leap over the post,0.3402940687498128,0.8425883948802948,0.5,0.3973597071195131,0.3273796750780409,0.2534743707366162,0.5267636138613861,0.4137931034482758,0.6686681509017944,0.33812811647873603,0.8105125597739666,0.4723844432952306
3616808182_fb4eaec778.jpg,a man in a red shirt is standing on a hill,a biker in protective gear is riding through a countryside with cliffs ||| cyclist biking down a steep path ||| extreme downhill mountain biking ||| the biker is riding down a grassy mountainside ||| the man with the full face mask is riding down a grassy hill,0.1407350602873274,0.7676561176776886,0.4980549361539613,0.0674369571488882,0.035866640689068,0.0269386111023518,0.1680672268907563,0.3478260869565217,0.4366625845432281,0.14402382395878036,0.6145312484700902,0.4705074245113099
2738255684_0324ed062d.jpg,a greyhound and a horse are racing on a dirt road,a group of greyhound dogs runs around a dirt track ||| greyhounds race on a sandy track with the dog in green taking the lead ||| race dogs run around a curve ||| the horses are racing along the dirt track ||| three muzzled greyhounds race around a turn in a track,0.4422115123340124,0.8279675245285034,0.6363636363636364,0.4369314487526514,0.1284876442714151,0.0717585291477213,0.5831325301204818,0.4210526315789474,0.6551958918571472,0.3227901500746883,0.7909945289593446,0.4682043788846563
3582685410_05315a15b8.jpg,a man in a blue shirt is jumping off a rock,two woman climbing rocks around the ocean ||| two women are climbing over rocks near to the ocean ||| two women climb on top of rocks in front of the ocean ||| two women in bathing suit on large rocks at the ocean ||| two women in bathing suits climb rock piles by the ocean,0.0852029639467885,0.6683164089918137,0.1818181818181818,0.042640143271122,0.0272352646881081,0.0224169335019223,0.0909090909090909,0.1818181818181818,0.4041075408458709,0.05127169949531698,0.5166462010694617,0.4653745015741447
390992388_d74daee638.jpg,a person in a red jacket is skiing down a mountain,a girl treks through the snow with her backpack on ||| a hiker is climbing up a snowy mountain ||| a hiker using hiking poles on a snowy mountain ||| someone hikes through a snowy mountain range ||| the woman is hiking up a snowy hill,0.2166569619982166,0.7438797503709793,0.3636363636363636,0.0603022689155527,0.0343142832800059,0.0266583768170288,0.2409638554216867,0.4210526315789474,0.4639979600906372,0.1474812782322213,0.6117859947667872,0.4643047165345659
2244024374_54d7e88c2b.jpg,a brown dog is running in the grass,a brown and a black and brown dog are playing in the water and the black one is carrying a long stick in its mouth ||| a dog runs through the water with a stick while another dog stands there ||| two dogs are running through a wet grassy area and one is carrying a long stick ||| two dogs fight over a stick in a flooded field ||| two dogs playing in a flooded field with a stick,0.067819220706716,0.7780063152313232,0.6814506851874793,0.4769161324512282,0.1434563308000427,0.0823481567964712,0.3220663265306122,0.3636363636363636,0.6392753720283508,0.2779217810017066,0.7420313392702318,0.4641095582685252
3128164023_ebe8da4c32.jpg,a dog is running in the water,dogs chase each other ||| two brown and white dogs wrestle while running across the wet sand ||| two dogs identical white with brown spots wrestle on jet black sand ||| two white and brown dogs playing on a beach ||| two white dogs with brown markings playing,0.0506276854757965,0.7086847722530365,0.4285714285714285,0.0845154254728516,0.052275795857471,0.0434720871944991,0.1704545454545454,0.3157894736842105,0.4820278882980346,0.1331132272628484,0.594513597821174,0.46140037055832556
3204354161_caf89ec784.jpg,a man in a red helmet is performing a bike trick on a ramp,a dirt biker performs a trick in midair ||| a driver gets high in the air with his motorbike ||| a motocross racer does a trick in midair ||| man performing stunts with his motorcycle ||| the man is hanging off the back of the motocross bike as it is jumping through the air,0.1848300816317935,0.7389181852340698,0.5714285714285714,0.0662993544131795,0.033210783207389,0.0240221108643915,0.2906976744186046,0.3636363636363636,0.5039933919906616,0.17674524062907743,0.6314038100797816,0.4546585694507042
3157847991_463e006a28.jpg,a man in a black jacket and a black jacket and a black jacket and a black jacket and a black jacket and a black jacket and a black and black dog on a bench,these men are smoking outside a grey building ||| two men are standing by a railing while posing for a picture ||| two men in black jackets behind a white handrail ||| two men smoking behind a railing ||| two men smoking while standing by a rail in front of a building,6.182460875934576e-07,0.6953264772891998,0.1142857142857142,0.0183339699405642,0.010061584140428,0.0075112510535101,0.1724137931034482,0.1818181818181818,0.3332843482494354,0.04252814540416019,0.4963481631571576,0.4538200177529974
1110208841_5bb6806afe.jpg,a woman is jumping over a brown dog in a field,a black and white border collie catches a frisbee in front of an audience ||| a brown and white dog catches a frisbee in it mouth in front of a group of people ||| a brown and white dug jumping up to catch a frisbee while an audience watches ||| a dog jumps to catch a frisbee while many people watch ||| an agile dog catches a frisbee while a crowd of onlookers watches closely,0.1421006015188047,0.8008751273155212,0.6363636363636364,0.2522624895547565,0.0890883567703394,0.0545246911963086,0.216181506849315,0.3448275862068966,0.4707626402378082,0.21018403822325352,0.6609320785251482,0.45074804030189475
3145967019_1a83ebf712.jpg,a man in a black shirt and a woman and a woman and a woman in a black shirt and a woman and a woman in a black shirt and a woman in a black shirt and,three smiling women one with a shoulder bag one with a blue cup and one using sign language are posing for a picture ||| three women are drinking and hugging ||| three women are posing for a picture ||| three women are posing together and smiling while one holds up a hand signal ||| three women pose for a picture together,4.044558269537022e-05,0.6506969034671783,0.1081081081081081,0.0173291748303345,0.0095023110093323,0.0070876489890461,0.081967213114754,0.1333333333333333,0.3476020097732544,0.019964728244733325,0.4694140233360733,0.44944929509133996
2894217628_f1a4153dca.jpg,a football player in a white uniform is trying to throw a ball,a holder and kicker for a football team dressed in orange white and black play while onlookers behind them watch ||| a kicker launches the football forward while the holder checks his fingers ||| the football player wearing a white helmet and orange chairs swing his leg while the player next to him kneels ||| two football player are in the kick off position in front of a crowd ||| two young men on the same football team are wearing orange and white uniforms and playing on an outside field while coaches and other players watch,0.3914018913594935,0.7702291011810303,0.5384615384615384,0.3668996928526714,0.1069631055661771,0.0591460168684858,0.2270683453237409,0.303030303030303,0.5209380388259888,0.21862140713541736,0.6661915481666794,0.447570141031262
854333409_38bc1da9dc.jpg,a black dog runs in the grass,the dog on the right has a red object in his mouth and the other dog has biting it ||| two black dogs playing with orange object run across grass ||| two black dogs play with a toy ||| two black labs run one carrying an orange dog toy ||| two dark dogs run together and one holds something in its mouth,0.2038594370083329,0.7772979885339737,0.8571428571428571,0.1195228609334393,0.0658633756008349,0.051697315395717,0.5357142857142857,0.4705882352941176,0.6337326765060425,0.2909186854843001,0.7382065177825947,0.4472878322982946
2832453252_a06f7826a8.jpg,a woman in a blue shirt is jumping into a lake,four children are playing in some water ||| four young girls playing in the water ||| kids play in water ||| little girls play in the water ||| young girls in bathing suits playing in the knee deep water beyond the blue railing,0.0193030714700295,0.685737282037735,0.1818181818181818,0.042640143271122,0.0272352646881081,0.0224169335019223,0.1063829787234042,0.1538461538461538,0.3418104946613312,0.0470750724525566,0.493769905819494,0.4466948333669374
3351111378_b5d80783a1.jpg,a boy in a blue suit is riding a wave in the water,a boy on a black surfboard riding the wave on his stomach ||| a child in a red shirt is using a black wakeboard to splash over a beach wave ||| a kid with read hair boy boarding in the ocean ||| a young boy with a red shirt surfing on a black surfboard ||| a young child wearing a red tshirt rides a surfboard over a wave,0.5877391313350769,0.836295485496521,0.6923076923076923,0.4803844614152613,0.1280152589617829,0.0676778111654288,0.3064320388349515,0.4000000000000001,0.5583718419075012,0.29627066654692735,0.7405834921356902,0.44431282558876284
3203878596_cbb307ce3b.jpg,a brown dog is running in the snow,two brown dogs are playing with each other in the snow ||| two brown dogs chase each other in the snow ||| two brown dogs play in the snow ||| two dogs playing in the snow ||| two dogs playing or fighting in the snow,1.4693964154542618,0.8361262083053589,0.5,0.3779644730092272,0.287684791332394,0.1477219991186121,0.8294209702660407,0.6666666666666666,0.7976447939872742,0.43742843166348405,0.8813335120155639,0.4439050803520798
2978735290_7464b12270.jpg,a boy in a red shirt is playing with a man in a red shirt,a boy jumps on another boy ||| a boy makes a jumping dive toward another boy with a soccer ball near ||| a little boy in the air above another boy on the ground where a soccer ball lies at his feet with the soccer net behind them ||| the boy jumps onto his soccer player brother ||| two children are playing one is jumping in the air,0.1727358910880904,0.8179899305105209,0.5333333333333333,0.3380617018914066,0.0957964756208588,0.0520255688080758,0.1773049645390071,0.3448275862068965,0.419103741645813,0.20273973796112585,0.6440770060817815,0.44133726812065566
2314722788_6262c3aa40.jpg,a brown dog is running in the grass,a black and brown dog are starring at each other ||| a dark brown dog and a light brown dog in a field stare at each other ||| two dogs are facing each other in a grassy field ||| two dogs are looking at each other ||| two dogs confront each other in the middle of a field,0.1831875332266455,0.7574494183063507,0.625,0.4225771273642582,0.143842395666197,0.0878360261971396,0.2949766355140187,0.3333333333333333,0.5906244516372681,0.25734795033236063,0.6970963805890973,0.43974843025673666
3576536763_3c8c4f232e.jpg,a young girl in a pink shirt is walking on the beach,a girl dressed in a pink sweatshirt and pink and white striped skirt plays in the waves at the beach ||| a girl dressed in pink and white runs along the beach ||| a girl dressed in pink runs from the ocean to the beach ||| a girl in pink runs away from a wave coming onto the shore ||| a girl is walking next to the small waves that crash in the ocean,0.8937180896792283,0.8279652148485184,0.75,0.5838742081211423,0.324249658624014,0.1395079696792913,0.5157198014340871,0.5217391304347826,0.7709197402000427,0.4195628841794923,0.8591310170597513,0.439568132880259
3120648767_812c72eabe.jpg,a biker rides his bike on a dirt bike,a dirt biker in the desert ||| a man does a jump in the desert on a motorcycle ||| a man is doing a motocross jump into the air ||| a man is riding his dirt bike through the air in the desert ||| a motorcycle rider wearing black and silver does a wheelie on a sandy terrain,0.4115951802605178,0.8025068044662476,0.6959861353000654,0.4832684649178643,0.143992976885338,0.0816872798602903,0.4056437389770723,0.4545454545454546,0.6347395777702332,0.31934223687049634,0.7587748022681331,0.43943256539763675
241346508_0b3907a95b.jpg,a football player in a red uniform is trying to catch a ball,a group of football players running down the field ||| the crowd is watching a football game ||| the football players in red are attempting a play against those in purple white and gold ||| the man in red has the football and the team in white is nearby ||| three oklahoma sooners playing football against another team one of the sooners with the ball in their possession,0.4980372781001106,0.7339109480381012,0.4273666516810689,0.181595908031715,0.0652335060966853,0.0400406596709022,0.415296052631579,0.3448275862068966,0.532593846321106,0.20500833608983024,0.6442760606832543,0.439267724593424
2224995194_518859d97d.jpg,a man is climbing up a rock,the rock climbers are on their equipment in front of a cave ||| two people hang from safety ropes over a giant cliff ||| two people hanging on a rope over a cliff ||| two people lower themselves into a cave with long ropes ||| two people repel down into a hole,0.0708802033393102,0.6697051227092743,0.4285714285714285,0.0845154254728516,0.052275795857471,0.0434720871944991,0.1136363636363636,0.25,0.4648524820804596,0.11485913803084812,0.5535132977891613,0.4386541597583131
1229756013_94663527d7.jpg,a brown dog is running in the grass,a brown dog jumping in the air on a brown plain ||| a brown dog jumping into the air to catch a ball ||| a brown dog leaping to catch a ball ||| a coppery dog leaps to catch a ball ||| a dog leaps into the air in a grassy field surrounded by trees,0.6678539720807479,0.8433737605810165,0.625,0.5175491695067657,0.3547458529925959,0.1728603923209705,0.416822429906542,0.5263157894736842,0.6771717667579651,0.37843710319601975,0.8161418196984513,0.4377047165024316
2860400846_2c1026a573.jpg,a dog jumps to catch a ball in its mouth,a tan and white dog jumping after a red frisbee ||| a white dog is running towards the red frisbee on the grass ||| a white dog jumps above a red frisbee that is rolling along the surface of a low cut field ||| a white dog wearing a red collar jumps up after a red frisbee ||| the dog jumps in the air running after the frisbee,0.2552012609188885,0.7486623525619507,0.5,0.2357022603955158,0.0885548807652176,0.0561222232430572,0.315625,0.4000000000000001,0.5236136317253113,0.21485741820057583,0.6506774874792631,0.4358200692786873
2665904080_8a3b9639d5.jpg,a brown dog is licking a brown dog in its mouth,a brown dog nursing ||| a dog breastfeeding ||| a mother dog giving her puppy some milk ||| a puppy is nursing from its mother ||| a young puppy suckles from his mother,0.1072988695307428,0.7652785629034042,0.4545454545454545,0.3015113445777636,0.216166439082676,0.1060031337951259,0.6264775413711584,0.3999999999999999,0.6211638450622559,0.28549210389016366,0.7212818061252406,0.43578970223507696
2518508760_68d8df7365.jpg,a brown dog is running around a track,a dog in a yellow jersey is running a race ||| a dog participating in a race while wearing the number ||| a greyhound wearing a muzzle and the number six on a yellow jacket is running on a dog track ||| a muzzled race dog running ||| a race dog is running for first,0.3447546293065515,0.830475240945816,0.75,0.4629100498862757,0.3293168780041747,0.1634812655665548,0.5281690140845071,0.5555555555555556,0.7174122929573059,0.3952080777672067,0.8296147184368885,0.4344066406696818
2431120202_b24fe2333a.jpg,a man in a red jacket is skiing down a snowy hill,a girl crosscountry skis ||| a girl on skis in snow ||| a little girl wearing a purple winter coat and sunglasses skiing in the snow ||| little girl on skis ||| the young girl is crosscountry skiing,0.2062698758749662,0.6370050460100174,0.3527007187044225,0.0520973488017715,0.0284282162707941,0.0215603584683474,0.2272727272727272,0.25,0.5000385046005249,0.11392372956595201,0.5483193817862468,0.43439565222029486
3035949542_cb249790f5.jpg,a soccer player in a red uniform is playing soccer in the field,the legs of two athletes playing soccer on a field ||| the lower halves of two kids playing soccer ||| two guys in soccer attire chasing a soccer ball ||| two people play soccer while three people watch ||| two soccer players chasing a ball in the grass,0.7021238126666768,0.802280455827713,0.5384615384615384,0.3668996928526714,0.1069631055661771,0.0591460168684858,0.3957446808510638,0.4545454545454546,0.5556102395057678,0.27827249820335037,0.7120040100679044,0.433731511864554
3688839836_ba5e4c24fc.jpg,a man in a red shirt and a red shirt and a red shirt and a red shirt and a red shirt and a woman in a red shirt and a red shirt,a woman is holding out a peace sign during a parade ||| a woman wearing a red scarf raises her hand as she walks in a parade ||| people in orange shirts marching down street with unified in pride sign ||| the woman in the red shirt is holding up a peace sign with her fingers with a red banner behind her ||| the woman is flashing a peace sign,0.0076256874807544,0.642729252576828,0.2727272727272727,0.2064307059611926,0.0516094186766537,0.0260175508328964,0.2578599007170435,0.2222222222222222,0.4969728887081146,0.1218863223230139,0.551050194963888,0.4291638726408741
3083016677_5782bc337c.jpg,a man in a red shirt is riding a motorcycle on a motorcycle,motorcyclists near the beach ||| there are two motorcycles with a man and a woman on it ||| two guys with helmets are on motorcycles each with a woman riding behind him ||| two motorcycles and four riders are on the road ||| two motorcycles with two riders each,0.047698490646073,0.6811237335205078,0.3846153846153846,0.1790287185098582,0.0662955289840255,0.0413155159110629,0.2066115702479338,0.32,0.4889091849327087,0.1479243802009704,0.5767259951122701,0.42880161491129964
2800004913_c8394ba332.jpg,a man surfs into the water,a girl plays in the surf at the beach ||| a kid in an ocean rides a wave ||| a little girl is jumping into a breaking wave on the beach ||| a young man playing in a wave at the beach ||| this boy is spreading his arms while playing in the water,0.0826816914708169,0.7354237139225006,0.5971094254781577,0.2925226826055808,0.1153005623494255,0.07778610913323,0.1785714285714285,0.4,0.5338600873947144,0.21811486465619462,0.6462203376430385,0.4281054729868439
1028205764_7e8df9a2ea.jpg,a man in a yellow shirt is riding a boat on a lake,a man and a baby are in a yellow kayak on water ||| a man and a little boy in blue life jackets are rowing a yellow canoe ||| a man and child kayak through gentle waters ||| a man and young boy ride in a yellow kayak ||| man and child in yellow kayak,0.368645693963015,0.755997970700264,0.5384615384615384,0.3668996928526714,0.2304450251853144,0.1051781439830431,0.2912621359223301,0.48,0.6083539128303528,0.27967086669571484,0.7063853807202192,0.42671451402450433
3578068665_87bdacef6a.jpg,a race car in a red race,a white car and a yellow car race down the track ||| a white race car racing a yellow car ||| a yellow and white car driving on a track next to each other while spectators and cars can be seen in the background ||| two cars race down a track ||| two race cars on a road in front of a grassy parking area,0.667613660270528,0.766310840845108,0.7142857142857143,0.3450327796711771,0.1335314515048662,0.0878360261971396,0.3164556962025316,0.5333333333333333,0.6432964205741882,0.30869373403545275,0.735131464013332,0.4264377299778792
3613705104_46d854134e.jpg,a skateboarder is jumping over a ramp,a boy skateboards off a ramp covered in graffiti ||| a male skateboarder is skating in a vandalized skate park ||| a man does a jump on a skateboard surrounded by graffiti ||| a man does a skating trick off of graffitifilled stairs ||| a skateboarder skates down stairs covered in graffiti,0.5146228932935534,0.7930536568164825,0.6191984998215584,0.5180586332905649,0.1669482685480842,0.1002099682208032,0.3586647727272727,0.5,0.6286739706993103,0.32210633100925873,0.7477127096777592,0.42560637866850043
12830823_87d2654e31.jpg,a boy jumps into a pool,children sit and watch the fish moving in the pond ||| people stare at the orange fish ||| several people are standing near a fish pond ||| some children watching fish in a pool ||| there are several people and children looking into water with a blue tiled floor and goldfish,0.1999996411388937,0.7951956242322922,0.5,0.316227766016838,0.1357208808297453,0.0955442792204366,0.2717391304347826,0.3076923076923076,0.4398610591888428,0.2160373767592372,0.638236768587233,0.4221993918279958
2156726763_034ecd2e39.jpg,a child in a red shirt is walking in the grass,a girl in a pink jacket and red hat walking near grass ||| a girl wearing a pink coat and red hat walks down a gravel path ||| a little girl in a pink coat is walking down a dirt road ||| a little girl in a pink jacket is walking ||| a young girl in a pink jacket walking down a gravel path in a wooded area,0.5569783631293053,0.7375244796276093,0.6640732482052818,0.3482429492753964,0.1071552892180332,0.061216343280457,0.4043478260869566,0.5217391304347826,0.6627784371376038,0.30185716873871654,0.7237922345568952,0.4219350658181787
3401647850_685c03ffff.jpg,a brown dog is running through the water,a big brown dog is shaking off while in the water ||| a brown dog is in the water shaking its head ||| a dog that is down in water is shaking off ||| a large brown dog begins to shake while standing in the water ||| the large dog wading in the water and shaking,0.9186734612287384,0.9041482210159302,0.6618726769384466,0.5777298366654254,0.461332279243628,0.3628241434631103,0.600907029478458,0.6666666666666665,0.7641795873641968,0.49363121314236497,0.915529684160252,0.4218984710178871
3525403875_7f95e0cbfe.jpg,a dog runs in the grass,one white dog is running with a tennis ball in his mouth while another dog jogs along ||| the two dogs one with a tennis ball in its mouth are running through tall grass ||| two dogs one holding a ball ||| two dogs playing with a ball ||| two dogs walking through grass with the white one carrying a yellow ball in mouth,0.058797117897411,0.7167825102806091,0.8333333333333334,0.1290994448735805,0.074690079109286,0.0610473583580784,0.4259259259259259,0.2727272727272727,0.5829865336418152,0.23889743325783583,0.6603747826540897,0.4214773493962538
3155987659_b9ea318dd3.jpg,a dog is jumping in a grassy lawn,a black and white dog is catching a frisbee in the yard ||| a black and white dog is trying to catch a frisbee in the air ||| a dog jumps to catch a red frisbee in the yard ||| dog is jumping up on a very green lawn to catch a frisbee ||| the black and white dog tries to catch a red frisbee on green grass,0.3189589430808072,0.7325391471385956,0.6013781189421007,0.4208770096808336,0.2727509310398136,0.1292311093833223,0.4088888888888888,0.4761904761904762,0.7009490132331848,0.32220127791307107,0.7423167397303075,0.42011546181723647
2203286182_b453e9d176.jpg,a black dog runs in the grass,a black dog about to catch a flying disc ||| a black dog is attempting to catch a thrown object that is red ||| a black dog is chasing after a red frisbee ||| a fast black and white dog is running to catch a red frisbee ||| black dog chasing an orange frisbee,0.528801788053187,0.8383632451295853,0.4285714285714285,0.3779644730092272,0.3057107087328799,0.1634812655665548,0.3073770491803279,0.4,0.4847139120101928,0.27916655086040093,0.6988521179168152,0.4196855670564143
3340575518_137ce2695f.jpg,a man in a red shirt is standing on a hill with a large mountain,a few people sitting at the bottom of a grassy hill ||| a group of people rest near a hill and cliff ||| a group of people sitting on the side of a huge grassy mountain ||| a group of people sitting on top of a hillside ||| the green hilly countryside is where the people are gathered to sit down,0.2945435521320617,0.713866800069809,0.4,0.1690308509457033,0.0603479980702305,0.0367876324992777,0.1515151515151515,0.2857142857142857,0.4185643792152405,0.14173600223847907,0.561252449288889,0.4195164470504099
2628331789_c7f7d90e5d.jpg,a boy in a swimming pool and swimming pool,a little girl jumps into the arms of her mother standing in a pool ||| a woman catches a young boy jumping into the pool ||| a young child is jumping into the arms of a woman wearing a black swimming suit while in a pool ||| the lady catches the toddler in the pool ||| while others watch a young girl jumps into a pool as a woman reaches for her,0.2856303909108671,0.7322734594345093,0.6666666666666666,0.2886751345948128,0.1059839832948326,0.0667409471904148,0.2337962962962962,0.3478260869565217,0.5470884442329407,0.23212777400616907,0.6515129515122157,0.4193851775060466
2848266893_9693c66275.jpg,a man in a white shirt is holding a white bag on a sidewalk,a man in a white suit walks down the street holding a newspaper ||| a man in a white suit walks outside carrying a newspaper ||| a man wearing a white suit holding a newspaper walking through the streets ||| the man holding a newspaper is wearing a white suit black shirt and black shoes ||| the man is wearing a white suit and walking on the street,0.5384234780200186,0.8365558087825775,0.7142857142857143,0.5241424183609592,0.4095241727201729,0.3342866121562731,0.4523107177974435,0.5185185185185186,0.7301081418991089,0.4238595655875122,0.8419082779838302,0.41804871239631797
3341084434_db5e7d1fdc.jpg,a snowboarder in a red jacket is snowboarding,a downhill slalom skier leaning through a turn ||| a person skiing down a snowy hill ||| a person wearing blue white and red gear skiing down a steep slope ||| a skier making a sharp turn on a slope ||| the skier is sliding on his side as he attempts the slalom,0.0128525662043916,0.6847292929887772,0.5,0.0845154254728516,0.0491934073403098,0.0392814650900513,0.1408450704225352,0.2666666666666666,0.4329648911952972,0.1294218938886487,0.5466429774781694,0.4172210835895207
2857609295_16aaa85293.jpg,a dog is running in a field,a dog catching a frisbee with onlookers in the background ||| a dog jumping to catch a frisbee while people watch ||| a jack russel terrier catching a frisbee in midair ||| a small brown and white dog catching a frisbee at a competition ||| dog catching a frisbee on a field in front of an audience,0.2495669077639201,0.7432147115468979,0.5367694950537757,0.3666833725656688,0.1264278533680862,0.0784957314643812,0.3253865979381443,0.3529411764705882,0.5442572832107544,0.24198106910437184,0.6585157893782998,0.41653472027392796
2991771557_d98fa0a69f.jpg,a skateboarder jumps off a ramp,a man with a skateboard performs a trick ||| a snowboarder does a trick on a railing ||| a snowboarder grinding down a side rail ||| a snowboarder is beginning his run ||| a snowboarder wearing a green hat is riding along a metal railing,1.7584502449257445e-05,0.6780266016721725,0.3333333333333333,0.0816496580927726,0.0550321208149104,0.0485491771707323,0.3276353276353276,0.4285714285714285,0.491303950548172,0.1593117742408779,0.5756818738575313,0.41637009961665344
2677656448_6b7e7702af.jpg,a dog is jumping into the water,a brown and white dog swimming towards some in the pool ||| a dog in a swimming pool swims toward sombody we cannot see ||| a dog swims in a pool near a person ||| small dog is paddling through the water in a pool ||| the small brown and white dog is in the pool,0.2996680739511859,0.7917565107345581,0.5367694950537757,0.4490935799743743,0.1447237644058925,0.0868698067852823,0.4597938144329897,0.4705882352941176,0.5732920169830322,0.29824277913893843,0.7140759034306131,0.4158331242916747
3248352729_ab264b2222.jpg,a person in a red jacket is snowboarding down a hill,a person riding a snowboard with a pink bottom ||| a snowboarder is jumping over a snowy hill ||| a snowboarder jumps across a snowy hill ||| a snowboarder with a pink board jumping down a snow covered hill near trees ||| snowboarder on a pink board flying through the air,0.2916678142185769,0.7589234411716461,0.6363636363636364,0.3567530340063378,0.1122442959954951,0.0648411507139764,0.4043478260869566,0.5,0.5984253287315369,0.2879643747440564,0.702857557911619,0.4148931831675626
2708634088_a4686be24c.jpg,a brown dog is running through the grass,two brown dogs one with a stick in its mouth ||| two dogs are running side by side through long grass ||| two large black and brown dogs run through the tall grass ||| two large dogs bound through a field ||| two tall black dogs run through tall grass,0.5581021376499206,0.7487362623214722,0.75,0.3273268353539885,0.1213213751601293,0.0773055175693945,0.5257009345794392,0.631578947368421,0.7190800905227661,0.35182934352197537,0.7658269009572563,0.4139975574352809
1042590306_95dea0916c.jpg,a man in a red shirt and a woman and a woman in a red shirt and a woman in a red shirt and a woman in a red shirt and a woman in a red shirt,a man and woman pose for the camera while another man looks on ||| a man is holding the hand of a woman up to his mouth in front of some buildings while another man looks on ||| a multiracial couple posing for a picture ||| asian man and blond woman holding hands outdoors man in background watches ||| guy in blue shirt biting hand of girl in black striped jacket while another guy watches,0.0015363032368573,0.6278099119663239,0.2162162162162162,0.1342312110428049,0.0372002898867579,0.0197260447433297,0.1379310344827586,0.1666666666666666,0.4074568748474121,0.07278637451049629,0.4865210175456226,0.4137346430351263
2170222061_e8bce4a32d.jpg,a dog is running in a field,a dog biting the tail of a cow ||| a dog chasing an animals tail on the grass ||| a small animal leaps behind a larger animal the larger animal s tail obscuring the smaller one s face ||| a small dog chases after a large brown cow ||| a tan animal is being swatted in the face by a brown and white bull,0.1295056903362791,0.7342146337032318,0.6191984998215584,0.2991012913863172,0.1157554642311317,0.0761431099121783,0.3234880450070324,0.3999999999999999,0.5578906536102295,0.24585435859290186,0.6594114862259159,0.4135571276330141
2411824767_4eb1fae823.jpg,a dog is running through the grass,a brown and white dog leaps ||| a brown dog is jumping over a grassy mound near to a lake ||| a corgi jumps off a bale of hay m water and buildings behind it ||| a dog jumps over hay ||| a small brown and white dog is jumping over bushels of hay,0.1908266600656259,0.7141320407390594,0.4285714285714285,0.3779644730092272,0.1418983411970384,0.0919322715224918,0.3605769230769231,0.3333333333333333,0.5569172501564026,0.23178130093222338,0.6429249350642606,0.41114363413203725
2905942129_2b4bf59bc0.jpg,a boy wearing a red helmet is riding a swing on a swing,a couple of smiling little boys ride together in a plastic chairswing one on the other s lap ||| children swinging on a blue swing in the park ||| the two children swinging together on a swing ||| two little kids laugh on a blue swing ||| two smiling small children one child holding the other on a swing,0.5246522218501302,0.7326017320156097,0.3076923076923076,0.2264554068289191,0.1670542649617787,0.0826310318221259,0.4411764705882353,0.380952380952381,0.5176386833190918,0.2246715312734548,0.6344330252664869,0.40976149399303213
3682277595_55f8b16975.jpg,a dog runs in the sand,a brown and white dog trots across shallow water with his mouth open ||| a brown spotted dog walks in shallow water ||| a greyhound walks in the rain through a large puddle ||| a white and brown dog is walking through the water ||| the dog walks through the water,0.1375730945705371,0.841660276055336,0.6666666666666666,0.3651483716701107,0.1493801582185721,0.102669009608034,0.2662037037037037,0.4285714285714285,0.4429590106010437,0.26723750429209203,0.6768793512983977,0.4096418470063057
219843859_94b6d0a580.jpg,a man in a blue shirt is climbing a rock,a man climbing a cliff face ||| a man climbs a sheer cliff face ||| a man climbs a steep rock wall using safety ropes ||| a man clings to the side of a rock face ||| a man is rock climbing with no noticable harness,0.7436817121725708,0.7354210317134857,0.6,0.4472135954999579,0.1357208808297453,0.0773055175693945,0.4931640625,0.5,0.6911270022392273,0.3292484025111039,0.7388171298877249,0.409568727376621
104136873_5b5d41be75.jpg,a group of people are standing on a hill overlooking a valley,people sit on the mountainside and check out the view ||| three people are on a hilltop overlooking a green valley ||| three people hang out on top of a big hill ||| three people overlook a green valley ||| three people rest on a ledge above the moutains,0.5955213939877892,0.7517501711845398,0.75,0.4522670168666454,0.1269394496207203,0.0690457308327456,0.6222488995598239,0.6363636363636365,0.7657390832901001,0.38621881892381704,0.7956879787381347,0.40946915981431764
319185571_56162796da.jpg,a dog runs along the beach,a dog is jumping over a stream of water on a sandy beach ||| a dog jumping over a puddle on the beach ||| a dog jumping over a stream of water ||| a grey and white dog jumping over standing water in the sand ||| a small dog leaps over a stream,0.3897633426456157,0.8132271468639374,0.5643211499270759,0.4371212831160368,0.1593139601822853,0.1033509464059233,0.5126436781609196,0.5333333333333333,0.5805492401123047,0.3259749396665809,0.7353622568225395,0.4093873171559586
3325910784_5ecb88310c.jpg,a dog jumps over a log,a dog is leaping over a tree stump ||| a dog jumps off a tree stump ||| a small brown and white dog jumping off of a tree stump ||| a white and brown dog wearing a bandanna jumps through the air ||| a white dog is leaping over a tree stump,0.5354806912943371,0.850633829832077,0.7054014374088451,0.5985529678206387,0.423240862445307,0.2150625425656631,0.6205128205128205,0.6153846153846153,0.7555583119392395,0.4587648158122569,0.8680487620364121,0.4092839462241552
3091338773_9cf10467b4.jpg,a dog is running in the grass,a brown dog is biting a green object ||| a brown dog is jumping up to catch a green strap in its mouth ||| a dog has its mouth wide open trying to bite something ||| a grey dog jumps to bite a green leash ||| a shorthaired brown dog is snapping at a long green strip,0.2038416865982272,0.8150364458560944,0.4953587998572467,0.3783365327513854,0.1353884122827575,0.0856368346642575,0.3234880450070324,0.3999999999999999,0.4392939507961273,0.24527225516834078,0.6536246856529013,0.40835243048456055
2735979477_eef7c680f9.jpg,a brown dog is running in the grass,a tan dog and larger white dog run along the grass ||| two big dogs brown and tan are running in grass ||| two dogs running on grass ||| two golden retreiver dogs are running on the grass ||| two large dogs running in some grass,1.1995338669212978,0.7917167991399765,0.875,0.4999999999999999,0.1609148974342716,0.0955442792204366,0.4445422535211268,0.5333333333333333,0.7277432680130005,0.39758272054150107,0.8049854879716691,0.40740276743016807
989754491_7e53fb4586.jpg,a boy in a swimming pool and goggles in a pool,a girl in a pool wearing goggles and surrounded by other children ||| a girl in green goggles in a pool with three other children ||| a red haired girl making a peace sign is wearing neon green glasses and floaties and playing in the pool with other kids ||| a redheaded girl offers the peace sign as she swims in the pool with floaties ||| a young girl with goggles and floaties poses for the camera as she plays in a pool,0.9515704634875808,0.8081390708684921,0.5810640921796215,0.3989624188222926,0.318461337968875,0.2464051103353782,0.4726890756302521,0.5217391304347826,0.6703237295150757,0.377194309516364,0.7841897842806852,0.4069954747643212
2813588204_69fe7deb14.jpg,a dog is running around a track,two brown dogs race on a track ||| two dogs are racing and have muzzles on their mouths ||| two dogs race around the course ||| two dogs wearing racing equipment are running on muddy ground ||| two racing dogs run in the mud,0.4482878646487727,0.7120621204376221,0.5714285714285714,0.3086066999241838,0.1239596188482187,0.0830701847441279,0.4508928571428571,0.4285714285714285,0.6203896403312683,0.2766281211726184,0.6786573411413652,0.4020292199687468
2251747182_6b67a3ab8b.jpg,a basketball player dribbles a basketball game,a boy playing basketball in a gym ||| a young boy holding a basketball about to shoot ||| a young boy playing basketball is getting ready to take a shot ||| the boy in the white jersey is dribbling the orange wizards basketball ||| the little boy in the red shorts is going to shoot a basket,0.3396887707936635,0.7358225435018539,0.4285714285714285,0.2672612419124243,0.1126247880443606,0.0773055175693945,0.2904040404040404,0.4285714285714285,0.4884440302848816,0.21856874322855055,0.6197953493773716,0.401226606148821
3132760860_3e743a935d.jpg,a man in a helmet is riding a trick in the air,a boy with a board strapped to his feet does a trick while holding onto some kind of rope ||| a wakeboarder is leaping into the air whilst holding onto a yellow rope ||| girl wearing swim gear is surfboarding ||| this boy is doing a stunt with a tow rope and skateboard ||| waterskier holding line midjump and almost turned upside down,0.1025926831433911,0.8054538071155548,0.5833333333333334,0.3256694736394648,0.1019807108406801,0.058590593701517,0.2883720930232559,0.32,0.3984065353870392,0.2210435945533993,0.6219568687876695,0.40091327423427026
436608339_f1d1298770.jpg,a man in a black shirt and a black jacket and a black jacket and a black jacket and a man standing in front of a building,a couple posing in front of a picture wall ||| an adult couple pose by a cardboard cut out for a movie ||| an asian couple are standing by a fantasy poster ||| an asian couple stands near a wax figure ||| one person in a brown suit with his arm around another in a hat by a wall,0.0012437464677601,0.7102274894714355,0.2962962962962963,0.2135042050734495,0.1539220897685759,0.1110255422289272,0.4481481481481482,0.2777777777777778,0.4733430445194244,0.19086093627890002,0.5906223993949842,0.3997614631160842
3346289227_198fced308.jpg,a man in a blue shirt is skateboarding on a ramp,a male on rollerblades skating down a railing next to stairs ||| a man is rollerblading down a white railing beside a red brick building ||| a man is skating down a rail above some steps ||| a man slides a skateboard down a stair ramp ||| an inline skater grinding on a rail,0.1618062021580897,0.7522176206111908,0.6363636363636364,0.3567530340063378,0.1122442959954951,0.0648411507139764,0.5212954747116239,0.6,0.6296295523643494,0.3170825544577613,0.71591695612262,0.3988344016648587
3446762868_06e9d9d899.jpg,a man in a blue jacket is jumping off a concrete wall,a skateboarder does a trick in midair ||| a skateboarder in the air in front of wires ||| a skateboarder jumps into the air ||| skateboarder in jeans and tshirt performing jump ||| the skateboarder is leaping in the air in front of the telegraph pole,0.0022514020156164,0.6803472340106964,0.3066814715431077,0.0506467781406889,0.0286838524540599,0.0221625475730487,0.1999999999999999,0.2222222222222222,0.3429577350616455,0.0916306646568389,0.4901743378434692,0.3985436731866303
2164363131_6930455d45.jpg,a dog is walking in the air,a dog leaps for a toy on a road ||| a man and a dog play with a frisbee ||| a person holding a frisbee just out of reach of a white dog on a rural road ||| person holding a frisbee with a white dog jumping for it on a road ||| the dog jumps up to get the frisbee in the man s hand,0.1854702614852622,0.7367350906133652,0.4294155960430205,0.3279715789102868,0.1173652224901885,0.0742366793750051,0.2060931899641577,0.3,0.4335974156856537,0.1896910069720757,0.5882247082181772,0.3985337012461015
3225998968_ef786d86e0.jpg,a skier in a red jacket is skiing down a hill,a man on skis on a snowcovered hill with mountains in the background ||| a man with red pants is skiing downhill ||| a person in red pants skis down a mountain ||| a skier in red pants is on a snow covered slope ||| this person is skiing,0.8216782611765141,0.7892961800098419,0.8181818181818182,0.5720775535473553,0.331300762471962,0.1460139432915947,0.5555555555555555,0.6,0.795608401298523,0.44600105742508733,0.8430264524944778,0.3970253950693905
2438085746_588dce8724.jpg,a dog runs in the grass,a black and white dog catc ||| a black and white dog is playing with a frisbee outside ||| a black and white dog jumps to catch the green frisbee ||| a black and white dog leaps to catch a frisbee in a field ||| a small black and white dog jumping on the grass to catch a frisbee,0.1895097964903688,0.7692041248083115,0.8333333333333334,0.408248290463863,0.1609148974342716,0.1085592604054384,0.2391098484848484,0.4,0.5628821849822998,0.2942855165573134,0.690076114188197,0.39579059763088364
2860667542_95abec3380.jpg,a white crane flies over the water,a big white bird flies out of the water leaving a splash ||| a crane flying just above a body of water ||| a white water bird taking flight from a lake ||| longnecked flying white bird grazes water with black legs ||| the white crane is landing in the water,0.8643687844941768,0.8018045872449875,0.7430381997858699,0.5675047991270782,0.1774090081828215,0.1048832740572588,0.4746835443037974,0.5333333333333333,0.6719801425933838,0.38461261822647125,0.7801456486363765,0.39553303040990523
3695949492_27ca3892fd.jpg,a brown dog is running through the water,two dogs holding opposite ends of a toy with their mouths swimming ||| two grey dogs are carrying a stick in the water ||| two grey dogs swimming in a lake to retrieve a white toy ||| two identical brown dogs side by side holding something white in both their mouths ||| two similar brown dogs share holding a white toy while swimming,0.1383425651890389,0.6989528983831406,0.3894003915357024,0.2081432644860322,0.0825404091830423,0.0544018986368619,0.3220663265306122,0.3333333333333332,0.4616064727306366,0.17974999159345742,0.5747779285994389,0.3950279370059815
2272750492_91e8f67328.jpg,a snowboarder jumps off a ramp,a man jumps through the air while snowboarding ||| a snowboarder in gray pants and a white jacket catches some air ||| a snowboarder in gray pants is doing a jump ||| a snowboarder with brown pants ||| person wearing grey pants airborne on a snowboard,0.765332790986947,0.7310965657234192,0.6666666666666666,0.3651483716701107,0.1493801582185721,0.102669009608034,0.3627873563218391,0.4,0.6191725730895996,0.2983036109180605,0.6930235906358804,0.39471997971781986
3299820401_c2589186c5.jpg,a man in a red jacket is riding a bike in a forest,a dirt biker rides through some trees ||| a man is riding a mountain bike through woodland ||| a mountain biker is racing through a shaded trail ||| a mountain biker wearing a colorful helmet rides downhill ||| mountain biker in red striped helmet rides through the trees,0.2440484560605432,0.7217229157686234,0.6153846153846154,0.3922322702763681,0.2409339418591454,0.1087485536445503,0.5102040816326531,0.5454545454545455,0.696429967880249,0.3364078084121373,0.7310851591679877,0.39467735075585036
3084380974_268a0f9236.jpg,a surfer is surfing in the water,a lone surfer diving into a large wave ||| a man in a wetsuit is surfing on blue water ||| a man on surfboard dives over a large wave ||| a surfer in a full body wetsuit in the ocean with a white surfboard ||| a surfer in a wetsuit crests a wave,0.7621311833456508,0.7636363804340363,0.8668778997501817,0.6129752413741056,0.1867631819243773,0.109004125059921,0.3835051546391753,0.4705882352941176,0.7202881574630737,0.38475901712270405,0.7783450385458643,0.3935860214231603
3225226381_9fe306fb9e.jpg,a brown dog is running in the grass,a black dog with a pink collar is following behind a brown dog with across a grassy field ||| a little black dog chasing a little brown one ||| a small white and black dog chasing a slightly larger brown dog in a grassy area ||| one brown and one black dog in grass ||| two dogs running one brown and one grey,0.5464099140946875,0.7711495459079742,0.875,0.4999999999999999,0.3466806371753174,0.1699044244847122,0.25,0.5,0.6995830535888672,0.3785248269745987,0.7721072712522756,0.3935824442776769
2848895544_6d06210e9d.jpg,a man in a red shirt is jumping over a large large goal,a small boy holding a soccer ball for another boy to kick ||| a very little boy is stopping a soccer ball from going into the goal ||| a young boy playing goalie stops the soccer ball with his hands ||| children playing with a soccer ball near a goal net ||| two little boys in uniforms play soccer,0.2737567207627616,0.7199902087450027,0.3846153846153846,0.0566138517072297,0.0307716587050705,0.0232334219683501,0.145631067961165,0.2962962962962963,0.3236733376979828,0.11700852188098607,0.510232686537103,0.39322416465611687
2198511848_311d8a8c2f.jpg,a snowboarder in a red jacket is snowboarding in the air,a man jumps off a ramp on a snowboard ||| a snowboarder high in the air ||| a snowboarder jumps through the air on their snowboard ||| snowboarder flies off of snowy jump mountains in background ||| the snowboarder is in the middle of a very tall jump,0.8127076957624413,0.814162865281105,0.6363636363636364,0.4369314487526514,0.2768182380588132,0.1276067148780707,0.6861538461538462,0.5882352941176471,0.6879696846008301,0.4062545349992212,0.799352984145167,0.39309844914594577
475980315_b8ecd50094.jpg,a white dog is running in the water,a white dog fetches a stick as he swims in a lake ||| a white dog holds a stick while swimming ||| a white dog retrieves the stick from the lake for her owner ||| a white dog swims with a stick ||| white dog retrieving stick from water,0.8500126579149472,0.8074048906564713,0.75,0.4629100498862757,0.3293168780041747,0.1634812655665548,0.4121863799283153,0.4285714285714285,0.641488790512085,0.37447273523390134,0.7666299801287215,0.3921572448948202
3251906388_c09d44340e.jpg,a white dog is running in the snow,two dogs play tugofwar with a dark object in the snow ||| two poodles playing tugowar ||| two white poodles fighting over something in their mouths in the snow ||| two white standard poodles playing tug of war in the snow ||| two white standard poodles play with a toy in the snow,0.6152978406716488,0.7453721016645432,0.4295557992443576,0.2904327290997419,0.2129902925934901,0.1073525213116119,0.4776739356178608,0.4210526315789474,0.5594258308410645,0.27732453909615684,0.66915655749297,0.39183201839681314
129599450_cab4e77343.jpg,a man in a red shirt is standing on a hill in front of a rural area,a backpacker in the mountains wearing an american flag ||| a hiker carring an american flag ||| a hiker with an american flag on his backpack walks through the woods ||| a man is hiking on a mountain path with an american flag on his backpack ||| a person hikes on a mountain,0.0170282301353082,0.6633969396352768,0.3529411764705882,0.2100420126042014,0.0665028658428247,0.0380713486644631,0.2112676056338028,0.3125,0.4454870223999023,0.14571232548409765,0.5371123028306539,0.3913999773465563
2854959952_3991a385ab.jpg,a dog jumps to catch a ball in the background,one dog leaps to catch a softball while another looks on ||| the two dogs one of which is leaping in the air are chasing a ball outdoors ||| two dogs jump for a ball on a green field ||| two dogs play catch with a ball in a field ||| two small dogs pursuing a ball across a grassy field,0.9864772470052864,0.8215034008026123,0.8,0.6666666666666667,0.4807498567691361,0.1996019880774733,0.4568807339449541,0.5,0.7669088244438171,0.4609831023501592,0.8516490561023959,0.3906659537522367
3115901702_f07aa0ef74.jpg,a woman in a red shirt and a black shirt and a black shirt and a black shirt and a woman in a red shirt and a black shirt and a black shirt,a woman walks as she looks at her cellphone and others look on ||| several ladies talking together ||| three girls walking one is checking her cellphone ||| three girls walk together and talk ||| three high school girls walk and talk on astroturf,5.164565267765404e-05,0.6198878213763237,0.0909090909090909,0.0533001790889026,0.020926593951035,0.013220369604972,0.1,0.1304347826086956,0.2998294830322265,0.027391939887229485,0.4168724507945071,0.3894805109072776
848180689_d67a1361ce.jpg,a boy in a blue shirt is jumping into the water,a girl and a woman playing with a ball in a pool ||| a woman and a little girl are playing with a ball in the pool underneath some water chutes ||| a young girl and a woman play volleyball with a beach ball ||| the mother and daughter are batting a ball in the air to each other at the water park ||| two girls in a pool one catching a ball the other has thrown,0.0433853342768689,0.7151177525520325,0.415045780128301,0.275310224701184,0.0916164835610108,0.0544298814067556,0.2147525676937441,0.2758620689655172,0.406886488199234,0.16618539608732372,0.5553677477916432,0.3891823517043195
2600442766_e750ec9a56.jpg,a black dog is running in the water,brown and black dogs playing water ||| the two dogs are in the murky water ||| two dogs in a stream ||| two dogs stand chest deep in water next to a stick ||| two dogs wearing collars stand outdoors in water up to their chests,0.3422089960895886,0.7917028665542603,0.625,0.2988071523335984,0.1141677850990735,0.073860999559306,0.5090725806451614,0.5,0.5254427790641785,0.29706290564368887,0.6858597164713409,0.38879681082765205
3759492488_592cd78ed1.jpg,a boy in a blue shirt and blue shirt is jumping on a playground,a boy hanging onto a pole ||| a kid in a green shirt playing in the park ||| a little kid swings on a pole at a playground ||| the boy in the green shirt swings with one arm on the silver pole ||| the boy is swinging on a pole at the beach,0.3143204815563047,0.7642707228660583,0.6428571428571429,0.4972451580988469,0.1272486821449984,0.0657872599965858,0.3576923076923077,0.3333333333333333,0.5299023985862732,0.2791892641997876,0.6667483640423646,0.38755909984257697
2990977776_1ec51c9281.jpg,a boy in a blue shirt jumps off a wooden bench,a boy is doing a stunt with his skateboard ||| a boy jumping a rail on his skateboard ||| a boy skateboarding ||| a young boy wearing a black shirt and brown pants practices jumping over a low bar on a skateboard ||| boy doing tricks on a skateboard,0.1653159684388187,0.7234186679124832,0.4545454545454545,0.2132007163556104,0.0796363970529507,0.0501257871573906,0.2635119982058757,0.4210526315789474,0.4415899217128753,0.19496139629954912,0.5823787946167056,0.3874173983171565
136639119_6040b00946.jpg,a man is climbing a rock in the distance,a climber is attempting to climb around an overhang above the woods ||| a man climbs up a cliff and reaches an overhang ||| a man is rock climbing under a large cliff ||| a person is rock climbing ||| climber on rock formation using ropes,0.61789013471385,0.7532744109630585,0.7777777777777778,0.4409585518440984,0.30285343213869,0.1466852894655655,0.5679012345679012,0.5555555555555556,0.756542444229126,0.40511180882808867,0.7914807932451439,0.3863689844170552
2603792708_18a97bac97.jpg,a woman stands on a beach overlooking a lake,a bunch of people on the beach at sunset ||| two people are walking towards a group of people on the beach at sunset ||| two people walking along the beach at sunset towarn a group of people ||| two people walking along the shore at sunset ||| two people walking on the beach at sunset,0.2488374096475313,0.6390093266963959,0.3333333333333333,0.0645497224367902,0.039044833280954,0.0315598453911294,0.1666666666666666,0.3333333333333333,0.4269066452980041,0.12096033890872669,0.5068474578604625,0.3858871189517358
263522013_d118d46b2d.jpg,a dog is running in the water,a brown dog on a rocky ground shakes off water from its body ||| a dog shaking off water ||| a dog shaking water off ||| a golden retriever is shaking off some water ||| a tan dog shaking the water off of himself,0.5264825147355089,0.8083691447973251,0.6191984998215584,0.4229931028018367,0.1458427460251559,0.0905499280659966,0.4914529914529914,0.5,0.5438804626464844,0.32454096826272105,0.7099221717494908,0.38538120348676974
3335370208_460fc19bfa.jpg,a man in a black and black helmet is riding a wheelie on a dirt hill,a man drives a motorbike while another man falls off of it and into the mud ||| a motocross bike and sidecar team are riding around a bend on a muddy circuit ||| the man falls out of the sidecar into a puddle during the race ||| two men riding a dirt bike and one is falling off into a mud puddle ||| two people are racing a sidecar motorcycle in the mud,0.168219281512492,0.7659400254487991,0.625,0.408248290463863,0.1059839832948326,0.0550103414218091,0.2823767476085357,0.3870967741935484,0.4737044274806976,0.2510856054599281,0.6349816944756128,0.3838960890156847
3029715635_43ab414dfb.jpg,a black dog runs in the sand,a black and white dog with a blue toy in its mouth runs on a grassy surface just beyond a fence ||| a black dog is running pasts a wire mesh fence with a blue bone shaped toy in its mouth ||| a black dog is running with a blue bone in his mouth ||| a black dog running with a blue toy in his mouth ||| a dog is running with a blue bone in its mouth,0.2729004462733752,0.7644486427307129,0.4033700871483995,0.2755542282313654,0.2046878007167634,0.1048967186945593,0.4207547169811321,0.5555555555555556,0.5085511803627014,0.27064779396494093,0.6543177286575682,0.3836699346926273
2584957647_4f9235c150.jpg,a dog swims in the water,a dog is wading through deep water while holding a stick ||| a white and brown dog is carrying a stick in the water ||| a white dog with a brown spot over one eye in a pool of blue water with a stick in its mouth ||| a white dog with brown spots on his face with a stick in his mouth swimming in water ||| the white dog brings a stick from the water,0.2336763629275796,0.7864710688591003,0.5054422164271946,0.4288819424803534,0.3032653298563167,0.1540990454799059,0.3912280701754387,0.5555555555555556,0.5676284432411194,0.3237136284014124,0.7065530109628024,0.38283938256139005
3213992947_3f3f967a9f.jpg,a man in a blue jacket and a blue jacket and a blue jacket and a blue jacket and a blue jacket and a blue jacket and a blue jacket and a blue jacket and a woman,a girl in a red jacket surrounded by people ||| a woman in a puffy red jacket poses for a picture at an ice skating rink ||| a woman in a red coat is smiling while people in the background are walking around in winter clothing ||| a woman wearing a red coat smiles down at the camera ||| the woman in a red jacket is smiling at the camera,0.000141153215734,0.6701219081878662,0.1621621621621621,0.0949157995752498,0.0295258896498807,0.0165875603118003,0.1694915254237288,0.1886792452830188,0.2844621837139129,0.0655762433825742,0.4476295687512496,0.3820533253686754
3493479159_609ebe1b35.jpg,a motorcycle racer in a red motorcycle is driving on a motorcycle,a man is riding a red racing motorcycle ||| a motorcyclist dressed in red ||| a person in a motocross uniform and wearing a helmet rides a red motorcycle ||| a racer in full gear and helmet with sponsors logos is riding a red sport motorcycle ||| a racing motorcycle and motorcyclist in red leaning into a turn,0.4979305617097955,0.7124783843755722,0.6666666666666666,0.4923659639173309,0.2894178740477467,0.1281101041965245,0.5076058201058201,0.4347826086956521,0.7247782945632935,0.3591460577367291,0.7404513325250344,0.3813052747883053
3275537015_74e04c0f3e.jpg,a group of people are playing in the beach,four girls are playing volleyball on a sandy beach near ocean ||| four girls in swimsuits are playing volleyball at the beach ||| four ladies in swimsuits play sand volleyball on the beach ||| four women in bikinis are playing volleyball on the beach ||| girls in bikinis are playing a game of volleyball near a body of water,0.7487928878418542,0.7712267339229584,0.6959861353000654,0.3945870492756269,0.1257894516662567,0.0738127897511965,0.4505050505050505,0.4210526315789474,0.5693843960762024,0.3155439026956735,0.6955073344123371,0.37996343171666364
159712188_d530dd478c.jpg,a couple in a lake,a woman is walking past an artificial waterfall ||| a woman is walking with someone else beside a pond in the city ||| a woman talking on a cellphone walking in front of water ||| a woman walks by a river across city buildings ||| young woman in a city park near a water feature,0.0022573929312297,0.6848923861980438,0.3292869816564158,0.2125538326797009,0.0938454696977069,0.0690094097823614,0.1578947368421052,0.2857142857142857,0.3832845985889435,0.1380864965213448,0.5175204059916891,0.37943390947034433
3417672954_46b75dea8d.jpg,a man jumps into a pool,a guy gettin lots of air on a skateboard at a skatepark ||| a skateboarder in a green shirt is performing a jump ||| a skateboarder in the city ||| a skateboarder wearing a green shirt jumping on a ramp ||| skateboarder in green shirt doing tricks in air,1.673526780532272e-05,0.6968903541564941,0.3333333333333333,0.0816496580927726,0.0550321208149104,0.0485491771707323,0.15625,0.3749999999999999,0.3443801403045654,0.12484616461124587,0.5041205898704604,0.3792744252592145
2238166082_140f8b01b8.jpg,a little boy in a red jacket is riding a sled down a tire,a child in purple winter gear is on a red sled ||| a child is sledding on a red sled ||| a girl in a purple coat on a red sled coasting down a snowy hill ||| a young girl is sliding down a snow slope in a red sled ||| girl wearing purple jacket rides a red snow sled,0.7967472816543144,0.7675063610076904,0.7142857142857143,0.405998971470575,0.239491189052147,0.1057107085715153,0.4236577181208054,0.4827586206896552,0.6277362704277039,0.3480504934571466,0.7269169599661978,0.37886646650905115
3699522388_2333f01f40.jpg,a boy in a blue shirt is jumping into a lake,a bald man in a black wetsuit flips leaps in the air on a surfboard holds on to a waterskiing handle ||| a man doing a trick on a wakeboard ||| a person waterskiing in a river with a large wall in the background ||| a wakeboarder soars through the air ||| male performing water sports acrobatics while being pulled by a boat,0.0027272236620232,0.6615625321865082,0.3636363636363636,0.1906925178491184,0.0739278822620259,0.0474060425987813,0.180722891566265,0.3333333333333333,0.4250282049179077,0.14506586350681103,0.5236125493877719,0.37854668588096085
96985174_31d4c6f06d.jpg,a man in a red jacket is standing in front of a large mountain,a hiker is walking along a path at the foot of some snowcapped mountains ||| a man walks near mountains ||| a man with ski poles stands in front of a mountain ||| the person is walking in the mountains ||| the skier is looking at the snowcapped mountains,0.2212627994021667,0.797412171959877,0.5714285714285714,0.4193139346887672,0.3083016009819039,0.2271870978054231,0.6637168141592921,0.64,0.6689464449882507,0.39779713739161016,0.7748788625327214,0.37708172514111127
2644916196_16f91dae54.jpg,a baby in a blue shirt is blowing a bath in a blue slide,a child with a yellow cup and milk all over his face ||| a little boy drinks milk and gets milk all over his face and table ||| a little boy spilled his milk from the green cup ||| small laughing child with blond hair sitting at a table holding a green sippy cup ||| toddler with milk around his mouth,3.285241980975759e-06,0.6953610479831696,0.1428571428571428,0.0331496772065897,0.0209214824232423,0.0169861974906263,0.0819672131147541,0.1538461538461538,0.1849108785390854,0.033770085634740564,0.40901310872914015,0.3752430230943996
460973814_5eacd1ced4.jpg,a man is sitting on a table with a woman in a black shirt,a group of people sitting around a table drinking tea or coffee ||| three individuals sit at a table smiling ||| three people gather around a table for beverages ||| three people gather around the table and have their picture taken ||| two women and a man sit at a table having coffee in a home,0.781333181678556,0.7486362755298615,0.5,0.3396831102433787,0.0987011516874285,0.0543742768222752,0.3425655976676385,0.5,0.5107660293579102,0.26827657890113016,0.6430921428917135,0.3748155639905833
516761840_842dabc908.jpg,a girl in a blue shirt is playing in the water,two girls in skirts smiling in a park ||| two girls playing ||| two girls playing with people and flowers behind them ||| two young girls running towards tge camera in front of a flower garden and adults looking at the flower garden ||| two young girls wearing skirts are playing in a garden,0.2009277204891528,0.7092592865228653,0.4545454545454545,0.3015113445777636,0.1003355729847986,0.059609942732681,0.3802710843373494,0.3157894736842105,0.4715711772441864,0.21460758585275458,0.5888119199015314,0.3742043340487768
2544182005_3aa1332bf9.jpg,a boy in a red helmet rides a bike on a road,a little boy with a blue shirt is wearing a helmet and riding a two wheeled bike ||| a young boy rides a purple bike ||| a young child is riding a purple bike ||| a young child rides a small purple bike while wearing a red helmet ||| a young child wearing a bike helmet rides a two wheel bike,1.3730517896432306,0.8322647213935852,0.75,0.5838742081211423,0.4085289703216219,0.1659038701421971,0.4437588989084005,0.5263157894736842,0.689528226852417,0.44114282260237364,0.8146145333317683,0.3734717107293946
2699426519_228719b1db.jpg,a dog is running in a yard,a brown and white dog is running with its mouth open ||| a brown and white dog running crazily through the grass ||| a brown and white dog running fast in a fenced yard ||| a brown and white dog running on grass ||| a brown and white pitbull running in the grass with its mouth open,0.6812958704823041,0.8387112617492676,0.8668778997501817,0.7078028412278314,0.4428644742080514,0.2082944112180899,0.4022536687631027,0.6666666666666665,0.7466520071029663,0.4804138486415673,0.8533572994740461,0.3729434508324789
3497069793_2d4baf5b4b.jpg,a boy in a blue shirt is riding a blue slide,a child is jumping on an inflatable bouncer ||| a child plays in a bounce house ||| a child wearing a pink coat jumps over a plastic blowup toy ||| a girl bounces ||| a girl bounces in a bounce house,0.0044087740639342,0.7386748492717743,0.415045780128301,0.1946737268161993,0.0727160511911879,0.0457698921576256,0.2027027027027027,0.3333333333333332,0.3286238014698028,0.15639919942922623,0.5279531998385822,0.37155400040935604
2271671533_7538ccd556.jpg,a man in a red jacket is standing on a mountain,a backpacker hiking near a snowy mountain ||| a hiker is walking in the snow with a snow covered mountain behind them ||| an adult hikes in the snow with a mountain in the background ||| a person across a field of snow with a mountain in the background ||| a person stands in the snow at the bottom of a snow covered mountain,0.6196356927167587,0.6895062327384949,0.4980549361539613,0.2132543830616615,0.0772723349154372,0.0479043774583581,0.290625,0.3333333333333333,0.4794251918792724,0.20637906331017733,0.5777840876364702,0.37140502432629285
1356796100_b265479721.jpg,a little girl in a blue shirt is sitting in a grassy area,a girl in a flowered dress peaking through some leaves ||| a girl peeks through the leaves on a tree ||| a girl peeks through the green leaves ||| a young girl peers through the green foliage ||| a young girl s face looking through leaves,0.1475325883820417,0.683673545718193,0.3076923076923076,0.2264554068289191,0.1670542649617787,0.0826310318221259,0.3064320388349515,0.3478260869565217,0.452732503414154,0.18647200439878792,0.5574455952109502,0.37097359081216225
3563673070_71fa0903ed.jpg,a man in a yellow shirt is riding a yellow kayak on a lake,a kayaker in a red kayak paddles as an orange kayak approaches from behind ||| a man in a red kayak in the water ||| a man in a red kayak paddles through blue water ||| a man paddling a red kayak ||| man paddles red kayak orange kayak in background,0.873891979696084,0.7117327302694321,0.3571428571428572,0.2870846258816073,0.239491189052147,0.1879831764733508,0.3576923076923077,0.4347826086956521,0.5625579953193665,0.2737569404306167,0.6443450022259756,0.37058806179535886
2297471897_3419605c16.jpg,a dog runs in the grass,a dog playing ouside ||| a little dog running with his tongue hanging out ||| a small tan dog walks down a dirt path and licks his nose ||| small brown dog licks lips as it runs across grass and dirt ||| the brown dog is walking along a grassy path with its tongue out,0.2183429846954141,0.7916022837162018,0.8333333333333334,0.408248290463863,0.1609148974342716,0.1085592604054384,0.701058201058201,0.4,0.6098374724388123,0.3655927372959047,0.7354716951468501,0.3698789578509454
3631136463_53ff624b82.jpg,a black dog is running in a grassy field,the brown and black dogs are carrying a big log in the meadow ||| two dark colored dogs are walking through the grass both holding a large stick ||| two dogs retreiving a large stick of wood ||| two dogs share a toy in a field of vegetation ||| two dogs walking through tall grass carrying a tree branch in their mouths,0.0763333555344111,0.6810583919286728,0.5555555555555556,0.2635231383473649,0.0997347467647626,0.0637671569379741,0.3757575757575758,0.4210526315789474,0.5386422276496887,0.2364942129296828,0.6059570841212399,0.36946287119155713
1466479163_439db855af.jpg,a dog runs in the grass,a brown dog runs through the grass holding something in its mouth ||| a brown dog runs with a toy in its mouth ||| a small dog runs in a field with a toy in its mouth ||| chocolate brown dog running on grass with something in its mouth ||| the dog is running with food in his mouth,0.8054254566718211,0.7189120352268219,0.6065306597126334,0.4698166288062454,0.3222675015078061,0.1612854759460517,0.4483430799220272,0.5555555555555556,0.7237910628318787,0.3763304405571944,0.7449680627507298,0.3686376221935354
3168123064_d1983b8f92.jpg,a surfer surfs a wave in the snow,a person in a black wetsuit is surfing in the ocean with a wave coming down ||| a person is surfing ||| a surfer in all black is riding a wave ||| a surfer rides the waves ||| a woman in a black wetsuit surfs in bad weather,0.8085806252566734,0.7709620893001556,0.772184789761521,0.540416777729723,0.1625573193287113,0.0933126864868258,0.5011235955056179,0.4705882352941176,0.6473081111907959,0.37367294306874344,0.74117919231996,0.36750624925121655
3646453252_5ebbbaa6cc.jpg,a biker riding a bike on a dirt bike,a child wearing a helmet riding a mountain bike very fast through a forest ||| a cyclist streaks through the trees ||| a person wearing a red helmet riding a white bike ||| a person wearing a red helmet and yellow and white clothing is riding a bike outside in a wooded area ||| the bmx biker rides through the forest,0.4016016578641965,0.7429085671901703,0.596559544542913,0.3653166213293175,0.257431662133764,0.1262975489687145,0.2755555555555555,0.4347826086956521,0.5363999009132385,0.28677727895610267,0.6536467665465947,0.36686948759049204
2393410666_b8c20fff61.jpg,a man jumps over a black and white dog,a black dog wearing a blue shirt is jumping in the air ||| a dog wearing a blue shirt is running and jumping through the air ||| a dog with a blue blanket runs through the grass ||| a dog with a muzzle and blue jacket runs around the yard ||| the black greyhound dog is running on the grass wearing a blue jacket,0.2518549876633972,0.7035484164953232,0.4971329537857609,0.2358108650835347,0.0892465726576343,0.0570613591495714,0.2136752136752137,0.2857142857142857,0.4078549742698669,0.18119234088045336,0.5467704724628594,0.36557813158240604
1130401779_8c30182e3e.jpg,a brown dog is running through the water,two brown dogs are creating large splashes as they run in a river ||| two brown dogs in the water ||| two brown dogs running through water ||| two brown dogs runs through the water ||| two dogs splash through the water,1.4155578537638949,0.8561508357524872,0.75,0.5669467095138409,0.3769737205645769,0.180921760812233,0.8294209702660407,0.7999999999999999,0.8077123165130615,0.5391868816769785,0.9031287578621165,0.36394187618513807
2407091303_931c918490.jpg,a boy in a blue shirt is jumping on a playground,a child plays at a playground ||| a little boy stands widelegged each foot on each side of the tube slide ||| a little boy wearing a red shirt is standing on a slide ||| a young boy climbing in a playhouse ||| boy on playground equipment,0.6085747650075111,0.7947959005832672,0.7470824042309421,0.5223644239130945,0.140413151031063,0.0749744024780867,0.4810495626822157,0.6086956521739131,0.6084792613983154,0.37332105106936536,0.7372025953315715,0.36388154426220615
2378149488_648e5deeac.jpg,a man in a red and blue hat is holding a red cart,a young boy in a paper crown is sitting in a shopping basket ||| a young boy is wearing a paper crown while sitting in a grocery cart ||| boy with a red crown in a shopping cart ||| dark haired child wearing jacket and paper crown while sitting in shopping cart ||| kid wearing a paper crown sitting in a shopping cart,0.6797967294314886,0.7838380336761475,0.6153846153846154,0.3202563076101743,0.0976939267984706,0.0552587014212449,0.2659574468085106,0.3846153846153846,0.4124408364295959,0.24982250908603357,0.6130919796996488,0.36326947061361525
554774472_b5d165ff69.jpg,a boy in a pool,the children play in the pool ||| two children are playing in an outdoor swimming pool ||| two children playing in a swimming pool ||| two children play in the water of an aboveground pool ||| two little girls playing in the pool,1.0814038688020595,0.7019056379795074,0.4912384518467891,0.3170930571698881,0.1400009894567847,0.1029499418829739,0.3758169934640523,0.5,0.5925738215446472,0.2916286056135627,0.6542313807927327,0.36260277517917
2788652511_4f10060e07.jpg,a man in a blue suit is riding a wave in the water,a boy with an orange shirt lies on a bodyboard in the surf ||| a child in orange is on a boogie board in the waves ||| a young boy rides his boogieboard through the ocean spray ||| a young child wearing a yellow wetsuit rides on a surfboard ||| the child is on a boogie board with waves splashing around,0.0088865921816651,0.759967714548111,0.5384615384615384,0.2118296364340808,0.074164075183866,0.0449412542808265,0.3963568898633834,0.48,0.4090777933597564,0.23015089833464125,0.5921970189886477,0.3620461206540065
347186933_880caaf53b.jpg,a boy in a blue shirt is jumping off a swing,a lady hangs from a tree with blue stuff tied around her ||| an acrobat entangles herself in fabric twisted in the trees above ||| a woman hanging from a tree her leg wrapped in cloth ||| a woman dangles from a blue fabric connected to a tree ||| woman hangs on tree limb,0.0608030603691595,0.7595665752887726,0.4545454545454545,0.2132007163556104,0.0796363970529507,0.0501257871573906,0.2869318181818182,0.3636363636363636,0.3334629237651825,0.18609673461051093,0.5473570457049142,0.36126031109440326
1511807116_41c3645e8c.jpg,a black dog is laying on a brown dog,a black dog plays with another animal ||| two dogs wrestle in the grass ||| two dogs wrestle in the ground ||| two puppies are wrestling on green grass ||| two puppies wrestle with each other,0.1397455186474911,0.6998147070407867,0.4444444444444444,0.3333333333333333,0.2513158137097179,0.1275343138759482,0.2083333333333333,0.375,0.4887882769107818,0.23021848780613824,0.5914654978539278,0.36124701004778953
515335111_c4afd5b903.jpg,a man in a yellow kayak on a boat,a man and a dog are in a canoe on the water ||| a man paddles a canoe accompanied by a dog ||| man in kayak with large dog ||| man paddling canoe on green water with dog in boat ||| the man holds a wooden paddle in a canoe with his dog,0.4935282216498273,0.8489318192005157,0.8888888888888888,0.5773502691896257,0.1682390865739974,0.0943859526823111,0.4056437389770723,0.4761904761904762,0.5314294099807739,0.37349928803285243,0.7347327690225256,0.3612334809896732
3472364264_dbde5a8d0a.jpg,a dog runs in the sand,a dog plays on the beach ||| a dog running on a beach ||| a large dog runs on the beach with something hanging out of its mouth ||| the dog ran across the beach ||| the large black dog is running on the sand near the beach,0.4760287036644573,0.7793721556663513,0.8333333333333334,0.7071067811865476,0.2320794416806389,0.1428720214849399,0.625,0.5,0.7289527058601379,0.43658672800462955,0.7959157331006848,0.3593290050960552
640506101_ae1145b6d1.jpg,a brown dog is running in the grass,a man and a big brown dog are playing tugofwar with a toy outside ||| a man and a dog are playing tug of war ||| a man and a dog tussle over a toy in a grassy yard ||| a man and his dog play tug of war with a rope ||| a man playing with his dog,0.2124474903527077,0.6976457685232162,0.5,0.2672612419124243,0.1059839832948326,0.0698534205658009,0.2419354838709677,0.2857142857142857,0.4258501231670379,0.19342096226598457,0.5526887866870946,0.35926782442111005
3608663656_9192a21eeb.jpg,a man in a red shirt is standing on the edge of a cliff,a man climbs up the side of a steep rock that overlooks a river ||| a man is climbing a steep and rocky cliff overlooking water ||| a man is climbing on rocks by the water ||| a man is climbing the side of a mountain over the ocean ||| a man rock climbing at the ocean,0.2160388441240546,0.6861697137355804,0.6428571428571429,0.3144854510165755,0.0937576306365305,0.0523186822010722,0.3494990892531876,0.4615384615384615,0.5556926131248474,0.26150145091081284,0.6200465703627764,0.3585451194519636
2303426046_09cfd7bc4e.jpg,a brown dog is running in the grass,a brown dog jumps in the air ||| a dog appearing to be malnourished is standing on his hind legs about to jump ||| a dog jumps high while outside ||| a dog jumps on a lawn ||| large brown dog jumping over a bush in a grassy area,0.5143849409862671,0.8166871964931488,0.75,0.5669467095138409,0.3769737205645769,0.180921760812233,0.6816901408450705,0.6666666666666666,0.7271464467048645,0.46598340758881446,0.8244205765442547,0.35843716895544026
2277081067_d2b4c98bce.jpg,a woman in a pink shirt is walking on the beach,a boy and girl are splashing around in the ocean ||| two girls are at the beach playing in the ocean ||| two girls playing at the beach one in pink and the other in black ||| two girls walking in the ocean ||| two young girls are wading in the ocean wearing shorts and sweat shorts,0.4532119203852747,0.6686341762542725,0.5454545454545454,0.2335496832484569,0.0846262997471468,0.0524634102286145,0.2307692307692307,0.2857142857142856,0.4668008983135223,0.19611755628686942,0.553811911198759,0.3576943549118896
3394750987_a32ecc477e.jpg,a man in a red shirt is jumping off a ramp,a boy on a skateboard grinding down a handrail ||| a boy skateboards down the metal handrail at night ||| a man is skateboarding down a railing on some stairs ||| a skateboarder slides down a metal railing ||| a young boy does skateboarding tricks down metal stairs,0.0184339808542847,0.7072677463293076,0.4545454545454545,0.2132007163556104,0.0796363970529507,0.0501257871573906,0.198019801980198,0.380952380952381,0.3766947984695434,0.17385488557770118,0.5313705198266403,0.3575156342489391
307994435_592f933a6d.jpg,a man in a red shirt and a red shirt and a red shirt and a red shirt and a red shirt and a red shirt and a red shirt,a man in a red jacket is holding a piece of paper while posing ||| an asian guy giving thumbs up with his eyes closed and tongue out ||| an asian teenager in a red jacket has his thumb up and his tongue sticking out ||| asian man giving thumbs up on street ||| man in red jacket giving a thumbsup with one hand a holding ticket in other,0.002498244761896,0.6348541378974915,0.2333333333333333,0.1793987403689809,0.1510778053489524,0.1264203703898735,0.2733262108262108,0.2727272727272727,0.434989720582962,0.15085020703131452,0.5083142166517939,0.35746400962047936
3027009366_c8362521e8.jpg,a football player in a red uniform is trying to score the ball,a group of men play soccer on the field ||| a man in a red uniform leaps in the air as one in a white uniform tries to kick a ball ||| during a soccer game one man is in the air while another has one foot down ||| the soccer player in white is challenging the player in red for the ball in midair ||| two soccer teams are playing one is in white the other in red,0.3171768703567184,0.7482316344976425,0.7692307692307693,0.5661385170722979,0.3876986054269914,0.2762935071062246,0.2890844640019558,0.4705882352941176,0.6825454235076904,0.3870757964442949,0.7439153861041635,0.3568395896598686
2340919359_f56787d307.jpg,a dog runs in the grass,a man is sitting on a black and brown dog ||| a man stands over a brown and black dog in the grass ||| a man wearing a black and white shirt jumping on a dog s back ||| an attack dog is working with his trainer ||| a running dog and a standing man on a dry field of grass,0.3630113179054734,0.7375914603471756,0.5971094254781577,0.5066641486392106,0.3582656552868946,0.1820465119903436,0.3912280701754387,0.5555555555555556,0.6594322919845581,0.36503568252586716,0.7218750963262583,0.3568394138003912
2275372714_017c269742.jpg,a group of people are playing in the field,a group of boys pouring soda into a white plastic bucket while a man pumps a bicycle pump ||| a man adolescent and two boys are mixing a bucket with liquid on a farm ||| a person pours water into a work bucket near a shovel and three other people ||| four guys are in a field ||| the kids watched as the soda bottle launched into the air,0.1670873459060132,0.7171646505594254,0.7117665803704959,0.3774712317014531,0.2535439569380798,0.1214436087767026,0.3174603174603175,0.4,0.5709894895553589,0.29785033816664,0.653613718294294,0.355763380127654
2460799229_ce45a1d940.jpg,a group of children are sitting on a lake,asian boys play on a raft in a lake ||| the three boys who are wearing life jackets are looking into the water ||| three boys in life jackets float on a raft ||| three boys wearing life jackets are on top of innertube in the water ||| three boys wearing yellow lifevests on a raft on the water,0.2122968618752908,0.7012902945280075,0.6666666666666666,0.408248290463863,0.1335314515048662,0.0793688092608621,0.3506944444444444,0.3333333333333333,0.5419601202011108,0.2683165297582706,0.6239423855054003,0.3556258557471297
530888330_a18343e38d.jpg,a man in a red jacket stands on a cliff overlooking a mountain,a shadowy male looking at the far away hills ||| a silhouette of a man over a mountaintop ||| a silhouette of a man overlooking a large valley ||| silhouette of man in front of mountain landscape ||| the man is in silhouette while the mountain landscape is visible,0.2951585942405522,0.6900423765182495,0.5384615384615384,0.3668996928526714,0.1069631055661771,0.0591460168684858,0.3957446808510638,0.3636363636363637,0.5260903835296631,0.2505811273363293,0.6056854387693014,0.35510431143297205
3160531982_37f5636b8a.jpg,a man in a red shirt is gliding in the air,a parachute is making his landing as the sunsets behind him ||| a person is parasailing as the sun sets ||| a person paraglides at sundown ||| a silhouette of a figure parachuting at sunset ||| with the sun rising a person is gliding with a huge parachute attached to them,0.2262825791142317,0.6995701044797897,0.4545454545454545,0.2132007163556104,0.0796363970529507,0.0501257871573906,0.2547945205479452,0.3157894736842105,0.3913229703903198,0.17921920170988134,0.5338840047292233,0.3546648030193419
3134385454_4f1d55333f.jpg,a boy in a blue shirt and a blue shirt is standing on a pool,a girl jumping into a pool with a man standing near ||| a girl jumps into a swimming pool with a guy in black ||| a man and little girl are playing in an above ground swimming pool ||| a man and little girl splashing in pool ||| a man in black clothes is watching a child making a splash in a pool,0.5844684508860601,0.672244057059288,0.6,0.2927700218845599,0.0870368742857023,0.048415247130346,0.3197278911564626,0.4000000000000001,0.5448760986328125,0.24843406190673617,0.6026431306667328,0.35420906875999664
3009644534_992e9ea2a7.jpg,a dog is running in the grass,a closeup photo of a small dog with a holey ball in his mouth ||| a dog carrying a white ball ||| a dog fetches a ball in a field ||| a dog trots with a ball in its mouth ||| the dog is carrying a whiffle ball outside,0.2964303385679334,0.7471080869436264,0.7142857142857143,0.4879500364742665,0.1682390865739974,0.1044552273072038,0.3995253164556961,0.3999999999999999,0.5587776899337769,0.31627853709747095,0.6701505230604894,0.35387198596301844
2505465055_f1e6cf9b76.jpg,a dog runs in the woods,a tan dog jumping through the field with some barren trees in the background ||| a tan dog runs through the brush ||| a white dog runs on brown grass ||| a white dog with beige spots is running through a field ||| the light colored dog is running through a field,0.4800747704041755,0.7450996339321136,0.7054014374088451,0.4887164517296948,0.1716157612115369,0.1092803207790092,0.4574275362318841,0.6153846153846153,0.6421459317207336,0.36476718293050603,0.7176463331448727,0.35287915021436667
2939475047_84585ea45c.jpg,a football player in a red uniform is trying to catch a ball,a football running back getting tackled ||| football player tackles a player who has the ball as a third player watches ||| one football player attempts to get the ball from another football player who is running ||| the american footballer in brown is tackling the player in whit who is running with the ball ||| this is a football game in progress,0.8379110318518297,0.6814280152320862,0.5698222022414253,0.3631918160634302,0.1035517362014523,0.0566260439529554,0.3453453453453454,0.3333333333333333,0.5479567646980286,0.25951969057275437,0.6117343817378609,0.3522146911651065
497791037_93499238d8.jpg,a boy in a blue shirt is playing in a swing,a boy jumping off a swing ||| a boy jumps off a swing on the swing set when its high enough ||| a child in a white shirt coming out of a swing in midair ||| a young boy leaps off a swing ||| the boy wearing white is leaping from the swing,1.452782623949847,0.817546546459198,0.8181818181818182,0.4954336943068622,0.1397149425541143,0.0764116619450946,0.4855769230769231,0.4999999999999999,0.5886320471763611,0.39198193605580295,0.7435441061532831,0.3515621700974802
3718007650_e5930b4509.jpg,a group of people sit in front of a large row of people,a girl with a black dress and big white bow stands with her back to the camera ||| many people gather outside ||| people stand outside watching something ||| people with costumes are gathered in a wooded area looking the same direction ||| the back of a woman in costume little girl looks at her,0.0436841976780632,0.5736968666315079,0.3846153846153846,0.1790287185098582,0.0662955289840255,0.0413155159110629,0.165289256198347,0.2307692307692307,0.4649707376956939,0.12756515352742584,0.477506158885437,0.3499410053580112
2230067846_74046b89d3.jpg,a boy in a blue shirt is running on a sidewalk,children stretch outside ||| two boys hold their feet in their hands while balancing on one foot ||| two boys in running clothes stretching ||| two boys standing holding the ankle of one crossed leg ||| two young man holding one leg in their hand,0.0361941000680392,0.6857964396476746,0.2727272727272727,0.0522232967867093,0.0311765953881872,0.0248084150017018,0.3931623931623932,0.3529411764705882,0.3320594429969787,0.1384241749614692,0.4880753531757731,0.3496511782143039
1818403842_553a2a392c.jpg,a black dog is running in the water,black dogs jump in pool to a hand ||| two black dogs are diving into a pool to get a dog toy ||| two black dogs jump in a pool ||| two black dogs jump into a blue swimming pool ||| two dogs are leaping into a swimming pool trying to fetch the yellow toy that is floating in the water,0.1927348692203354,0.8176733553409576,0.875,0.4999999999999999,0.3466806371753174,0.1699044244847122,0.4445422535211268,0.3999999999999999,0.5657274723052979,0.38080843859269536,0.7301583525621327,0.3493499139694373
2952320230_26601173be.jpg,a man in a white shirt is holding a tennis ball,a female tennis player swings for the ball ||| a woman intensely playing tennis in an allwhite outfit ||| a woman swinging a tennis racket on the court ||| the tennis player dressed in white swings the racket ||| the woman is dressed in all white swinging a tennis racket,0.9698165484176547,0.6989079713821411,0.6363636363636364,0.2522624895547565,0.0890883567703394,0.0545246911963086,0.3381818181818182,0.3636363636363636,0.518404483795166,0.25915032231421115,0.6081850545613554,0.34903473224714426
3636247381_65ccf8f106.jpg,a man in a white shirt is jumping over a fence,a baseball is being thrown at a volleyball net ||| a boy whose head has been replaced by a baseball ||| a child hits a baseball into a net ||| a child is throwing a baseball into a net ||| a young boy with a baseball obscuring his face through a net,0.0024991501814025,0.7046706974506378,0.3636363636363636,0.0603022689155527,0.0343142832800059,0.0266583768170288,0.217391304347826,0.3157894736842105,0.2734701931476593,0.12035277271021007,0.4685338715814916,0.34818109887128157
551403320_dfdcf9fc3b.jpg,a man is climbing a rock face,a climber traverses a rope ladder between cliffs ||| a long woman wearing a white helment crossing a chain linked bridge ||| a man is crossing a mountain pass on a metal bridge ||| a woman is walking across a step ladder bridge between two mountains ||| a woman traverses a wire bridge across a rocky canyon,0.0403226254469546,0.693109929561615,0.4953587998572467,0.3783365327513854,0.2916854920503117,0.1522862198243566,0.2977594339622642,0.4444444444444444,0.5505530834197998,0.27495382728613144,0.6225198245326338,0.34756599724650233
609681901_66809d2dc1.jpg,a little girl in a blue shirt is playing in a blue toy,two girls play outside with chalk ||| two little girls are sitting on pavement playing a game with candy ||| two little girls play with sidewalk chalk ||| two little girls sit in front of the flower garden playing with chalk ||| two young girls sitting on a sidewalk coloring on it with chalk,0.1352816359012032,0.7098212838172913,0.3076923076923076,0.0506369683541833,0.0285658774874397,0.0219728138749971,0.3362573099415205,0.32,0.285392016172409,0.1321678707000759,0.4796347682603874,0.3474668975603115
3556598205_86c180769d.jpg,a dirt biker is riding a bike on a dirt bike,a dirt biker aggitates dirt on a four wheeler ||| a man is riding a four wheeler through some dirt ||| a person drives an atv through mud ||| a person on an allterrain vehicle sending up clouds of dust ||| a quad sends dirt flying into the air,0.5495865277917547,0.8035650849342346,0.7272727272727273,0.6030226891555273,0.4323328781653519,0.1782753104279625,0.5555555555555555,0.5,0.6652771830558777,0.4312942303651609,0.7775939544944928,0.34629972412933185
3215081286_d55541aa6b.jpg,a man in a red shirt is standing in a store,a dark street scene shows a neon lights and a group of people dining while another group walks ||| people inside a shop at night while other people walk around outside ||| people sit in a lit alcove off a dark street ||| some people in building as seen from the street at night ||| there are some people in a restaurant and two men walking by them,0.0043666431592419,0.6340262293815613,0.3636363636363636,0.1906925178491184,0.0739278822620259,0.0474060425987813,0.157563025210084,0.2857142857142856,0.3884947896003723,0.13415763807428033,0.48028192132379455,0.3461242832495142
2393971707_bce01ae754.jpg,a man in a red shirt is walking on a bench,people in red and pink walking down large steps ||| people walk down steps ||| two people descending a set of gray steps ||| two people walking down some stairs ||| two women walk down some stairs with intricate designs on the railings,0.1596475602223178,0.6636387854814529,0.415045780128301,0.0615612377332589,0.0337518011233433,0.0257383018097385,0.1630434782608695,0.3,0.3286179602146148,0.1225548972420466,0.46849131969161745,0.34593642244957085
3206999917_e682672cbc.jpg,a dog runs in the snow,a black brown and white dog with his tongue out is in the snow ||| a black white and brown dog waking in the snow with a red toy in its mouth near an icey tree ||| a dog is walking along a snowy surface ||| a young lassie looking dog is in the snow ||| the dog walking through the snow is licking his nose,0.5112313952107707,0.7387199252843857,0.5971094254781577,0.5066641486392106,0.3582656552868946,0.1820465119903436,0.5126436781609196,0.6666666666666667,0.7082731127738953,0.4057913291504178,0.7515268142946336,0.3457354851442158
3520617304_e53d37f0af.jpg,a man in a black and white and white and white dog jumps over a fence,a military uniformed man performing a takedown maneuver on a similarly dressed man ||| one marine flips another one down ||| one military man executes a combat move on another outside a gated facility ||| one soldier throws another soldier with a shaved head onto the ground ||| two military men practicing a takedown maneuver,0.0155459389217934,0.6630180031061172,0.25,0.0408248290463863,0.0228335570198147,0.0173957973756422,0.150375939849624,0.2758620689655172,0.2573038041591644,0.08138131061259327,0.42600956605828594,0.34462825544569264
488408004_a1e26d4886.jpg,a boy in a blue shirt and jeans is walking down a bench,a child in formal clothing is walking along the edge of a stony area that is littered in places ||| a little boy with a blue jacket is making a sour face at the camera ||| a young boy wearing a light blue jacket walks across the brick patio ||| a young boy with a blue coat makes a funny face as he walks towards the grass ||| the young boy is walking wearing a blue jacket a black sweater and white collared shirt,0.3177839193626385,0.7554131001234055,0.7692307692307693,0.3580574370197165,0.1052375924500303,0.0584289629378666,0.4020700636942675,0.4285714285714285,0.4965770840644836,0.2956541913986312,0.6401076211460388,0.3444534297474076
599366440_a238e805cf.jpg,a dog is jumping through the grass,a black and white dog has pinned a brown dog to the ground in front of a wishing well ||| a white dog is trying to play with a brown dog ||| a white spotted dog plays with a brown dog on the green grass ||| two dogs play together on the grass in front of a small stone well ||| two dogs wrestling on a green lawn,0.2292030220675486,0.66947802901268,0.7142857142857143,0.4879500364742665,0.1682390865739974,0.1044552273072038,0.2373120300751879,0.4,0.6012819409370422,0.28934528560358036,0.6336631517365194,0.3443178661329391
2746839158_4195210d27.jpg,a boy in a blue shirt is jumping into a fountain,children playing outside in a fountain ||| two boys in underwear play in the water in the city street ||| two little boys play in the water left behind by the sprinklers ||| two young boys are playing in a fountain in a city plaza ||| two young boys play in the water that has collected on the street,0.5423211440844359,0.6658963859081268,0.3320366241026409,0.2462449509330356,0.0850492094143313,0.0514766036194771,0.3931623931623932,0.3529411764705882,0.4594208598136902,0.2038264320681422,0.5472971170048939,0.3434706849367517
2057160636_6e9cf3b5f0.jpg,a man in a red shirt is riding a canoe on a lake,a man paddling in water ||| a person paddles a boat on a lake ||| beautiful scenery with a boat on the lake ||| person canoes in lake ||| the person is in a conoe and holding a paddle in front of some mountains,0.2633133035306176,0.7108549773693085,0.5276331810218101,0.3883275066603749,0.2273681854948723,0.1001944436308141,0.5247058823529411,0.4761904761904762,0.5816684365272522,0.3114400084850294,0.6549017194228052,0.3434617109377758
2528547068_7d37479b9b.jpg,a race car in a red car in a dirt road,a race car drives through a dirtcovered racetrack ||| a red car emitting smoke while on a paved track ||| a red race car pulls off the track smoking ||| a red race car travels down a road marked with red and white striped ribbons ||| a red rally car taking a slippery turn in a race,0.9531160778999238,0.7559572160243988,0.7272727272727273,0.6030226891555273,0.4323328781653519,0.1782753104279625,0.4359925788497217,0.4545454545454545,0.7040472626686096,0.4193705225517083,0.7626974274116338,0.3433269048599255
2943384009_c8cf749181.jpg,a motorcycle racer in a red helmet is riding a motorcycle,a black and white motorcycle is being ridden around a racetrack ||| a man on a motorcycle is racing on a track ||| a motorcycle racer speeds down a track ||| a orange white and black motorcyclist racing ||| a professional motor racer in motion,0.6677413503685847,0.7426240295171738,0.6363636363636364,0.4369314487526514,0.2768182380588132,0.1276067148780707,0.3931623931623932,0.4444444444444444,0.5775084495544434,0.334374354340551,0.6776260541931527,0.3432516998526017
1457762320_7fe121b285.jpg,a man rides a bike on a bike,a group of bicyclists getting ready for a ride ||| a group of cyclists is pausing nearby a green and tan sign ||| a group of men are standing around and drinking water with their bikes ||| a group of men chat and drink water from water bottles while standing by their bicycles ||| men in athletic clothing stand near bicycles,5.5604142649828016e-06,0.6316798180341721,0.25,0.0597614304667196,0.039044833280954,0.033031643180138,0.1685393258426966,0.2352941176470588,0.3026111721992492,0.08461877420092136,0.4278542689311082,0.34323549473018683
357725852_6f55cb9abc.jpg,a man is jumping into a lake,the two people are on the end of the dock with a boat behind them and they are surrounded by water ||| two people are looking out into the water at the end of a wooden jetty ||| two people are standing at the end of a wooden dock ||| two people stand on a dock looking out onto a lake ||| two people stand on a dock looking out to a great lake,0.2618686091920313,0.6806564331054688,0.3226960697187195,0.1742757960201972,0.0700022431607637,0.0469112387235415,0.2410901467505241,0.3333333333333332,0.3536617159843445,0.15365896262835527,0.4967218613773628,0.3430628987490075
2403078014_4b1d6f8bde.jpg,a man in a blue helmet riding a bicycle on a bike,a boy riding a unicycle in the park ||| a person is riding a unicycle around orange cones ||| a person riding a large unicycle ||| a unicycle rider in the foreground with other cyclists in the background ||| a young person wearing a helmet rides a unicycle,0.3232332880103465,0.7529839873313904,0.5,0.2132007163556104,0.0768880959828629,0.0474060425987813,0.4000000000000001,0.4761904761904762,0.3935231864452362,0.23567197459842434,0.5775045580182615,0.34183258341983713
533483374_86c5d4c13e.jpg,a dog runs along the beach,a brown and white dog is standing on a beach with a tennis ball beside it ||| a dog is on the beach near a ball ||| a dog on the beach ||| the brown dog is standing next to a ball on the beach ||| the dog stands in the sand near the ocean,0.9604939332987488,0.8327610790729523,0.6666666666666666,0.5163977794943222,0.1882072057762057,0.1220947167161568,0.9490196078431372,0.7272727272727272,0.6918457746505737,0.47542168856516626,0.8163724207306502,0.34095073216548394
2196846255_2c1635359a.jpg,a brown dog is running in the water,a dog standing in the shallow part of the ocean while the waves splash around ||| a dog standing in the water ||| a wrinkled dog wading in shallow water ||| the large brown dog is walking through water in the ocean ||| the large brown dog stands in the choppy water,0.9440536113990332,0.9010308980941772,0.875,0.7071067811865475,0.5503212081491045,0.2402811414134754,0.7193548387096775,0.7142857142857143,0.7536628246307373,0.5660498308271312,0.9068672426587265,0.3408174118315953
3715469645_6d1dc019b3.jpg,a woman in a pink shirt and a woman in a black shirt and a woman in a black shirt and a woman in a black shirt and a woman in a black shirt and a woman,two females are standing next to each other and appear to be unexcited ||| two girls are standing by a wooden wall looking off to their left ||| two women with black hair stand in front of plywood ||| two young women are leaning up against a wooden wall ||| two young women one with folded arms look off screen,5.247199251807934e-07,0.5458714067935944,0.1081081081081081,0.0173291748303345,0.0095023110093323,0.0070876489890461,0.0787401574803149,0.0851063829787234,0.2905247509479522,0.011941495669964304,0.35274334255772627,0.34080184688776194
769260947_02bc973d76.jpg,a dog is running in the water,a dog stands shoulder deep in muddy water ||| a dog with white fur is moving through deep murky water ||| a light tan dog swimming through swampy water ||| a white dog is standing in mud up to its neck ||| a white dog is wading in natural water with algae,0.4319354807627646,0.7622797787189484,0.6191984998215584,0.4229931028018367,0.1458427460251559,0.0905499280659966,0.4207547169811321,0.588235294117647,0.5292642712593079,0.3244163125250501,0.6647950135004753,0.3403787009754252
3242919570_39a05aa2ee.jpg,a dog runs in the sand,a dog is running through the snow ||| a thin white dog is running through snow ||| a white dog with black markings runs through the snow ||| a white dog with red ears is running in the snow ||| a white dog with tan ears is running through the snow,0.2737403542841093,0.8073777705430984,0.7054014374088451,0.4887164517296948,0.1716157612115369,0.1092803207790092,0.4574275362318841,0.6153846153846153,0.5253604650497437,0.35792447610037964,0.698232015378744,0.3403075392783644
2624457062_89efc497a8.jpg,a man in a red shirt is standing on a bench with a building,a boardedup painted white brick building with a man standing in front ||| a man poses in front of a run down house ||| an older looking man with glasses and a white mustache is in front of an abandon building ||| an older man stands outside a old boarded up building ||| an old man stands in front of a rundown building,0.3838107033247975,0.6823180615901947,0.5714285714285714,0.2964997266644404,0.0901479349990512,0.0508005794303819,0.3931080628972901,0.3333333333333333,0.4907839000225067,0.2395605975617709,0.5787762126380844,0.33921561507631354
241346580_b3c035d65c.jpg,a football player in a red uniform is running in the air,a group of men play a college football game ||| a red team and a white team are playing football ||| football players avoiding a fumble ||| the football player in red is running with the all towards the player in white ||| the football players are wearing red and white and the crowd is also wearing red and white,0.8635443866067767,0.76653853058815,0.8333333333333334,0.5504818825631803,0.311765953881872,0.1354599427337814,0.4483430799220272,0.5185185185185186,0.6714894771575928,0.41317305576859686,0.7519119850224116,0.33873892925381477
2335634931_7e9e8c2959.jpg,a man in a black and white and white and white and white and white dog is jumping to catch a dog,a dog attacking a guy ||| a dog biting a man who is falling to the ground ||| a dog is jumping up at a large man who is wearing jeans and a blue and yellow jacket ||| a man is being attacked by a german shepherd ||| dog jumping onto a man in a yellow jacket,0.1046435618777927,0.7094103097915649,0.5,0.3779644730092272,0.2777566121439122,0.1832567180568652,0.4139697950377561,0.2580645161290322,0.502733051776886,0.26877565237966644,0.6072797335296936,0.3385040811500271
3455757720_7aeba57056.jpg,a dog runs on the sand with a stick in the background,a brown dog running along the dirt shore of a stream ||| a small dog running on a beach ||| a small furry brown dog is running on the shore of the ocean ||| a woman sitting on the sand at the beach with a furry animal in the foreground walking towards her ||| dog running away from woman on the seashore,0.1765045785693082,0.7515223324298859,0.75,0.5222329678670936,0.3010067189543958,0.1319384917132592,0.5946666666666668,0.5263157894736842,0.6599176526069641,0.3951627416668014,0.7331996749125076,0.3380369332457062
3185662156_c877583c53.jpg,a man in a red jacket is riding a sled,a boy is riding a red sledge down a snowy hill ||| a child in a blue jacket going down a hill on a sled ||| a kid riding a red sled down a snowy hill ||| a little kid in blue is sledding down a snowy hill ||| a young child is sledding down a snowy hill on a red sled,1.0987760068887618,0.8765940368175507,0.9,0.7071067811865476,0.3968502629920499,0.1728603923209705,0.4689092762487256,0.5217391304347826,0.6266942024230957,0.4749633690240508,0.8127442656717994,0.3377808966477486
3410899419_4f8dca6f3f.jpg,a group of children play in a pool,a group of young naked children showering near large metal containers and a yellow bucket ||| a group of young naked children showering outside ||| children are bathing in the falling water ||| children bathe in water from large drums ||| naked children bathe outside under a stream of water,0.4730777517597576,0.7960430532693863,0.75,0.4629100498862757,0.3293168780041747,0.1634812655665548,0.39453125,0.5,0.5560314059257507,0.3704369366239592,0.7073094868088117,0.33687255018485246
2978236380_fb24c43f1e.jpg,a man with a white shirt is holding a guitar,a man playing guitar sings into a microphone ||| a man plays guitar and sings into a microphone ||| an older man is playing a guitar and singing into a microphone ||| hawaiian man singing into a red microphone ||| the hawaiian singer belts out a tune,0.6960171892464795,0.7015015184879303,0.5,0.3333333333333333,0.1115721583470282,0.0667409471904148,0.2439024390243902,0.3636363636363636,0.4478009045124054,0.23184093627706476,0.5686687180955112,0.33682778181844647
1479124077_17dcc0d5d7.jpg,a young boy is jumping into a tree,a barefoot boy in shorts and a tshirt jumps in muddy grass ||| a child plays in the mud ||| a muddy child jumps into more mud on the ground ||| a wet boy jumping around on dirty wet grass ||| young boy covered in grass jumping near a wooden fence,0.2968396523850302,0.7570131123065948,0.6618726769384466,0.2888649183327127,0.1070657377961178,0.0682218798076897,0.3220663265306122,0.4444444444444445,0.4190735220909118,0.26070099166490246,0.5957412926624955,0.3350403009975931
3613005134_bb7f304da1.jpg,a man in a white shirt and white shirt is playing in the air,an opposing wrestler is jumping off the top ropes onto another wrestler ||| a wrestler is jumping off of the ring to hit his competitor ||| a wrestler is ready to jump on another wrestler outside the ring ||| one professional wrestler leaps onto another outside the ring ||| two men are wrestling,0.0036807409416149,0.6405779719352722,0.2142857142857142,0.0405998971470575,0.0239491189052147,0.018798317647335,0.1229508196721311,0.2307692307692307,0.2416291981935501,0.06470620232541154,0.3989989023149515,0.33429269998954
2346523971_d3f1e12ce4.jpg,a group of people are playing in the air,three girls dancing in front of a couple of musicians ||| three girls in hats and dresses dance to music played by boys in the background ||| three girls in western hats dance for a band ||| three girls wear straw hats and dance on a stage ||| three young girls in hats are dancing,0.0352396227293531,0.6429620087146759,0.5555555555555556,0.2635231383473649,0.0997347467647626,0.0637671569379741,0.1774691358024691,0.25,0.4304637908935547,0.17822446359352434,0.5120740068244704,0.333849543230946
438639005_208bc59b0b.jpg,a boy in a red shirt runs on a field,a boy in red and a girl pink are walking through a low cut field ||| the little boy and little girl are walking side by side ||| two small children walk away in a field ||| two small children walking in a field ||| two young children are walking across an open field,0.5150066440873241,0.7731099426746368,0.7,0.557773351022717,0.3387987856049512,0.1535259783865636,0.3947923997185081,0.48,0.5884463787078857,0.3748522645858753,0.7082233001544587,0.3333710355685834
319869052_08b000e4af.jpg,a man in a red shirt is standing on a cliff overlooking a lake,a man is on top of a ridge looking at a small stone tower ||| a man looking at a rock formation ||| a man puts his hand to his head on a rock wall ||| a person screening their eyes standing beside a tower of flat stone ||| a person stands next to a rock monument with his hand near his head,0.0538458136317262,0.6341470777988434,0.5,0.2773500981126146,0.0862233979611117,0.0491327054814442,0.2142857142857143,0.4285714285714285,0.480984479188919,0.20189326031772412,0.5348357036361047,0.3329424433183805
2393264648_a280744f97.jpg,a woman in a red shirt is standing on a beach,a child on the beach while a woman takes pictures nearby ||| a little girl in red at the beach while a adult points a camera ||| a man and a girl are at the shoreline while the man takes a picture and the girl hods a doll ||| a woman is taking a photograph on a beach at the edge of the water while a girl stands in the foreground ||| a woman taking pictures of the surf and a child in the foreground,0.3502834259925368,0.671936646103859,0.8181818181818182,0.4954336943068622,0.3010067189543957,0.1358812851238165,0.2272727272727273,0.3636363636363636,0.6415552496910095,0.32655914858765867,0.6593243201557251,0.3327651715680664
3660361818_e05367693f.jpg,a man in a blue shirt is walking down a railing,a skateboarder flies through the air over the staircase of a sleek contemporary building ||| a skateboarder leaps of steps outside a corporate building ||| people sitting on steps with large buildings in the background ||| skateboarders are doing tricks on a staircase next to mirror buildings ||| someone skateboarding over steps surrounded by buildings,0.0003332826587896,0.581551268696785,0.2727272727272727,0.0522232967867093,0.0311765953881872,0.0248084150017018,0.108695652173913,0.1999999999999999,0.3246267437934875,0.07003173786719165,0.40109528807957723,0.3310635502123856
3484625231_5b1a1a07b8.jpg,a man in a red uniform is playing in the ball,a football player in possession of the ball gets tackled by a football player on the opposing team ||| a football player leaps in the air while another tries to hold onto his foot ||| male football player in orange and white uniform dodges tackle of another player ||| two guys playing football ||| two men during a football game,0.1525042737189564,0.7118605077266693,0.5305700387751149,0.2974438831349583,0.0935840093235383,0.0540614986191304,0.1750380517503805,0.2758620689655172,0.3433655500411987,0.18463506519121917,0.5153855206317866,0.33075045544056736
345684566_235e8dfcc1.jpg,a dog is running in the grass,a brown and white dog is walking on a woodland path ||| a dog with floppy ears walking towards the camera in the woods ||| a shaggy dog walks on a dirt road in a forest in winter ||| brown and white dog is trotting across dirt with trees in the background ||| there is a brown and white dog running over dirt,0.2775826697476145,0.6605088710784912,0.558376335026619,0.4264669702552506,0.1333188412363979,0.0788173988774222,0.3260869565217391,0.4210526315789474,0.5515316128730774,0.26660308394670407,0.59726296406467,0.330659880117966
3158327361_6f1a518228.jpg,a group of people are jumping into the beach,a couple of people running on the shore near the beach ||| a man and a woman hopping acrouss hot sand ||| people running away from seagulls on the beach ||| two people run in the sand at the beach ||| two people run along a beach with seagulls,0.6590042989332476,0.7216531038284302,0.5555555555555556,0.372677996249965,0.125657906854859,0.0758323567341339,0.412962962962963,0.5,0.5174158215522766,0.29506986569656174,0.6256261309225561,0.3305562652259944
2924870944_90ff9eca1a.jpg,a brown dog is running in the grass,a brown dog bolts towards the camera with his tongue out and mouth open ||| a brown dog runs over a dirt and grass background ||| a dog running towards the camera ||| a dog with its tongue out of its mouth ||| the brown dog is running along a grassy pathway,0.9370635750450996,0.8035120368003845,0.772184789761521,0.6240195441936914,0.5559382120166786,0.4173070202953371,0.6320224719101123,0.5714285714285715,0.8040231466293335,0.5289173218960104,0.8592456821369807,0.33032836024097034
2431470169_0eeba7d602.jpg,a man in a blue shirt is sitting on a bench with a woman in a blue shirt,a man sitting at an outside table eating lunch marking on a paper ||| a single man sitting at a round table reading outside of a shop ||| man reading a newspaper at an outdoors restaurant ||| man reading in a chair outside ||| the man is taking notes at the table,0.0577897877241312,0.7668189704418182,0.4444444444444444,0.2800560168056019,0.0788478660819147,0.0425176882621276,0.3549382716049383,0.3225806451612903,0.2894268035888672,0.1968830034645859,0.5271753186197081,0.33029231515512225
124195430_d14028660f.jpg,a dog runs in the sand,a brown horse and a black foal on the beach ||| a brown horse stands near a black horse that is sitting on the ground ||| a large brown horse stands over a small black colt that is kneeling on the sand ||| an adult horse approaching a foal on a sandy plain ||| a thin brown horse standing and a small black horse sitting on sand,0.0956757912449493,0.6627599895000458,0.256708559516296,0.1623567485864775,0.0696814236281736,0.0490540685774021,0.1703703703703704,0.2727272727272727,0.2890383005142212,0.11648593098648738,0.44449041991387644,0.3280044889273891
2932498509_27cb0038ec.jpg,a boy in a blue swimsuit is swimming in the water,two boys splashing each other in the ocean ||| two boys splashing in the surf ||| two boys splash in the big ocean ||| two children splashing in the ocean ||| two shirtless young people playing in the water,0.0824962863621369,0.6918211281299591,0.2727272727272727,0.2335496832484569,0.1823218358642896,0.0932946021899707,0.3931623931623932,0.3529411764705882,0.3871565759181976,0.19779909767086243,0.5252905526732444,0.32749145500238197
2199250692_a16b0c2ae1.jpg,a group of people walking around a crowded road,a man is pulling a cart on wheels loaded with nets and is in front of the ocean blue company ||| a man pulling around some odd thing on wheels ||| a person walks with an artistic contraption in front of the ocean blue company ||| man pulling a cart in the street ||| the man in the hat and sandals is pulling a cart behind him,0.0386112084245719,0.6197322532534599,0.4444444444444444,0.0745355992499929,0.0429743996463099,0.0339132609103075,0.1111111111111111,0.2222222222222222,0.3302912414073944,0.1073071618716432,0.4346850928625866,0.3273779309909434
2662537919_18a29fca8a.jpg,a man wearing a black shirt is holding a guitar,a closeup shot of a long haired man playing a red electric guitar ||| a man rocks out onstage with his guitar ||| a man with long blonde hair playing a red guitar ||| man with long blond hair playing red electric guitar ||| person with blonde flyaway hair playing guitar,0.9903794038711268,0.6630893051624298,0.5,0.2357022603955158,0.0885548807652176,0.0561222232430572,0.2,0.4000000000000001,0.464651495218277,0.22162951049865773,0.5481525947014904,0.3265230842028326
661757041_61e131e913.jpg,a dog is playing with a ball in the grass,a little dog is attempting to catch a red ball ||| a small black and brown long haired dog prepares to catch a red ball in the grass ||| a small dog is about to catch a red ball while in the grass ||| a small dog tries to catch a red ball ||| dog catching red ball in a field,0.9970577950956708,0.8323539048433304,0.8,0.5962847939999439,0.446288633388113,0.3356891925037239,0.5164292279411764,0.6666666666666666,0.7093482613563538,0.5008437358354806,0.8263552583842737,0.3255115225487931
2886411666_72d8b12ce4.jpg,a dog is running in a grassy area,a black brown and white dog is running beside a green fence in a grassy garden ||| a dog is galloping through the grass ||| a dog runs through a lush green lawn ||| a tricolored dog is running on the green grass ||| dog running through grass in fenced in area,0.6737525764441767,0.8399496227502823,1.0,0.8451542547285166,0.709491705985192,0.2907153684841096,0.4424006444683137,0.5833333333333334,0.8054015040397644,0.5634761948054468,0.88893033736468,0.3254541425592332
3113322995_13781860f2.jpg,a dog is running through the snow,a bobsled team runs through a snowy trail ||| a pack of huskies run across the snowy ground ||| a sled and dogs mushing ||| the dogs run in the snow pulling a sled with a person ||| the dog team is pulling the man on the sled,0.1786369927661855,0.6368346512317657,0.7430381997858699,0.3276490485424231,0.1230085359949233,0.0796940544566811,0.3995253164556961,0.4210526315789474,0.6082030534744263,0.2867381341770296,0.6118717564300856,0.32513362225305603
95728660_d47de66544.jpg,a man in a red shirt is riding a bike on a hill,a guy is riding a bike up the side of a hill ||| a young man bicycles towards the camera and away from beautiful mountains on a clear day ||| man on bike in mountains ||| man riding a bicycle down a narrow path ||| man riding bike on trail,0.8881291396280017,0.8080154657363892,0.7692307692307693,0.6201736729460423,0.4119912453171404,0.2891784933232572,0.555742958340361,0.5599999999999999,0.6948352456092834,0.47374902702090577,0.7985242451255237,0.3247752181046179
1814086703_33390d5fc7.jpg,a dog runs through the grass,a dog looks behind itself ||| a tan dog is running alongside another dog outside ||| two dogs are running next to each other on the grass ||| two dogs run together near the leaves ||| two small dogs run on a dirt road covered in leafs,0.2174714003048004,0.6425144523382187,0.6666666666666666,0.5163977794943222,0.1882072057762057,0.1220947167161568,0.3703703703703703,0.4705882352941177,0.6606877446174622,0.3225767637153272,0.6472754594503736,0.3246986957350464
527968666_1fcddf81ab.jpg,a black dog is jumping into the water,a big furry black dog is on a blue leash and is coming out of the water ||| a black dog on a blue leash is walking in a stream ||| a black dog on a leash walking in water ||| a wet black dog emerges from the water ||| the dog is on a leash and is walking out of the water,0.6919660558272258,0.8541858941316605,0.75,0.6546536707079771,0.5227579585747102,0.2311974229581395,0.5575,0.625,0.655158281326294,0.4873584524206013,0.8117477723466875,0.3243893199260862
3638178504_be1ff246bd.jpg,a woman in a red shirt is riding a horse in a park,a little girl is looking at the two horses on the other side of the fence ||| a small child staring at a horse and a pony ||| two horses are looking at a small child ||| two horses look over a fence at a child wearing a red sweatshirt ||| two horse stare at a young child with crumbling structures nearby,0.3325467041019656,0.6978265941143036,0.4615384615384615,0.2773500981126146,0.0887608230900683,0.0514240160502826,0.3064320388349515,0.3478260869565217,0.3896241188049316,0.20744713395491074,0.531502164756856,0.3240550308019452
3197981073_3156963446.jpg,a man in a blue shirt is playing in the air,a woman playing an acoustic guitar with a microphone ||| a woman singing and playing the acoustic guitar onstage ||| a woman sings into a microphone while playing guitar ||| a young brown haired woman plays her guitar and sings into a microphone ||| a young woman plays guitar and sings on a stage,0.116445280330335,0.6650160998106003,0.3636363636363636,0.0603022689155527,0.0343142832800059,0.0266583768170288,0.1630434782608695,0.3,0.2739274799823761,0.11338938655273807,0.43738089130476,0.32399150475202193
2475300106_b8563111ba.jpg,a dog runs in the grass,a beige dog runs through the shrubbery toward the camera ||| a blond dog runs down a path next to a rhododendron ||| a brown dog is running through a wooded area ||| the dog is running through the yard ||| the yellow dog is running next to a bush on a path in the grass,0.402369401233809,0.7849429547786713,0.846481724890614,0.6556819246740553,0.4497605293057443,0.2250920142162334,0.3624901497241923,0.5,0.652717649936676,0.4318699589461944,0.7554427466136419,0.32357278766744746
3737539561_d1dc161040.jpg,a girl in a blue shirt is standing on a large large pile of trees,there are two kids in swimmies playing outside next to some trees ||| two boys with long blond hair are climbing on a hillside ||| two boys with water wings climb a tree ||| two children posing for a picture wearing water wings and sitting on a rock ||| two little boys are sitting on a clump of dirt,0.0746334257876928,0.6494055688381195,0.4,0.1690308509457033,0.0603479980702305,0.0367876324992777,0.2433862433862433,0.24,0.3413015604019165,0.141296199239687,0.46468106119272273,0.32338486195303573
1466307489_cb8a74de09.jpg,a man in a red helmet is riding a wheelie on a dirt road,men in helmets and orange vests pulling a jeep out of a ditch ||| men in orange safety vests pulling vehicle out of a ditch ||| men in orange vests try to free a vehicle stuck beside a road ||| three man in hi viz jackets are pulling attempting to pull a trapped four wheel drive car from a ditch ||| three men in orange vests are pulling a jeep out of a ravine while another man sits inside,0.0489587963288953,0.6197792291641235,0.3571428571428572,0.165748386032949,0.0611747857152693,0.0379822922682767,0.1917525773195876,0.2962962962962963,0.3693044781684875,0.13471535078320218,0.45769334952912966,0.3229779987459275
3264650118_be7df266e7.jpg,a man in a red jacket is snowboarding in the snow,a man crosscountry skis on a snowy path ||| a man skies on the snowy ground among trees ||| a man skiing through a wintry wooded area wearing a red jacket ||| crosscountry skiers are traveling through a snowy forest ||| people hike in the snow surrounded by trees,0.2998633775249942,0.6875218451023102,0.6640732482052818,0.550620449402368,0.3947634607251549,0.1627833136472153,0.3747899159663866,0.4347826086956521,0.6609285473823547,0.36053823095795134,0.683081020730178,0.3225427897722266
3041487045_b48ac7ed08.jpg,a brown dog runs in the grass,a dog runs through the woods ||| a pale tan dog romps through a wooded area ||| a tan dog is carrying a small object in its mouth ||| a tan dog running ||| a yellow dog is trotting through the leaves,0.4203755595241392,0.716049075126648,0.7142857142857143,0.3450327796711771,0.1335314515048662,0.0878360261971396,0.5943152454780362,0.6153846153846153,0.6138769388198853,0.3556223004101721,0.6779819116037824,0.3223596111936103
2273799395_5072a5736d.jpg,a group of people are walking down a mountain,a group of people hike in skis ||| a group of skiers head up an incline in the snow ||| a lady in red gloves on ski s has four people behind her ||| people are crosscountry skiing in a single file line ||| quite a few hikers walk through the snow with their gear,0.4826011362504725,0.7445412874221802,0.5555555555555556,0.5270462766947299,0.4297439964630993,0.3391326091030749,0.5208333333333334,0.5,0.6670646667480469,0.40960848986851006,0.7318760766280151,0.32226758675950506
2403544744_cba152f5c1.jpg,a dog is running through a grassy field,a dog runs by two cows ||| a light brown dog is playing in front of two spotted cows ||| dog herding cows ||| dog running in front of two white and brown cows ||| two cows stand nearby while a dog races past both of them,0.1963064136609992,0.7177430391311646,0.5,0.3779644730092272,0.1335314515048662,0.0830701847441279,0.3232758620689654,0.4285714285714285,0.4311266541481018,0.249462172512856,0.5717206542026987,0.3222584816898427
3353400143_8b9543f7dc.jpg,a motorcycle racer in a red helmet is riding a motorcycle,a man in a yellow outfit riding a yellow motorcycle ||| a motorcyclist in yellow ||| a motorcyclist in yellow and white rides his bike ||| a yellow motorcycle drives down the road ||| a yellow motorcycle is being ridden on a racetrack,0.3393911247347843,0.7173982262611389,0.6363636363636364,0.3567530340063378,0.1122442959954951,0.0648411507139764,0.5060506050605059,0.5714285714285713,0.5445212721824646,0.31618884595653457,0.6382142902485703,0.3220254442920358
3708244207_0d3a2b2f92.jpg,a boat on a boat,a dock over water with a palm tree at the end and five boats during twilight ||| a man stands on a dock near several boats while other men are on one of the boats ||| boats docked at a pier which has three men and a lone palm tree ||| boats parked at a marina at sunset ||| there are three people on the dock by the boats,0.0017144437567428,0.6401549279689789,0.4021920276213835,0.259613837492502,0.1146231155296159,0.0842882834471817,0.1497005988023952,0.3478260869565218,0.3983319103717804,0.16952550474029018,0.4909303975685094,0.32140489282821927
3652572138_34d6b72999.jpg,a man in a red shirt is holding a red shirt,a boy jumps ||| a boy raises his arms amongst a crowd of people who are not in focus ||| a boy surrounded by people who seem to swirl around him ||| a boy with a red shirt waves his arms in the air as he looks at another person ||| the boy in the purple shirt and green jacket stands in the crowd whilst raising his hands in the air,0.0811049462775624,0.6086185574531555,0.4545454545454545,0.3015113445777636,0.216166439082676,0.1060031337951259,0.2578034682080925,0.2758620689655172,0.5066261291503906,0.2090936688271308,0.529704779715271,0.3206111108881402
1193116658_c0161c35b5.jpg,a man in a red shirt is riding a bicycle in the street,a girl rides a unicycle as another rides a scooter next to her ||| a girl rides a unicycle with a child who rides a scooter ||| a young girl rides a unicycle next to another riding a scooter on a busy street ||| the girl on the unicycle reaches out for the child on the scooter ||| there is a girl on a unicycle and a child on a scooter,0.1164005254857468,0.6557765603065491,0.5384615384615384,0.2118296364340808,0.074164075183866,0.0449412542808265,0.2608471074380165,0.3448275862068966,0.4140176177024841,0.19197269658668098,0.5125447109418603,0.3205720143551793
3722507770_0d6cb7420e.jpg,a man in a helmet is riding a bike trick on a ramp,a boy and his bike leaps into the air ||| a boy does tricks on a bicycle while in a park ||| a boy doing a trick on a bike ||| a boy is doing tricks on his bike as he flies in the air ||| this young biker has his arms out as he tries this trick,0.4921131304786276,0.7793371379375458,0.6153846153846154,0.4529108136578383,0.2651821159361019,0.1168579258757333,0.6013071895424836,0.4761904761904762,0.5340911149978638,0.3611290805852628,0.6811532844458135,0.3200242038605507
2267923837_ae88678497.jpg,a boy in a blue shirt is playing in the water,a group of four kids stand in front of a statue of a large animal ||| children smiling and waving at camera ||| four children ||| four children are standing to pose for a photo ||| four dirty and barefooted children,0.0003030716145095,0.6569186598062515,0.2727272727272727,0.0522232967867093,0.0311765953881872,0.0248084150017018,0.1027397260273972,0.2307692307692307,0.2110656797885894,0.07392819413017972,0.3939514033628462,0.3200232092326665
3348811097_0e09baa26f.jpg,a skateboarder jumps off a ramp,a boy jumps off of an open air staircase ||| a person jumping off of an outdoor staircase ||| a person jumping step railing ||| boy wearing a blue hoodie jumps over a stair railing ||| the young man wearing a blue sweatshirt and blue jeans is hopping over the railing on the fence,0.2707678738618295,0.7695446163415909,0.6666666666666666,0.3651483716701107,0.1493801582185721,0.102669009608034,0.3276353276353276,0.4285714285714285,0.4107267260551452,0.2810102101211861,0.6007566318238544,0.3197464217026683
3344798356_5cc41f7939.jpg,a skier in a red jacket is skiing down a snowy hill,a child is wearing a blue hat and snowsuit with red skis on their feet ||| a child skis across the snowy ground ||| a small child in a blue hat and coat skis on the snow ||| a young skier looks at the camera ||| there is a little child in a snowsuit on red skies in the snow,0.2118237079077326,0.6286105513572693,0.5366925752004387,0.2118706737152711,0.0744703673430368,0.045329318841801,0.2040816326530612,0.32,0.4321783781051636,0.18245424097282423,0.5017114887267506,0.3192572477539264
1129704496_4a61441f2c.jpg,a dog is swimming in the water,a brown and white and a black and white dog hauling in a floating toy from the ocean ||| both dogs retrieve the play toy from the water ||| two dogs in the ocean playing with a toy ||| two dogs run through the water with a rope in their mouths ||| two dogs tug at a chew toy in the surf,0.1350294573292231,0.6993936002254486,0.5367694950537757,0.3666833725656688,0.1264278533680862,0.0784957314643812,0.3586647727272727,0.375,0.4457733631134033,0.24669504171622594,0.5658045890738914,0.3191095473576655
3066491113_86569e15be.jpg,a dog runs in the grass,a black dog is following a brown dog that is carrying a brown plate through a grassy field ||| a black dog following a tan dog fetching a large shallow bowl ||| a brown dog carrying a frisbee like object in its mouth ||| a dog runs with a large plate in its mouth ||| two dogs one carrying a large dish in its mouth,0.2832912493825579,0.6371403485536575,0.3422780793550613,0.2651274602228026,0.2081804417294385,0.1114723654433382,0.3287760416666666,0.5,0.5159915685653687,0.23902332585458794,0.5578197753826888,0.3187964495281008
3353278454_2f3a4d0bbc.jpg,a man in a black shirt is standing on a bench in front of a building,a small dog walks with men in the city ||| some people waiting to cross a busy street in portland oregon ||| the people await to cross the street while walking the dog ||| three guys are waiting to cross the street one has a dog ||| three people wait to cross a city street and one has a dog on a leash,0.0044235222116514,0.6346386671066284,0.3125,0.1443375672974064,0.0529919916474163,0.0327093447087721,0.125,0.25,0.2892391681671142,0.10406781365009017,0.4223254061456886,0.31825759249559843
3171250845_5ae0d2a8bc.jpg,a dog is running in the snow,a boy dressed in a yellow and black snowsuit plays with a brown dog wearing a red collar ||| a boy in a yellow and black coat playing with brown dog ||| a dog pulling down yellow pants on a little boy in the snow ||| a young child and a dog are playing in the snow ||| the boy and a brown dog are standing in the snow,0.8532670679744585,0.7152971625328064,0.4033700871483995,0.3374836278166323,0.2343090407573971,0.1160873020151595,0.5555555555555556,0.5555555555555556,0.5549148321151733,0.32525683562193863,0.6426691497032653,0.31741231408132664
3420278866_1d17c12713.jpg,a man wearing a blue shirt is holding a tennis ball,andy rodderick gets ready to hit a tennis ball ||| andy roddick plays tennis ||| a tennis player in mid game holding a racquet ||| man dressed in black and white holds his tennis racket up waiting for the ball ||| tennis player getting ready to play tennis,0.998573933705781,0.7170338928699493,0.5454545454545454,0.4045199174779452,0.2629535894329295,0.1227826014909611,0.3430706521739129,0.3076923076923076,0.5014082193374634,0.29525593658724253,0.6125405842568881,0.31728464766964554
2436081047_bca044c1d3.jpg,a boy in a blue shirt is jumping on a swing,a girl dismounts from a swing as high as she can and lands on the rubber tiles below ||| a girl in a pink shirt jumping out of a moving swing ||| a little girl wearing a pink shirt jumps off a swing ||| a young girl jumps off a playground swing ||| the young girl in the pink shirt and blue jeans is jumping off the tire swing,1.070937526988767,0.7820473611354828,0.9090909090909092,0.5222329678670935,0.1447089370238733,0.0784510965440677,0.4030183501972217,0.6086956521739131,0.5942059755325317,0.4023367360064339,0.7186965507304577,0.3163598147240238
172097783_292c5413d8.jpg,a man in a blue life life life life life life life life life life life life life life life life life life life life life life is riding a wave,a boy is wakeboarding on a lake with one hand ||| a man wearing a red life jacket is waterskiing across a bay ||| a surfer in blue shorts surfs over water ||| a young man dressed in blue swimming trunks and a red life jacket waterskiing in a blue lake ||| boy in red vest and blue and white trunks on wakeboard,0.0015252488534618,0.6613317131996155,0.2580645161290322,0.1606438657804997,0.096185608855739,0.0422224146022692,0.3067545963229416,0.2790697674418604,0.3075404465198517,0.137915075327205,0.4542527385402694,0.31633766321306434
2798651021_2566f2a47e.jpg,a man in a red shirt is walking down a bench in a park,a guy sitting on the side of the road playing an accordion ||| a man is playing the accordion in an empty park ||| a man sits by a driveway in front of a white building playing an accordion ||| a man with an accordion sitting alongside a path ||| older man playing accordion on a street,0.0998265750781107,0.7426776736974716,0.4655313898520114,0.1825964339265674,0.0637177992921837,0.03846733908906,0.2403846153846154,0.4166666666666666,0.2714774012565613,0.18184623321726892,0.4974771727340771,0.3156309395168082
3284460070_6805990149.jpg,a man rides a bike on a bike,a biker going up a path lined with red tape ||| a bmx rider takes air along the course ||| a motocross rider does a jump in the woods ||| biker in colorful clothes riding a trail ||| the mountain bike is being ridden on a trail through the wood that is marked out by red tape,0.0093733792191463,0.6324756145477295,0.5,0.2672612419124243,0.1059839832948326,0.0698534205658009,0.1427684667908131,0.2666666666666666,0.393947422504425,0.1686098251373454,0.48226373268030176,0.31365390754295636
3309082580_7228067ee0.jpg,a man in a red shirt is riding a bike in a dirt area,a bicycle racer in full helmet speeds through a dim forest ||| a biker dressed in white rides through the forest ||| a mountain biker wearing white races through a turn ||| a person on a motorbike riding through the woods ||| riding a bike through the woods,0.1956074496546223,0.6304378807544708,0.3571428571428572,0.2344036154692477,0.1660539160369454,0.080322768728153,0.2205882352941176,0.3,0.4081640243530273,0.17566731565227606,0.48901978558552406,0.313352469933248
2275253272_00f941366e.jpg,a little girl in a red dress walks down a sidewalk,a girl in a green dress and pink jacket is running down a dusty path in a grassy park ||| a girl wearing a pink sweater and green dress in walking down a path ||| a little girl holding flowers is walking away down a path on a sunny day ||| a little girl is walking along a path ||| a little girl walking down the sidewalk,0.838624043878089,0.8025520294904709,0.8181818181818182,0.6396021490668313,0.4496443130226091,0.1836028134946796,0.6906906906906907,0.6666666666666665,0.7423816323280334,0.5097636008884465,0.8221903884734678,0.3124267875850213
467960888_6943257534.jpg,a black dog is running in the water,a black dog running along the edge of the ocean ||| a black dog runs along the beach ||| a black dog runs through surf on a sandy beach ||| a dog runs along the ocean surf ||| balck dog is running on clean sand beach very close to surf,0.8871194401969483,0.8360841870307922,0.75,0.6546536707079771,0.5227579585747102,0.2311974229581395,0.6281690140845071,0.6666666666666666,0.6984336376190186,0.5110987741232673,0.8228845857885201,0.31178581166525277
3652584682_5b5c43e445.jpg,a woman in a bikini and shorts is standing on a rock,a guy jumps off of rocks into the water ||| a man is jumping over the rocks and towards the water ||| a man jumping near rocks and a body of water ||| a man jumping off a rocky cliff into the ocean ||| the man is jumping into the water,0.0093913171244502,0.6196689233183861,0.3333333333333333,0.055048188256318,0.0311765953881872,0.0240885627048535,0.196078431372549,0.2727272727272727,0.2987708747386932,0.10445389821905372,0.41607568674267825,0.31162178852362454
3173014908_b3e69594b6.jpg,a snowboarder is snowboarding in the air,a person skiing downhill in the snow ||| a skier puffs up a cloud of snow ||| a skier traveling downhill in deep snow ||| someone is skiing down a step snowy hill ||| the skier is buried in the snow,0.0099973164199189,0.7011239230632782,0.5714285714285714,0.3086066999241838,0.1239596188482187,0.0830701847441279,0.3650793650793651,0.4285714285714285,0.4339117705821991,0.24902430479795676,0.5601915761398144,0.3111672713418576
421153376_d1d325568f.jpg,a brown dog is running in the water,a dog is jumping through the water ||| a dog is splashing water into the air as it runs through a wet field of grass ||| a medium sized dog running through puddles ||| dog carry leash in mouth runs through marsh ||| white dog with leash running through water,0.6632403943259577,0.7848475873470306,0.875,0.4999999999999999,0.1609148974342716,0.0955442792204366,0.6281690140845071,0.6666666666666666,0.6259678602218628,0.42858188979136835,0.7396168745477512,0.3110349847563828
3183195653_11b66acb34.jpg,a man in a red shirt and a red hat and a red hat and a red hat and a woman in a red shirt and a red hat and a red hat,the brightly dressed middle eastern women are conversing in the market ||| the two people have their heads covered with scarves ||| two woman wearing different colored scarfs over their hair outside ||| two women with head garb looking at each other in a public area ||| woman with red headwrap at a market with a woman with a brown headwrap,0.0001267603561472,0.5576205998659134,0.1818181818181818,0.1066003581778052,0.0332188972519844,0.0186964259949365,0.1572327044025157,0.2127659574468084,0.3265658617019653,0.07296369836601,0.3832744240899062,0.3103107257238962
2815256108_fc1302117d.jpg,a man in a red shirt and a red jacket and a red jacket and a red jacket and a red jacket and a red jacket and a red jacket and a man in a red shirt,two men are standing beside a sign that says jesus or hell ||| two men are standing in front of a protest sign resting on a red electric box ||| two men are talking on the street one is pointing at a sign that says jesus or hell beneath a red box and the other is standing there listening ||| two men discuss a sign that says jesus or hell ||| two men talking by a red box and a poster,0.0023653298981439,0.5552182719111443,0.1351351351351351,0.0866458741516727,0.0277849259453032,0.0158484649401648,0.174378453038674,0.1702127659574468,0.3034333884716034,0.05787575864630469,0.36775040027493566,0.309874641628631
3241965735_8742782a70.jpg,a person in a red helmet is jumping over a hill,a parachute caught on a tree with some people on the ground shining a light at it ||| a person jumps up over the snow as their skis cross ||| a skier in midair ||| a skier is doing a trick in the air at night ||| a skier makes a jump with his skis crossed,0.0903348537078047,0.709032267332077,0.6363636363636364,0.2522624895547565,0.0890883567703394,0.0545246911963086,0.2127659574468085,0.3636363636363636,0.3561594486236572,0.21088407906712694,0.5206774884264187,0.3097934093592918
2856524322_1d04452a21.jpg,a man in a red shirt is jumping over a dirt bike,a man on a bicycle jumping off a dirt ramp with one foot on the ground ||| a man on a bmx ||| a man riding a bicycle performs a trick above a dirt mound ||| a young man in tan shorts and green shirt is falling off his bicycle ||| man doing a jumping bike trick on dirt mound at night,0.5915002734076771,0.7246741652488708,0.8333333333333334,0.5504818825631803,0.1447089370238734,0.0761747237071234,0.3276353276353276,0.4285714285714285,0.5510998964309692,0.3391500394747821,0.6478532316753404,0.30870319220055825
3341477531_4e37450f35.jpg,a man in a blue shirt is jumping off a ramp,a shirtless man is doing a skateboard trick ||| a shirtless man rides a skateboard ||| a shirtless man skateboarding with his arms in the air ||| a shirtless man skateboards on a ledge ||| the skateboarder enjoys night skating at the skate park,0.046735611333527,0.6635594367980957,0.4545454545454545,0.0674199862463242,0.0369639411310129,0.0281878015762964,0.2409638554216867,0.4210526315789474,0.3210653662681579,0.1572063830497835,0.4639814690276435,0.30677508597785996
3232470286_903a61ea16.jpg,a group of men are playing in a field,a ball is about to enter a goal at a soccer match ||| a soccer player in a white shirt kicked a goal ||| a soccer player tries to kick the ball in the goal ||| a soccer team scores a goal ||| goal attempt during a soccer game being played on green grass,0.0028145191652292,0.6333582848310471,0.2982797722714565,0.1826583106646588,0.0752734746456747,0.0502203719049209,0.2366255144032921,0.3157894736842105,0.3312309086322784,0.14040856251874448,0.446035612570077,0.3056270500513325
2420696992_22e0dd467d.jpg,a little boy in a blue shirt is playing with a blue toy,a child in an orange shirt sitting on a blue and white toy car ||| a little boy with an orange shirt is riding his blue and white toy car ||| a small child on a blue toy is wearing an orange shirt ||| a toddler boy is riding a push car designed as a police car in a home ||| the boy is riding on a toy truck,1.082611205519139,0.7742080092430115,0.8461538461538461,0.6504436355879909,0.4252903702829902,0.1665383133433909,0.4265202702702702,0.5,0.6697195172309875,0.45143332683949905,0.7569471118090249,0.3055137849695258
2780087302_6a77658cbf.jpg,a group of people ride a carnival,a man in black shirt sits on a stool while trying to sell stuffed animals ||| a man is outside selling various toys ||| a vendor sells children s toys as visitors walk by ||| a vendor sells inflatable toys and stuffed animals on the sidewalk ||| man sits on stool beside toys,2.1004302962694014e-06,0.6454567611217499,0.2857142857142857,0.0690065559342354,0.0456671140396294,0.0392814650900513,0.1056338028169014,0.1818181818181818,0.2028046548366546,0.07527153876858886,0.38000491584076007,0.3047333770721712
47871819_db55ac4699.jpg,a man in a blue uniform is playing in the field,a soccer player in blue is chasing after the player in black and white ||| the girl in the white strip is falling down as the girl in the blue strip challenges for the soccer ball ||| the girls are playing soccer ||| two women in soccer uniforms playing soccer ||| two young women on different teams are playing soccer on a field,0.1894038434051972,0.6336835026741028,0.6640732482052818,0.2462449509330357,0.0850492094143313,0.0514766036194771,0.2189781021897809,0.4,0.4696930050849914,0.22308806443793236,0.527819936240204,0.30473187180227157
3315353266_70f0bbb1c3.jpg,a man in a blue shirt is playing in a colorful wall,a man dressed in purple playing guitar ||| a man in a purple suit is standing by a purple case playing a guitar ||| a man in purple plays a guitar for money ||| a man is standing on the street playing a guitar ||| a man plays his guitar with the case open for donations,0.229919549266516,0.7389403134584427,0.5833333333333334,0.3988620176087328,0.3168777797044423,0.2438418319342608,0.2688172043010753,0.5185185185185186,0.4942925274372101,0.32144287419631384,0.625709465639491,0.3042665914431772
3397220683_4aca010f86.jpg,a person in a red jacket is walking down a snowy hill,a golden retreiver standing outside in the snow with a person standing with skis and poles ||| a man and a dog outside in a snow storm ||| a person is standing on skis in the snow with a dog ||| person with skis and a dog are standing in the snow ||| the man is skiing in the snow with a large brown dog,0.1485474717374075,0.6360152363777161,0.5,0.3015113445777636,0.0968729306151464,0.0563756031525929,0.2083333333333333,0.3333333333333333,0.4183318316936493,0.19532629303161306,0.49942608725024795,0.30409979421863487
3472270112_0a7cb7b27c.jpg,a baseball player is holding a baseball game,a baseman and a ballplayer from the opposing team sliding onto base ||| a runner slides into second base while the shortstop waits for the ball ||| men participate in a baseball game ||| three baseball players in motion one sliding into a base another running in the background ||| three men playing baseball and the one wearing a red helmet is sliding to the plate,0.4667577439499339,0.7403162866830826,0.625,0.4225771273642582,0.3098990471205467,0.1561969968460128,0.4749103942652329,0.4285714285714285,0.5267808437347412,0.34275953356971617,0.6459289376354445,0.3031694040657283
1771490732_0ab5f029ac.jpg,a boy in a blue uniform runs on a field,three boys playing soccer in a field ||| three boys playing soccer ||| two boys in blue and yellow uniforms play soccer with a boy in a pink printed uniform ||| two teammates attempt to convert a soccer goal past the goalie ||| uniformed children playing soccer,0.2150974414269434,0.7575665414333344,0.6333861926251716,0.5046941987886602,0.3862386484126431,0.2937716783576056,0.5095890410958904,0.4705882352941176,0.5838913321495056,0.39016862136691566,0.6932247212165967,0.30305609984968107
3716244806_97d5a1fb61.jpg,a man is sitting on a rock with a rock,a family sitting on rocks posing for the camera ||| the couple have children sitting in their laps on the rocky hillside ||| the four people sit on a pile of rocks ||| two adults and two children pose on a pile of rocks ||| two adults and two children sitting on rocks for a picture,0.1637097928757784,0.5864163115620613,0.3,0.258198889747161,0.0941036028881028,0.0587394909469921,0.3468406593406593,0.4210526315789474,0.4809861481189728,0.19409025532356616,0.49701491373537376,0.3029246584118076
3533394378_1513ec90db.jpg,a man in a red shirt is swinging on a swing,a man and a woman are strapped into a circular metal ride ||| a man and woman both with red hair enjoy a bungeetype carnival ride ||| two people are suspended in air in a metal ball as part of a carnival type ride ||| two people in a slingshot ride ||| two people on an amusement park ride,0.044746455653976,0.7437248528003693,0.5810640921796215,0.3257514508870574,0.1024903470720848,0.059206501161498,0.2652310924369748,0.3478260869565217,0.312859445810318,0.2197770409556139,0.5226727450060917,0.30289570405047783
3338217927_3c5cf3f7c6.jpg,a person is walking down a hill in the snow,a black dog in snow is jumping off the ground to catch a stick ||| a dog jumping for a frisbee in the snow ||| a dog jumps to catch a toy in the snow ||| a dog plays in the snow ||| black dog jumping into the air to catch a toy in the snow,0.7346116804567848,0.7720516622066498,0.6,0.3651483716701106,0.2554364774645177,0.1242188995129533,0.5859375,0.5263157894736842,0.5114805102348328,0.35929138346980594,0.6620671398709038,0.3027757564010979
3430100177_5864bf1e73.jpg,a woman in a white shirt is walking down a sidewalk,a crowd of people sit an walk across dirty streets ||| a group of people are gathered on a sidewalk in front of a store nearby a littered street ||| a woman is sitting on the curb staring off into the distance ||| many people are standing outside on a street filled with litter ||| one woman sitting on a sidewalk with others to the side and behind her,0.3083257212944315,0.6644000113010406,0.6363636363636364,0.3567530340063378,0.1122442959954951,0.0648411507139764,0.1865369018653689,0.2758620689655172,0.4200769066810608,0.22034766974407521,0.522945633308781,0.30259796356470575
3167379087_927ff05a35.jpg,a man in a helmet is riding a bike on a hill,a bike racer in a red jersey is pursued by another rider wearing blue ||| man with red shirt on a red bike in front of two other people on bikes ||| three bicyclists racing up a dirt path through the forest ||| three bikers pedal up a forest trail ||| three men riding bikes through the woods,0.2156967393443895,0.7156021893024445,0.6666666666666666,0.4264014327112209,0.1220522444470285,0.0670422683816332,0.2695652173913043,0.3076923076923076,0.4031707644462585,0.25127209033718556,0.5535637927111405,0.302291702373955
2522540026_6ee8ab4c6a.jpg,a race car in a red car in a red car,a race car moves down the road as two people watch from a distance ||| a race car numbered is rounding a bend as two people watch and take pictures ||| a silver and blue rally car is passing two spectators who are standing at the roadside ||| blue and silver car going around curve being watched by people standing in grass ||| silver and blue car marked raises dust on road as two background people watch,0.3929077852549889,0.5985532701015472,0.3460456303167608,0.2295407032205458,0.1645675936645274,0.0807002267493098,0.145985401459854,0.32,0.4248394668102264,0.17143272525301612,0.47357299524130525,0.30214026998828913
2795287622_da187a3e86.jpg,a boy in a swimming pool and swimming pool in a pool,a girl jumping from a diving board into a pool ||| a girl jumping into a swimming pool ||| a girl jumps off of a diving board into a pool ||| a little girl is jumping off the diving board into a pool ||| a young girl in a pink and yellow bathing suit jumps from a diving board into a pool,0.4967686707711859,0.716678723692894,0.5833333333333334,0.4605661864718383,0.2768182380588133,0.1239040201758117,0.309436274509804,0.4210526315789474,0.4959276914596557,0.30717959236814896,0.6090322085192041,0.3018526161510552
3208987435_780ae35ef0.jpg,a woman in a red shirt is holding a woman in a red shirt,an asian woman holding an asian baby that is reaching toward the camera ||| an oriental girl is holding a baby in her arms ||| a smiling asian woman holding her baby ||| a smiling woman dressed in white holding a baby who is reaching his hand out ||| the woman is holding a child and posing for a picture,0.3900692753243529,0.6917427480220795,0.4285714285714285,0.2567762955065477,0.1764586168229898,0.0840686322441503,0.3946902654867256,0.4,0.4132282435894012,0.24030572922710938,0.5405794685627903,0.3002737393356809
3261666285_86fceb762d.jpg,a basketball player in a blue uniform is dribbling a basketball game,a basketball player in white is trying to defend against the player in black who is dribbling the ball ||| an african american runs with a basketball as a caucasion tries to take the ball from him ||| guy in black uniform dribbling basketball away from guy in white uniform ||| two teams are playing basketball as one man is driving towards the hoop ||| white player attempts to get ball from black player on basketball court,0.7351740312533208,0.7042694091796875,0.6666666666666666,0.4923659639173309,0.3646436717285793,0.2709198854675628,0.3073770491803278,0.3870967741935484,0.5999287962913513,0.360432465262497,0.6604350453308669,0.30000258006836994
2074244690_82e30ff44b.jpg,a group of people in a crowd,a girl who is surrounded by other people is taking a picture at a concert ||| a group of men and women are facing in the direction of something that is happening off camera ||| a group of people gathered at night watching an event ||| a group of people gathered for an event ||| several people are gathered and watching an event,0.6911240129404284,0.7367497682571411,0.7430381997858699,0.5675047991270782,0.4815621371540807,0.3944243648327555,0.4746835443037974,0.5333333333333333,0.7324429154396057,0.46427567654145063,0.7641968695575914,0.29992119301614073
354642192_3b7666a2dd.jpg,a man in a blue suit is jumping into a lake,a person floats in water near rocks and a waterfall ||| a person swimming in a pretty lake with a waterfall in the background ||| a person swimming in water nearby rocks and a small waterfall ||| a person swims in a body of water with a waterfall ||| a person swims in a pool by a waterfall,0.0897994921024613,0.6817716360092163,0.4545454545454545,0.2132007163556104,0.0796363970529507,0.0501257871573906,0.3430706521739129,0.3999999999999999,0.3593162596225738,0.20128588468275055,0.5009349471158959,0.2996490624331454
3473534758_1ae3847781.jpg,a brown dog is running in the grass,there are two boston terriers biting at each other ||| two boxers playfully snap at each other ||| two dogs are playing together with their mouths open ||| two large dogs are fighting in a dirt field ||| two small dogs growling at each other in a dirtbed,0.000962384331543,0.5471836775541306,0.25,0.0597614304667196,0.039044833280954,0.033031643180138,0.1685393258426966,0.2352941176470588,0.3418443202972412,0.08465050553143375,0.38400019757198034,0.2993496920405466
1104133405_c04a00707f.jpg,a boy in a blue shirt is playing on a swing,a boy carrying a soccer ball ||| a boy walks with a ball tucked under his arm ||| a boy walks with a soccer ball near a fence ||| a boy wearing a white tshirt walks on the grass and carries a soccer ball ||| small boy carries a soccer ball on a field,0.2381594506038782,0.7601529359817505,0.4545454545454545,0.3015113445777636,0.1003355729847986,0.059609942732681,0.3430706521739129,0.3999999999999999,0.2904360294342041,0.22332613388054648,0.5224873982003939,0.29916126431984746
1079274291_9aaf896cc1.jpg,a young boy in a blue shirt is sitting in a blue and white shirt,a little boy sticks his tongue out for the camera another boy looks on ||| two boys make faces ||| two young boys are looking at the camera one smiling the other sticking his tongue out ||| two young boys look up at the camera as one sticks out his tongue ||| two young boys making silly faces,0.0894309296836486,0.5976611375808716,0.2,0.0377964473009227,0.0222323925770618,0.0173957973756422,0.2717391304347826,0.1904761904761904,0.2666276693344116,0.08090581335750786,0.37971080558469866,0.2988049922271908
3590654365_fd4819f48b.jpg,a dog is jumping over a bull in a rodeo,a bull is tossing a rider off him while several other cowboys try to restrain it ||| a man is being thrown off a bull during a rodeo ||| four men in a rodeo with a bull bucking ||| man in purple shirt falls off bulls head ||| three people wrestle with a bull at a rodeo,1.6205008576650854,0.7605643570423126,0.7,0.4830458915396479,0.3078191250746389,0.14287202148494,0.4689092762487256,0.5714285714285713,0.6221281886100769,0.42027438583008475,0.7181140844046507,0.297839698574566
3106782647_b078830a9e.jpg,a man in a helmet is riding a bike on a bike,a bike rider is airborne with a daytime sky in the background ||| a bmx rider gets a lot of air ||| a male airborne on a bicycle ||| the man is performing a trick with a bicycle high in the air ||| the teen jumps the hill with his bicycle,0.1028712714827694,0.6997231394052505,0.5833333333333334,0.3256694736394648,0.1019807108406801,0.058590593701517,0.3872053872053872,0.3333333333333333,0.394643485546112,0.2381862986363705,0.5359603919896482,0.29777409335327765
3642220260_3aa8a52670.jpg,a black dog is running in the water,a black dog on a rocky beach ||| a black dog walks along an ocean front ||| a black dog walks on the beach near the rocks ||| a black dog walks on the sand ||| black dog walking on the beach after swimming in the ocean,1.0228133385379905,0.7799616456031799,0.625,0.5175491695067657,0.3547458529925959,0.1728603923209705,0.5281690140845071,0.5333333333333333,0.5749664306640625,0.40826163932679777,0.705715570159184,0.2974539308323862
3256043809_47258e0b3e.jpg,a dog runs in the sand,a brown and white dog is sniffing the snow covered ground ||| a brown and white dog walking in the snow near a fence ||| a brown white greyhound dog sniffs the snow ||| a lean white and brown dog makes its way through a patch of snow ||| a slender dog checks out a snowy patch of land,0.0910137447401367,0.7198607921600342,0.4776875403825261,0.2616402413066696,0.1070355605420735,0.0735655600097576,0.2768640350877193,0.4444444444444444,0.328828901052475,0.21600037269659664,0.5131657379579979,0.29716536526140125
2968693931_52d161b8e7.jpg,a skateboarder skateboarding on a skateboard,a kid skateboards down railings of a large set of stairs ||| an inline skater is grinding down a long rail ||| a skateboarder in midair above a large staircase and handrail ||| a teenage boy does tricks jumping across a railing ||| skater rides skateboard down a long stair railing,0.2124685656967025,0.6416188180446625,0.4776875403825261,0.2616402413066696,0.1070355605420735,0.0735655600097576,0.2662037037037037,0.3749999999999999,0.4196430742740631,0.2075612341900764,0.5046384161466481,0.2970771819565716
1112212364_0c48235fc2.jpg,a boy in a blue shirt is standing on a beach,a baby is sitting on and playing with smooth rocks ||| a baby is stacking rocks on the beach ||| a small boy is playing with rocks ||| a toddler sitting on a pile of rocks holding a rock at a beach ||| toddler sits on a pile of rocks,0.2715860927515103,0.7523390650749207,0.6363636363636364,0.3567530340063378,0.1122442959954951,0.0648411507139764,0.2715328467153285,0.4210526315789474,0.3505902588367462,0.254744417296313,0.5517145718392097,0.2969701545428967
2591603141_33d6397e0a.jpg,a dog runs in the water,a brown and black dog walking on the beach ||| a fluffy dog walks along the sandy beach ||| a medium sized dog on a beach ||| dog walking on the beach by the ocean ||| one brown and black dog standing in the sand at the beach,0.2076447160515823,0.7276687771081924,0.5643211499270759,0.3090914234923144,0.1264475739932898,0.0869074403458197,0.1923076923076923,0.4285714285714285,0.3370093107223511,0.22917371275923895,0.524169404505526,0.29499569174628704
1095980313_3c94799968.jpg,a woman in a blue shirt is jumping into the water,a little girl in a blue swimsuit is walking along a wooden fence next to a sandy beach ||| a little girl with arms outstretched is posing at the beach ||| a young girl walks on a railing in front of the beach ||| little girl in blue swimsuit standing on a handrail near a beach ||| the little girl in the blue bathing suit is posing at the beach,0.1211525490112102,0.7173357158899307,0.5454545454545454,0.3302891295379082,0.2297111188608965,0.1109466047156616,0.1680672268907563,0.3448275862068966,0.348579853773117,0.22807771521837616,0.52279425292805,0.2947165377096739
1355703632_5683a4b6fb.jpg,a boy in a blue shirt is playing in the air,a female softball player making a pitch ||| a girl is winding up to throw a softball ||| a teenage girl is catching a softball during a game ||| kids playing softball ||| young girl playing softball with white house in background,0.0701797411870723,0.6463547050952911,0.4545454545454545,0.0674199862463242,0.0369639411310129,0.0281878015762964,0.1630434782608695,0.2222222222222222,0.2518779635429382,0.11507060933132267,0.40961085853506574,0.29454024920374305
366713533_bd6d48cf02.jpg,a group of people in jackets stand in front of a crowd,a large crowd in heavy clothing is posing for a camera ||| large group of people walking ||| the people are standing in front of a building ||| there is a crowd of people of men women and children ||| two men a woman and two young boys stand in front of a large gathering of people outside a building,0.6855126060282014,0.8186490833759308,0.8333333333333334,0.7282190812544191,0.5963868149074115,0.4659538415189962,0.6332138590203108,0.5714285714285715,0.7707563638687134,0.5578827677766675,0.8516527352348735,0.29376996745820605
3532194771_07faf20d76.jpg,a dog runs along the beach,a man is heading out to see with his surfboard in hand ||| a man with a white surfboard is walking into the water ||| a person walks into the water carrying a white surfboard ||| a surfer walking into the ocean ||| surfer with board marches out to sea on gray day,0.0016975066807028,0.6644877791404724,0.3333333333333333,0.0816496580927726,0.0550321208149104,0.0485491771707323,0.1666666666666666,0.3333333333333333,0.2323561012744903,0.11998218812948543,0.41248498137314815,0.29250279324366274
2782480767_064c95eff2.jpg,a boy in a blue shirt is swimming in a pool,a girl holds her breath underwater in a pool ||| a girl is about to emerge from a swimming pool ||| a girl underwater in a pool ||| a little girl is swimming under the crystal blue water ||| a young girl in a swimming pool is coming up for air after being underwater,0.8894952457397072,0.7434329390525818,0.6363636363636364,0.4369314487526514,0.2768182380588132,0.1276067148780707,0.576923076923077,0.4705882352941177,0.5551730394363403,0.37379594811873257,0.665115920701369,0.2913199725826365
233361142_d9d5f0cae9.jpg,a dog is running in the grass,a black and brown dog staring off into the distance at something ||| a black brown and tan dog jumps at the camera ||| a brown dog running through tall grass ||| dog in plants crouches to look at camera ||| the black and white dog is running through the bushes,0.6398518191802177,0.7221928238868713,1.0,0.5773502691896257,0.4054801330382267,0.2020515504676623,0.3865979381443298,0.5714285714285714,0.7238236665725708,0.4567346940014116,0.7475869508479496,0.290852256846538
382701159_f98c1988cd.jpg,a man in a red jacket is riding a wave in the ocean,a man fishes in the ocean ||| a man fly fishes in the ocean ||| a man fly fishing ||| a man is fishing in kneehigh waves of water ||| the person is fishing with waves splashing around him,0.2295470199209712,0.7076556980609894,0.4615384615384615,0.3396831102433787,0.2189030136322372,0.1012019324419439,0.6656716417910449,0.5263157894736842,0.5137308835983276,0.3215215693124684,0.612364916814642,0.2908433475021736
2810412010_f8b3bc1207.jpg,a man in a red shirt is standing in the water,a person with long hair emerging from a pool of water their hair whipping around and water cascading from the hair ||| a woman is flinging water with her hair ||| a woman is throwing her wet hair back creating a pattern with the dripping water ||| a woman whips her hair out of the water ||| the spray from water ejected by a woman s hair is reflecting the sunlight,0.191235857113231,0.7108771800994873,0.4545454545454545,0.2132007163556104,0.0796363970529507,0.0501257871573906,0.2777777777777777,0.3157894736842105,0.2712527811527252,0.18155710601910452,0.4721462627594144,0.2905891567403099
1808504612_3508f3c9bb.jpg,a man in a red shirt is jumping through a tree,children climbing huge tree ||| two children are sitting in some tree branches ||| two children look down from a green tree they have climbed ||| two kids in a green tree ||| two people standing in tree on a sunny day,0.5928244315956825,0.6520604342222214,0.2727272727272727,0.1651445647689541,0.0671679386213985,0.044116293593227,0.2307692307692307,0.3529411764705882,0.3077606856822967,0.1564471876469103,0.4470358709397401,0.29058868329282983
540604040_bec822c144.jpg,a boy in a blue shirt is jumping into a trampoline,a girl sliding down a pole ||| a small child with a ponytail dressed in jean shorts and a pink and brown shirt climbs on a pole near wooden playground equipment ||| a young asian girl is sliding down a pole on outdoor playground equipment ||| a young girl slides down a bar in a play structure ||| a young girl sliding down a black pole,0.0047087261895982,0.7189486920833588,0.5454545454545454,0.2335496832484569,0.0846262997471468,0.0524634102286145,0.2307692307692307,0.2857142857142857,0.2592935860157013,0.18124376097939912,0.47150052808742043,0.2902567671080213
256958382_b9006bfc5b.jpg,a boy in a red shirt runs on a field,a barefoot jogger in a park ||| a man jogs on green grass with bare feet ||| a man running barefoot on the grass ||| a man runs shoeless on green lawn ||| the barefoot man in shorts and a green and white top is running through a park,0.0769438743634425,0.6517310440540314,0.5,0.2357022603955158,0.0885548807652176,0.0561222232430572,0.234375,0.3749999999999999,0.3691542446613312,0.1926684588661253,0.4829234520378324,0.2902549931717071
973827791_467d83986e.jpg,a boy in a blue shirt is jumping into a pool,a little kid splashes around in the kiddie pool while a lady watches ||| a woman dumping water on a small child who is in a pool ||| a woman is throwing a bucket of water over a baby in the paddling pool ||| a woman is throwing water on a child in a plastic swimming pool in a rural area ||| i child slides into a wading pool full of water while an adult tosses a bucket of water on them,0.4175591298585471,0.6895969808101654,0.5305700387751149,0.3642928703963393,0.1071269483478981,0.0598288830736955,0.3331163194444444,0.4166666666666666,0.4184767603874206,0.2519358134267156,0.541969498486176,0.2900336850594604
3522000960_47415c3890.jpg,a person in a red kayak surfs to a wave,a guy catches a wave on his surfboard ||| a man is surfing a large wave in the ocean ||| a surfer catches a gnarly wave ||| a surfer rides in a wave tunnel ||| surfer partially visible through crashing wave shore in background,0.6090209107217758,0.6384510546922684,0.4,0.2981423969999719,0.1035744168651286,0.0631196907822589,0.4323630136986301,0.4705882352941176,0.4859655499458313,0.25249157393044225,0.5411790265888627,0.2886874526584205
997722733_0cb5439472.jpg,a man in a red shirt is climbing up a large large large large large large large large large large large large large large large large large large large large large large large large large large large,a man in a pink shirt climbs a rock face ||| a man is rock climbing high in the air ||| a person in a red shirt climbing up a rock face covered in assist handles ||| a rock climber in a red shirt ||| a rock climber practices on a rock climbing wall,4.360795667610673e-05,0.5938540399074554,0.2702702702702703,0.2292434351351256,0.1958086733848524,0.1449645171902262,0.4997589587015908,0.3076923076923077,0.4774522185325622,0.2126077005848571,0.5008277748875278,0.2882200743026707
334768700_51c439b9ee.jpg,a little boy is playing in a grassy area,a darkhaired man in a red tshirt with a beard playing the guitar in a park ||| a man in a red shirt plays guitar in a park ||| a man is sitting and playing guitar on the grass ||| a man sitting in the grass playing his guitar wearing a red shirt ||| a man wearing red plays his guitar on the grass,0.1177464563485466,0.6052080914378166,0.4971329537857609,0.2358108650835347,0.0892465726576343,0.0570613591495714,0.2922453703703703,0.3999999999999999,0.4513106346130371,0.20655575543219193,0.4944325138184573,0.28787675838626536
3209564153_077ed4d246.jpg,a person in a red jacket is snowboarding down a hill,a man in a blue jacket with a helmet on skiing ||| a person skiing down a hill ||| a skier is coming down a hill ||| a skier wearing a blue jacket and helmet is skiing down a hill ||| a skier going goes down the mountain,0.8692068355699221,0.803086906671524,0.8181818181818182,0.5720775535473553,0.331300762471962,0.1460139432915947,0.6861538461538462,0.5882352941176471,0.624520480632782,0.465629312281977,0.7532174595313417,0.28758814724936466
2847859796_4d9cb0d31f.jpg,a boy in a blue shirt is swimming in a pool,a child in colorful goggles plays in a pool ||| a child is in a pool wearing shark goggles ||| a girl with goggles on in a pool ||| a young girl swimming in green goggles ||| child with swim goggles with face submerged halfway,0.8014808002814265,0.7310368865728378,0.6363636363636364,0.4369314487526514,0.2768182380588132,0.1276067148780707,0.4847826086956522,0.5,0.5441044569015503,0.3614373907317284,0.6487761186784434,0.287338727946715
3534183988_3763593dfb.jpg,a man in a red shirt and a white shirt and a woman in a red shirt and a black shirt and a woman in a red shirt and a woman in a red shirt and a,a man dressed as a pirate is smiling for the camera in between a male and a female ||| a man in white a man in black with a red headscarf and a blond woman smoking ||| a man wearing a pirate hat and eyepatch smiles at the camera ||| a young man with a red skull cap is smiling and looking at us ||| two men holding cups and one lady holding a cigarette,0.0003198089814752,0.6320388615131378,0.3243243243243243,0.1898315991504998,0.100977122211053,0.0417155057058793,0.4488304093567252,0.4444444444444445,0.4021346271038055,0.20018118105714827,0.48673828466999597,0.2865571036128477
2327088022_478dbd2c17.jpg,a person in a red jacket is riding a large waterfall,a man climbing an icy glacier with the assistance of a pick ||| a man donning an orange helmet is climbing up a white glacier ||| a man is chiseling into ice ||| a mountain climber wearing an orange helmet swings his axe ||| an ice climber wearing an orange helmet is hacking the ice with his ice pick,0.0023496009939706,0.6143209338188171,0.2727272727272727,0.0522232967867093,0.0311765953881872,0.0248084150017018,0.1538461538461538,0.2608695652173913,0.2326056361198425,0.08647921388313536,0.3728797905255294,0.28640057664239404
2501742763_b2cb322087.jpg,a black dog is running in a grassy field,a black dog is running fast on green grass ||| a black dog is running in the grass ||| a black dog is running in the yard ||| a black dog is standing on the grass ||| a black dog runs and focusing on something,3.0592314818748507,0.8642201125621796,0.6666666666666666,0.6454972243679028,0.6197980942410934,0.5873949094699213,0.7270233196159123,0.7058823529411765,0.8628208041191101,0.6555718556043256,0.9419707710905904,0.2863989154862647
347543966_b2053ae78c.jpg,a man in a blue jacket and a black jacket and a black jacket and a black jacket and a black jacket and a black jacket and a man in a black shirt and a black jacket,a group of men stand outside a glass and steel building ||| three men are looking at a wall very intently in a city ||| three men stand in a glass area ||| three people in a glass structure ||| three people stand in an outdoor glass structure,1.3755197439986268e-07,0.5937550589442253,0.1081081081081081,0.054799662435119,0.0204721084739775,0.0126038202628039,0.1102941176470588,0.125,0.1648994088172912,0.03076961419387109,0.3167179338601972,0.2859483196663261
2353102255_67d9d2e40a.jpg,a black dog with a stuffed toy in a red toy,a large dog stands over a smaller dog who has its mouth open ||| a small black and brown dog growls at a larger black and brown dog ||| two black and brown dogs looking at each other ||| two black dogs play on carpet ||| two rottweiler dogs indoors the smaller one barking at the larger,0.0803410434167181,0.6711052358150482,0.3636363636363636,0.0603022689155527,0.0343142832800059,0.0266583768170288,0.3931623931623932,0.32,0.263669490814209,0.1503602393095584,0.43616599728863104,0.2858057579790726
2559638792_a803ff63d1.jpg,a boy in a blue suit is swimming in a pool,a girl does the backstroke in the pool ||| a swimmer does the backstroke in a swimming pool ||| a swimmer in a dark blue suit swimming backstroke ||| a young girl in swim goggles does the backstroke in a pool ||| the girl wearing pink goggles is in the swimming pool doing the backstroke,0.8429519764793478,0.748913362622261,0.7470824042309421,0.4523808611419633,0.2748494506830323,0.1240732987759111,0.5555555555555555,0.6,0.5953264236450195,0.40737014660859144,0.6931009513988231,0.28573080479023166
3403263046_3cc701a07a.jpg,a basketball player in a blue shirt is playing in the air,a basketball player looks upward as a hand reaches for her ball ||| a female basketball player wearing a red uniform is holding a basketball and looking up while an arm is trying to block her ||| a female woman has a basketball in her hands and a determined look on her face ||| a woman basketball player holding the ball grimaces with effort while another player s arm attempts to block her ||| a woman with a red basketball jersey is holding a basketball and looking up,0.9342261412635032,0.6430892646312714,0.5833333333333334,0.3256694736394648,0.2197107811492718,0.1041904464013639,0.3125,0.3333333333333333,0.5175914168357849,0.27788418157753614,0.5634756779600854,0.2855914963825492
3015898903_70bebb8903.jpg,a woman in a red shirt is holding a woman in a red shirt,a man and women in dark clothing ||| man with red marks around mouth standing with two women who are wearing black ||| three people wear a lot of makeup and stand together ||| two women in gothic makeup are posing next to a man in a leather jacket and red scarf ||| young man with red stains on face with two women posing in black clothing,0.0588015094999585,0.5822685360908508,0.3571428571428572,0.165748386032949,0.0611747857152693,0.0379822922682767,0.2113636363636363,0.3125,0.3648032546043396,0.14055851957831803,0.42531961943185437,0.28476109985353637
3325157569_8084ab3293.jpg,a basketball player in a red uniform is trying to make a basketball,a basketball player aims for the goal ||| a basketball player gets ready to shoot ||| a basketball player has jumped in the air to shoot the basketball ||| a basketball player in white jumping to throw the ball audience in the back ||| there is a college basketball player shooting a jumped,1.1813550718876018,0.7557928562164307,0.6153846153846154,0.3922322702763681,0.3035577449824848,0.2299751911289444,0.4894736842105263,0.48,0.5383102297782898,0.38055549130370075,0.6649810573520676,0.28442556604836683
3004291289_c4892898ae.jpg,a woman with a red shirt and a woman in a red shirt and a white shirt and a woman in a red shirt and a white shirt and a woman in a red shirt and a,a blonde haired girl in an obama tshirt is smiling at the camera ||| a girl with long hair wearing an obama tshirt ||| a woman wearing a tshirt that says obama ||| a young women wears an obama tshirt ||| woman in obama tshirt smiling,1.880720670061779e-07,0.6034855172038078,0.1351351351351351,0.0866458741516727,0.0277849259453032,0.0158484649401648,0.2286585365853658,0.1333333333333333,0.198908120393753,0.0603051608496261,0.3444526949096353,0.2841475340600092
506367606_7cca2bba9b.jpg,a man is sitting on a table in a table,an oriental florist arranging flowers ||| a person looking to the right standing between plants in buckets and a banana box ||| a woman dressed in black standing at a green counter with barrels of flowers placed on it ||| a woman is standing at a counter that is holding buckets of flowers ||| the girl is sitting at the counter between the bucket of flowers and the cardboard boxes,0.0278454316255942,0.6668218970298767,0.4444909324090307,0.1912784420844868,0.0697136636513033,0.0435152851671006,0.1226993865030674,0.2608695652173913,0.2427756637334823,0.13687688051973218,0.42046958100864434,0.28359270048891216
3700004668_99c3e3f55b.jpg,a man in a yellow suit is riding a stick in a yellow pool,a boy with his mouth wide open dressed in a yellow life jacket and goggles in water with a man next to him ||| a father and child enjoy the water ||| a man and child wearing a yellow life vest look up from the water ||| an open mouthed child in goggles and a yellow life vest poses with a smiling man ||| man and boy wearing life jacket in water posing for a picture,0.1448858568869224,0.6750382483005524,0.5,0.3396831102433787,0.212645185141495,0.0966926569088086,0.2254464285714285,0.3243243243243243,0.3800482451915741,0.22439033404461856,0.5078064368648717,0.28341610282025315
697778778_b52090709d.jpg,a man in a blue shirt is standing on a rock,three climbers on rocks near waterfall ||| three men climb a natural waterfall rock face ||| three men in matching outfits climb a rock wall next to a waterfall ||| three people are climbing rocks near a small waterfall ||| three people rock climbing in matching clothes beside a small waterfall,0.3455223003531104,0.6020664423704147,0.4545454545454545,0.2132007163556104,0.0796363970529507,0.0501257871573906,0.15625,0.2499999999999999,0.365231841802597,0.15789325768054527,0.4412597970219354,0.2833665393413901
3286198467_8880be127e.jpg,a dog is running in the grass,a brown dog is fetching something in its mouth on a field ||| a dog in a field holding something in its mouth ||| a dog is carrying something in his mouth ||| a dog with a choke collar is holding a gauntlet in its mouth ||| a large black and brown dog is carrying something in its mouth while walking on grass,0.3563832598177813,0.6893307715654373,0.6191984998215584,0.4229931028018367,0.3142086713261055,0.1610230726602674,0.4746835443037974,0.5333333333333333,0.5831303000450134,0.3559209937841759,0.638706724504476,0.28278573072030005
3640417354_b0b3e4aec9.jpg,a little boy in a red shirt is swinging on a swing,a girl crouched up over a swing at the park spinning around ||| a girl is kneeling on a swing at the park ||| a girl with a red shirt and long brown hair is laying across a twisted swing with sand underneath ||| a young girl in a red shirt swings face down on the swings ||| girl is playing at park on a swing,1.0123462511550652,0.795162171125412,0.75,0.5838742081211423,0.467648930822808,0.3264971028628052,0.4464285714285714,0.64,0.6494578719139099,0.4789338005796178,0.7616210745280138,0.28268727394839593
2021671653_567395c7cf.jpg,a young boy in a blue shirt is playing with a blue ball,a boy dressed in denim is running on the sidewalk ||| a young boy in motion in front of potted plants and a beige wall ||| a young boy wearing a denim outfit running down the street ||| little boy in denim runs through paved spanishstyle yard area ||| young boy running waring blue jacket and blue jeans flower pots are in the background on a cement walkway,0.4043449393181869,0.7534430176019669,0.5698222022414253,0.3631918160634302,0.2810826569742107,0.2129480760387301,0.380704365079365,0.3703703703703704,0.4082604050636291,0.30433870878074254,0.5865455819154368,0.2822068731346943
2701603045_6cbdc4ce7c.jpg,a boy in a pink swimsuit is jumping into the water,a boy is wading through water ||| a boy up to his knees in water ||| a boy wearing white shorts walks through the water ||| a young boy with white swim trunks walks out of the water ||| the boy is wading through the blue ocean,0.3501332665134903,0.7201337814331055,0.4980549361539613,0.3015872407613089,0.0973570413344859,0.0569682265132554,0.3430706521739129,0.4705882352941177,0.3493084013462066,0.2438348780382774,0.525440404531679,0.28160552649340154
2558312618_13d362df66.jpg,a brown dog is running in the grass,a brown dog is jumping through a field ||| a brown dog jumps over the grass ||| a tan dog jumps and runs in a field ||| the large brown dog is jumping through the tall grass ||| the tan dog in a black collar runs across a field,1.3105443972949382,0.8367228507995605,0.875,0.7071067811865475,0.5503212081491045,0.427287006396234,0.6816901408450705,0.6666666666666666,0.7832872867584229,0.5919122463278731,0.873352575749933,0.2814403294220599
2698487246_e827404cac.jpg,a man in a red uniform is jumping to catch a ball,a man in a black and white jersey is leaping to get a ball from a player in a blue and yellow jersey ||| people playing a sport with a referee looking on ||| the men are jumping in the air ||| three rugby players trying to catch the ball ||| two men are jumping into the air to catch the football,0.4886660533224501,0.7437702268362045,0.8333333333333334,0.6154574548966637,0.4231314987357343,0.3028976401809639,0.378310502283105,0.4571428571428571,0.6320144534111023,0.42999360402527126,0.7106274887561691,0.28063388473089784
498957941_f0eda42787.jpg,a boy in a red shirt is running on the ground,a boy in a blue shirt is running ||| a distorted image of a young boy running ||| a little boy running blurry picture ||| a young boy runs ||| little boy running very fast,0.9942424368072208,0.8580981940031052,0.6363636363636364,0.5640760748177662,0.4733525286819944,0.3393251340793363,0.8335382345709367,0.7368421052631579,0.6558483242988586,0.5350478862498776,0.815254169662977,0.2802062834130994
522486784_978021d537.jpg,a dog is running in the water,a black dog and a brown dog close together ||| a brown dog and a black dog on a dirt path ||| one brown and one mostly black dog are either playing or fighting ||| two dogs are playing together outside ||| two dogs face to face on a dirt road,0.1908798184720823,0.6217639148235321,0.2857142857142857,0.0690065559342354,0.0456671140396294,0.0392814650900513,0.1639344262295082,0.25,0.236913189291954,0.10112669888921756,0.38131388680971945,0.2801871879205019
3619232550_0b1e1fd4e4.jpg,a man with a guitar and a man is sitting on a table,a band in the studio ||| a group of musicians are recording music ||| three men posing with instruments ||| three musicians are posing for a photograph in a soundproof studio booth ||| three musicians in a recording studio,0.0013079948218945,0.5833955854177475,0.2307692307692307,0.0438529009653514,0.0259538221173733,0.0204480073602183,0.1724137931034483,0.16,0.2261702865362167,0.06459572391147375,0.3445854602533621,0.2799897363418884
407678652_1f475acd65.jpg,a group of people are sitting on a mountain,a group of hikers climb rocky terrain ||| five backpackers hiking along a rocky slope ||| five hikers walk down the hillside ||| five people with backpacks hiking down a rocky hill ||| the hikers descend on the mountain,0.2552199265846101,0.7071717083454132,0.6666666666666666,0.408248290463863,0.287684791332394,0.1411399193078977,0.3549382716049382,0.375,0.4707782864570617,0.30796536298628696,0.5866908718483356,0.2787255088620486
2258662398_2797d0eca8.jpg,a surfer is surfing in the water,a child in a black wetsuit is in the waves on a surfboard ||| a kid on a surfboard riding a small wave ||| a small boy in black is surfing ||| a young boy in a black wetsuit surfs in the water ||| a young surfer rides a wave,0.6938540867960727,0.7685554772615433,1.0,0.7071067811865476,0.464158883361278,0.223606797749979,0.4566037735849056,0.5555555555555556,0.7082787156105042,0.4970280998586535,0.7751717505067265,0.278143650648073
3712742641_641282803e.jpg,a dog is running through the water,a black and white dog is swimming in a lake ||| a black and white dog is swimming in a large green lake ||| a dog swimming in a pond ||| a dog treads through dark green water ||| the black and white dog is swimming in the river,0.4406772759613669,0.7369480282068253,0.8571428571428571,0.5345224838248488,0.1787807070193135,0.1093265113929093,0.4508928571428571,0.5714285714285714,0.5622844099998474,0.3861833596320783,0.6641644712523493,0.27798111162027106
3427614912_b147d083b2.jpg,a man in a black shirt is jumping into a park,two boys are sprinting on a running track ||| two boys race each other on foot ||| two men in a running contest ||| two young men running along a track ||| two young men run on a track outside,0.0022058108303369,0.6102354824542999,0.1818181818181818,0.1348399724926484,0.0586765990362605,0.0398635712826801,0.1538461538461538,0.2352941176470588,0.2238418161869049,0.08682807923826162,0.36448234028629084,0.2776542610480292
3549673305_4dfd44e04a.jpg,a man in a black jacket and a black jacket and a black jacket and a black jacket and a man in a black jacket and a black jacket and a black jacket and a man in,a couple kissing on the neck on a busy street ||| a man embraces a woman on a crowded street ||| a man in a leather jacket with the collar popped kisses the neck of a woman in a gray coat wearing a white scarf ||| man kisses girl on neck ||| man kissing a woman s neck on a busy sidewalk,0.0019556922915846,0.5565991252660751,0.2432432432432432,0.1643989873053572,0.1155899499670408,0.0820956843607846,0.2308105206655931,0.2950819672131148,0.3781690001487732,0.1356939503247546,0.41284898928449953,0.2771550389597449
3676561090_9828a9f6d0.jpg,a dog is jumping through the grass,a dog rolls in the grass ||| a small white dog rolls over on the grass ||| a tan dog rolls in the grass ||| the grey dog is rolling on its back on the grass ||| the yellow dog wears a blue dog tag and rolls on a green field,0.6989242456112146,0.7483677566051483,0.7142857142857143,0.5976143046671969,0.1925856785554179,0.1155987114790698,0.6147540983606558,0.6153846153846153,0.59786057472229,0.4170088621624119,0.6941607248836199,0.277151862721208
1350811702_2ce7cfd0c5.jpg,a man in a red shirt and a black jacket and a black jacket and a black jacket and a black jacket and a woman walking on a railing,a young boy casting his fishing line off a pier ||| children fishing off a bridge ||| people fishing over white fence ||| young boy standing next to water casting his fishing rod with others next to him ||| young boy wearing waders standing on a dock fishing other people are in the background,0.0001164036973611,0.5667905136942863,0.1379310344827586,0.0701862406343596,0.0263257083700552,0.0162757763136131,0.1558265582655826,0.1025641025641025,0.2035462260246276,0.042304983149668525,0.31810656196413956,0.27580157881447104
148512773_bae6901fd6.jpg,a man in a red shirt is standing on a rock overlooking a river,a couple enjoys a quiet moment near the river ||| a few people sit out on rocks overlooking the water below ||| two people are sitting on a rock overlooking the river ||| two people sit on top of a cliff overlooking a river ||| two people sit upon large rocks next to a river,1.3502132746803612,0.7308340072631836,0.4285714285714285,0.405998971470575,0.3454060645028693,0.2473997734288394,0.3946902654867256,0.4166666666666666,0.4953391551971435,0.3441401763674216,0.6199022987952155,0.2757621224277939
3561543598_3c1b572f9b.jpg,a group of people are standing in front of a crowd of people,a group of men wearing uniforms with hats gather holding flags ||| a vfw group stand at attention at a funeral ||| members of a fraternal organization in a graveyard ||| men in uniform take part in a ceremony with flags ||| men in uniform with flags are gathered outdoors for a ceremony,0.1378431017465481,0.5783490091562271,0.4615384615384615,0.3396831102433787,0.2189030136322372,0.1012019324419439,0.2352941176470588,0.3636363636363637,0.5022514462471008,0.22753556734651076,0.5031434268695857,0.2756078595230749
138705546_be7a6845dd.jpg,a man in a red shirt is sitting on a bench in front of a lake,two girls looking out over a lake towards a man fishing ||| two girls on the shore watch people in a boat fish ||| two girls sit along a lake while a man in the background fishes ||| two little girls in bathing suits sit on the shore of a lake watching someone fishing from a boat ||| two little girls in pink bathing suit tops sit on rocks by the water,0.3738939877456518,0.7162021100521088,0.4375,0.3818813079129866,0.2751606040745522,0.112513297385446,0.4304127666104036,0.3428571428571428,0.3953195214271545,0.27403462000013307,0.5494163490391759,0.27538172903904284
2892992529_f3335d0a71.jpg,a man is jumping through a grassy field,a black and white dog with a frisbee in his mouth on his hind legs ||| a black dog catches a frisbee at a park ||| a black dog with an orange bandanna catches a white frisbee ||| a large black and white dog is catching a frisbee in the park with a crowd of people behind him ||| dog catching the frisbee,0.0002346636796213,0.6127357855439186,0.3309363384692233,0.0645921593706871,0.039443355046607,0.0322601351892728,0.1123595505617977,0.2352941176470588,0.218903586268425,0.08893907354926145,0.36355594117589163,0.2746168676266302
3526150930_580908dab6.jpg,a girl in a pink dress and a pink shirt and a girl in a red dress and a girl in a red dress,a woman and a young girl pose and smile for a photo ||| a woman and a young girl smiling for the camera in front of some flowers ||| a woman and girl pose together in a garden ||| a woman poses with a small girl on her lap in front of a flower bush ||| a woman with brown hair is sitting with a little girl with short brown hair outside next to some red flowers,0.0315399026800782,0.6259731203317642,0.3333333333333333,0.1702513061517497,0.050884565997326,0.028143929378635,0.3542857142857143,0.3333333333333333,0.3183500170707702,0.15883344714822703,0.43259933971409614,0.27376589256586914
381976882_0063d16d88.jpg,a man is riding a dog on a dirt road,four dogs are being walked by two owners ||| four dogs on leashes walk down a sidewalk ||| four little dogs on leashes take a walk on a wide path ||| four small dogs on leashes walking in a park ||| someone is walking their dogs,0.0127325614027866,0.6172298640012741,0.4,0.2108185106778919,0.082207069144349,0.0530771217107244,0.3116531165311653,0.3333333333333332,0.3582343459129333,0.17574791303499568,0.4491551321941897,0.27340721915919397
742073622_1206be8f7f.jpg,a boy in a red shirt is running on a sidewalk,a boy stands in the road wearing a big red hat ||| a boy wearing a red hat is standing in the middle of the road ||| a little child stands in the middle of the street wearing a large red hat while people sit on the grass ||| a small boy wearing a red hat is standing in a street ||| a small child with a funny red hat stands in the road,0.4102390575248463,0.7364124059677124,0.7272727272727273,0.4670993664969137,0.134335877242797,0.0741944662736501,0.4030183501972217,0.5217391304347826,0.4585881531238556,0.3293076646783632,0.6026835848269593,0.2733759201485961
3537400880_8f410d747d.jpg,a man in a blue shirt jumps into the air,a girl doing the splits in the air while jumping on a trampoline ||| a young woman is jumping on a trampoline ||| girl in black and white top and black leggings jumping on trampoline ||| the girl is jumping on a trampoline outdoors in a backyard ||| young woman jumping on trampoline,0.0649998028060793,0.6657085567712784,0.4524187090179797,0.3016124726786531,0.1009546636834242,0.0603897063330492,0.3412844036697247,0.3478260869565217,0.3490981161594391,0.20905948402902644,0.48219013912350783,0.2731306550944814
2734669176_c272b42597.jpg,a man in a blue shirt and white and white and white and white and white and white and white and white and white and white and white players are playing in the grass,a baseball player a woman with frisbees and a dog in front of blue bleachers ||| a blonde haired girl is doing a trick with her dog that is in the air trying to catch a flying frisbee ||| a dog jumping for a frisbee while a woman crouches nearby ||| a woman thows a frisbee to a dog as a baseball player in uniform runs behind her ||| the girl does freestyle frisbee tricks with her dog at the baseball park,0.0001545690908561,0.5084867775440216,0.1764705882352941,0.073127242412713,0.0255663936602928,0.0152374284851383,0.1775147928994083,0.163265306122449,0.3092613518238067,0.06107464437914225,0.33415195960595967,0.27307731522681744
436009777_440c7679a1.jpg,a man walking down a stone road,a couple are sitting on a rock in front of a street ||| a man and a woman sit on a rock beside a street ||| two people sit on a large rock near a city street ||| two people sitting on a rock in a city park ||| two people talk while sitting on a big rock,0.0147641893640609,0.6500375270843506,0.3220616970322653,0.2008407546162877,0.0846349708527539,0.0580933410828325,0.1739130434782608,0.3157894736842105,0.2512085139751434,0.13995589994402458,0.4121349474187014,0.2721790474746768
308014594_f1d5e75507.jpg,a woman in a red shirt is holding a red dress,two japanese girls are wearing traditional dress ||| two japanese ladies with colorful kimonos on them ||| two women dressed as geishas ||| two women dressed in brightly colored traditional asian clothes stand at the top of steps ||| two women in elaborate japanese costumes,0.0897370459623042,0.5534934997558594,0.1818181818181818,0.042640143271122,0.0272352646881081,0.0224169335019223,0.0892857142857143,0.125,0.2152729034423828,0.04230289488485338,0.3144747117009898,0.2721718168161364
3368569524_a9df2fc312.jpg,a basketball player in a white uniform is trying to make a basketball game,a girl defends the basketball from another player ||| a girl playing basketball attempts a shot while another girl aggresively defends her ||| girls participating in a basketball game in front of a crowd ||| the female basket player in red is challenging the player in white for the ball ||| the opposing basketball player is making a hook shot over the defender,0.6434844572761897,0.6510662287473679,0.5714285714285714,0.4688072309384954,0.2635941610004862,0.1135935489027116,0.3292035398230088,0.3846153846153846,0.5305346250534058,0.3053745286807575,0.5774175838685217,0.2720430551877642
3081330705_7a1732e12c.jpg,a man in a red jacket is standing on a mountain,a man is on top of a cliff overlooking a forest and lake ||| a man on a cliff ||| a man stands on a mountain overlooking trees and a lake ||| a man stands on a mountaintop looking over dry forests and lakes ||| the man has a blue shirt on and is standing in front of some snowy mountains,0.4125823344237537,0.7268556207418442,0.8181818181818182,0.5720775535473553,0.331300762471962,0.1460139432915947,0.5636160714285715,0.5454545454545454,0.6315465569496155,0.4251446201327301,0.6969488876679693,0.2718042675352392
185057637_e8ada37343.jpg,a group of people are standing in a park,a group of five people stand outdoors ||| five people in back shirts stand in front of a small object in a grove of trees ||| five people wearing dark blue shirts give a presentation outdoors ||| four men and one woman in black shirts stand in a park ||| one woman and four men wearing black shirts standing on the grass in the shade,0.4682890741197526,0.7007981091737747,0.7954127260572175,0.596559544542913,0.4497745420893028,0.1919307694335175,0.5166666666666667,0.6250000000000001,0.7186456322669983,0.4560233624223171,0.7275849859189563,0.27156162349663915
3359636318_39267812a0.jpg,a man in a black jacket and a blue jacket and a blue jacket and a man in a black jacket and a blue jacket and a man in a black jacket and a blue jacket,a group of people are standing in front of some stores ||| people stand on a sidewalk outside of retail stores ||| people walking or talking on a city street ||| several people in front of stores ||| two people are talking outside of the video game shop next door to the mobile phone store,1.546395438004139e-08,0.4763980954885483,0.0555555555555555,0.0125988157669742,0.0077575903881636,0.0061329108036808,0.074074074074074,0.0851063829787234,0.2488807141780853,0.002221548522222758,0.273172765993462,0.27095121747123924
2502935765_a0ae1fa7be.jpg,a girl in a red shirt is swinging on a swing,a boy is at a playground on a pole ||| a boy spins on a park playground ||| a child slides down a pole on a playground ||| a kid playing in the playground ||| a little boy sits and spins on a playground,0.0222878231975608,0.7406237721443176,0.5454545454545454,0.2335496832484569,0.0846262997471468,0.0524634102286145,0.4043478260869566,0.3999999999999999,0.2734984159469604,0.22610664211235187,0.49703964035195897,0.2709329982396071
127450902_533ceeddfc.jpg,a man in a red jacket is walking down a hill,a winter landscape with four people walking in the snow ||| beautiful snowy landscape with people treading through the snow ||| crosscountry skiers are traveling towards the mountains at sunset ||| four people walking across thick snow during a sunset ||| the sun is almost behind the snowy mountains,0.0965407198857183,0.6001615524291992,0.3636363636363636,0.0603022689155527,0.0343142832800059,0.0266583768170288,0.1485148514851484,0.1999999999999999,0.2390902936458587,0.09490207689497608,0.36547809527453934,0.27057601837956324
123889082_d3751e0350.jpg,a dog is running in the grass,a brown dog biting a gray dogs ear ||| brown dog biting a grey dogs ear ||| tan dog on grass with mouth open about to bite gray dog s ear ||| two dogs are playing in a grassy field one dog is biting the ear of the other dog ||| two dogs are playing together on green grass,0.262912284481461,0.6049136817455292,0.8571428571428571,0.3779644730092272,0.1418983411970384,0.0919322715224918,0.2523011176857331,0.32,0.5467017292976379,0.2803234382949132,0.5503655965966157,0.2700421583017025
3572942419_16ebdc3d46.jpg,a man in a hat is sitting on a table,a woman at a desk signing paperwork in front of another ||| a woman filling out some paperwork while another woman waits ||| a woman signs paperwork at an event ||| several women are talking outside ||| these women are filling out forms at a stand outdoors,0.0002482460436687,0.6393396109342575,0.3,0.0577350269189625,0.0346680637175317,0.0277761903401179,0.1376146788990825,0.1904761904761905,0.1579003632068634,0.07879138666285065,0.34871800505906786,0.26992661839621723
1776981714_5b224d0f7a.jpg,a man in a black shirt is walking on a bench,two asian women walking in front of a green door ||| two girls are walking along the street and talking ||| two women walk down a street ||| two women walk down the street ||| two women walking down the street,0.1946714727286138,0.6408228725194931,0.2727272727272727,0.0522232967867093,0.0311765953881872,0.0248084150017018,0.2038043478260869,0.2352941176470588,0.1849033534526825,0.09647194296962139,0.365792726661518,0.2693207836918966
3062273350_fd66106f21.jpg,a group of people walk down a busy street,men wearing hats and coats are walking together ||| a group of old men walking down the street ||| a group of seven men walking and standing on a concrete surface ||| a group of walking men ||| seven older gentlemen walking together in a group outside,0.5184418558251167,0.6510384380817413,0.6666666666666666,0.408248290463863,0.287684791332394,0.1411399193078977,0.5844907407407408,0.6666666666666666,0.6814637184143066,0.3971962723054028,0.6662627645543073,0.26906649224890455
2679851489_a58780291e.jpg,a black dog is running in the grass,a black dog running towards a camera ||| a black dog runs along the grass ||| a black dog runs on the grass near to a brown and white dog ||| a black dog runs through the dry grass ||| two dogs one coming toward the camera while one walks in the background,1.4186676246759382,0.7566510140895844,0.875,0.7071067811865475,0.4367902323681494,0.2020515504676623,0.7922535211267605,0.7999999999999999,0.8572321534156799,0.5844348020861887,0.8534426094681513,0.2690078073819626
3274691778_94bb57bba3.jpg,a group of people are standing in front of a large crowd,a band playing in a dark indoor area ||| a three person band performs on a small stage ||| live band at underground cabana ||| the silhouettes of a man on the left a woman with arms up in the middle and woman on the right ||| three people are in a dimly lit room with gold walls decorated with red ovals and black lettering,0.0278268924530143,0.5831382051110268,0.5,0.3015113445777636,0.0968729306151464,0.0563756031525929,0.1813936781609195,0.3,0.4067094922065735,0.182015248332044,0.45068317843049477,0.2686679300984508
3625957413_e475943aa3.jpg,a dog runs through a grassy field,a black and white dog is running along side a small brown or white dog in the grass ||| a black dog chasing a brown one ||| the dogs run in the green field ||| two dogs running through a field ||| two dogs run through a field,0.640079693034163,0.6848379969596863,0.7142857142857143,0.3450327796711771,0.1335314515048662,0.0878360261971396,0.7934426229508196,0.7692307692307692,0.6684421300888062,0.4172563775488211,0.6853783493851451,0.26812197183632397
2650620212_0586016e0d.jpg,a black dog is running in the grass,a black dog is walking along the side of a pool ||| a black dog runs around an outdoor swimming pool ||| a black dog walking beside a pool ||| a black poodle walks on the edge of a pool ||| a fluffy blank poodle is walking on the edge of a pool,0.7635541729808946,0.7849384844303131,0.625,0.5175491695067657,0.4469517675482838,0.3655552228545123,0.4213483146067415,0.5263157894736842,0.5420542359352112,0.423273040688604,0.6902804748605406,0.26700743417193656
2507182524_7e83c6de82.jpg,a brown dog is running in the grass,a brown dog in a blue collar is chasing a green ball through mulch ||| a dog chases a ball through dirt ||| a dog is running towards a ball to catch it ||| a white dog wearing a blue collar runs for a green ball ||| the dog is running after a ball and stirring up dust,0.4721695370210875,0.7643727958202362,0.875,0.7071067811865475,0.5503212081491045,0.2402811414134754,0.416822429906542,0.4444444444444445,0.6352636218070984,0.46219271399436523,0.7288660406592358,0.26667332666487054
3067500667_0fce8f28d4.jpg,a football player in a red jersey and white and white and white and white and white and white and white and white and white and white players in the background,a cricket batsman has been bowled out middle stump ||| a cricket player swings his bat but misses ||| a man is standing in front of some red sticks trying to hit a ball ||| a man is swinging a paddle at a unique ball game ||| a player hits the ball at a cricket game,0.0003058410514843,0.5000018328428268,0.1935483870967742,0.0254000254000381,0.0130543955570462,0.0094412189224853,0.1785714285714285,0.15,0.2939309477806091,0.05220863425479668,0.31840194750063805,0.2661933132458414
3454315016_f1e30d4676.jpg,a white bird flies over the water,a large white bird skates across the top of some water ||| a white bird with a long neck flying low over the water ||| the large white bird grazes the water ||| white bird in water preparing to fly ||| white bird starting to take flight from a lake,1.4698793371297143,0.7857418805360794,0.8571428571428571,0.7559289460184544,0.6114214174657597,0.274941620352113,0.551907719609583,0.7368421052631579,0.8044198751449585,0.579654821834085,0.8453982367024035,0.26574341486831854
3330102093_1d6e35e78d.jpg,a biker in a wheelie on a dirt bike,a cyclist in a midair jump ||| a man on a bike in the air he is wearing a blue hsirt and a yellow and white helmet ||| a person has ridden their bicycle into the air ||| a person riding a bike jumps through the air high above a bumpy racetrack ||| someone riding a bicycle is up in the air over a dirt and hill trail,0.0950576442665939,0.7204361259937286,0.7777777777777778,0.5400617248673217,0.1609148974342716,0.0912870929175276,0.2380952380952381,0.4,0.4157578349113464,0.2991967235592362,0.5648054751236731,0.26560875156443686
109671650_f7bbc297fa.jpg,a man in a red shirt is standing on a rock formation,a boy in yellow shorts is standing on top of a cliff ||| a boy wearing blue and yellow walking on a cliff edge ||| a little boy standing high in the air on a rock ||| a young child is standing alone on some jagged rocks ||| child stands near edge of cliff,0.4522747094219848,0.71615070104599,0.5833333333333334,0.4605661864718383,0.348769125125109,0.1473475423705159,0.4604604604604604,0.5,0.5147649049758911,0.3547599305537688,0.6197051745945454,0.26494524404077663
3122888809_9ae9b4b9b2.jpg,a brown dog is running in the grass,a black dog and a brown dog are smelling each others noses ||| a black dog and a brown dog touching noses in a grassy field ||| a black dog is touching noses with a light brown dog ||| there are two dogs one is black and the other is brown sniffing each other ||| two dogs examine each other in a field,0.3964863974775778,0.6973211467266083,0.75,0.5669467095138409,0.3769737205645769,0.180921760812233,0.2949766355140187,0.380952380952381,0.5465272068977356,0.3585669640952257,0.6234863452288161,0.26491938113359037
1526325728_74eb4153d8.jpg,a dog is running in the sand,a grey colored dog walks in wet sand at a beach ||| a grey dog plays in the sand at the ocean ||| light brown dog running towards something at the beach ||| the brown dog is standing on the sandy beach ||| the large grey colored dog is jumping on the beach,0.7120748953164149,0.7247696816921234,0.7514772930752859,0.5313746898412453,0.3488048612251805,0.1680354310863871,0.4395761741122566,0.588235294117647,0.6012702584266663,0.4125893620905708,0.6774692783305865,0.26487991624001567
3445428367_25bafffe75.jpg,a man in a black shirt is jumping into the air,a person is standing on a brick ledge taking a picture of something in the distance ||| a woman takes a photograph ||| a woman with long hair pointing her camera skyward as she stands on a brick wall ||| the woman is holding a camera and standing on a brick wall ||| woman standing on a brick wall and taking a picture,0.0043683092132414,0.6690341234207153,0.4545454545454545,0.0674199862463242,0.0369639411310129,0.0281878015762964,0.1785714285714286,0.25,0.1777118444442749,0.11959026837455021,0.3839129029555874,0.26432263458103716
3724581378_41049da264.jpg,a surfer surfs a wave in the water,a man surfing ||| a person surfs in the ocean ||| a surfer catching a large wave in the ocean ||| surfer riding a wave ||| surfer wearing a wetsuit at the crest of a wave,1.3390478453662418,0.7195872068405151,0.772184789761521,0.6240195441936914,0.3854660271440975,0.178309867450127,0.6320224719101123,0.7058823529411765,0.7621901631355286,0.5043461423841029,0.7681124963888488,0.2637663540047459
3372167201_f7f909d480.jpg,a woman in a blue shirt is holding a child on a bench,a large man and large woman sitting on a park bench with a bottle of soda between them ||| a man and a woman sitting on a bench ||| an overweight man makes arm gestures on a park bench and a woman watches him ||| a woman and a man sitting on opposite ends of a coach ||| the two large people are sitting outside on a bench,0.9106488784971062,0.7090809941291809,0.4615384615384615,0.3396831102433787,0.2189030136322372,0.1012019324419439,0.5437352245862884,0.4545454545454546,0.4532901644706726,0.3143324779845777,0.5779067626261702,0.26357428464159255
2448270671_5e0e391a80.jpg,a dog runs in the grass,a brown dog is leaping over a fallen tree in the woods ||| a brown dog with tongue sticking out jumping over a log ||| a dog is jumping over a log with ears flying and tongue out ||| a dog leaps over a log in the woods ||| the dog with big ears is leaping over a fallen tree,0.1357815266885469,0.7033520936965942,0.4043537731417556,0.3132110858708302,0.1141534406821134,0.0740541890772777,0.3627873563218391,0.5333333333333333,0.3348813951015472,0.2419315024574253,0.503647989830214,0.26171648737278863
2846785268_904c5fcf9f.jpg,a person in a black shirt is performing a trick in the air,a boy doing a trick on top of a guardrail on inline skates ||| a person jumps onto a barrier ||| a person wearing rollerblades jumps over a yellow gate ||| a young adult jumps on a yellow barricade ||| rollerblader grinding a yellow road barrier,0.1683714183863735,0.673036053776741,0.3846153846153846,0.2531848417709166,0.0835271324808894,0.0491327054814442,0.2238805970149254,0.3157894736842105,0.2499337941408157,0.16823219477070092,0.42960838192325723,0.2613761871525563
3046286572_d2050ab0d9.jpg,a man in a black shirt is jumping off a bicycle,a bicycler does a trick in the air and his shadow is captured on the ceiling ||| a boy doing a trick in the air on his bicycle ||| a man in a brown shirt and jeans is doing a trick on his bicycle ||| a man performing a bicycle trick inside in midair ||| the man is doing a trick on a bike in midair,0.5722486024697,0.7868783921003342,0.7272727272727273,0.5393598899705937,0.4013422919391943,0.2998221389342337,0.4810573630136986,0.6153846153846153,0.5623878836631775,0.4425155790279782,0.7037901264102808,0.2612745473823026
2097403787_77a154f5b9.jpg,a man in a red jacket is standing on a mountain overlooking a mountain,a lone person standing on some rocks with large snowy mountains in the background ||| a man is standing on the rocky ground in front of the mountain ||| a man standing in front of an icy mountain ||| the person is standing by the water in front of the snow topped mountains ||| the traveller pauses in front of the mountain view,0.4155459439682186,0.5819069966673851,0.5,0.3396831102433787,0.212645185141495,0.0966926569088086,0.4369839538868982,0.4444444444444445,0.5694741010665894,0.28433804743529184,0.5455435364810746,0.2612054890457827
3139389284_f01bd4c236.jpg,a dog is jumping over a white dog,a dog leaps down the road ||| a little white dog jumping on the ground ||| a small dog jumping on a street ||| a white dog is jumping on the street ||| the dog is jumping in the air,1.516923960007506,0.8446907252073288,0.75,0.7319250547113999,0.5631239402218031,0.2444615112174505,0.605,0.5333333333333333,0.6270385384559631,0.5265349888969697,0.7876668848362663,0.26113189593929664
2310233145_910cb5b4c8.jpg,a man in a blue shirt is standing on a lake,a child in orange walking on wooden walkway built in a body of water ||| two children are running down a bridge across a lake ||| two children run along a boardwalk that crosses over a body of water ||| two children walking on a wooden pier over water ||| two children wearing orange walk across a long pier,0.2143202012513821,0.6623858213424683,0.4545454545454545,0.3692744729379982,0.1148555594304482,0.0659692458566296,0.3125,0.32,0.3471158146858215,0.21819673360826708,0.47839002849688755,0.2601932948886205
2662262499_3cdf49cedd.jpg,a man in a red uniform is running on the ball,a baseball hitter holding a bat falling down ||| a baseball player runs on the field ||| a boy at bat playing a baseball game falls to the ground while onlookers watch ||| a child in a uniform is falling to the ground with a bat in his or her hand ||| this baseball player dressed in red and white uniform and holding a bat is falling after being hit by a pitch,0.1259916972164747,0.7818034291267395,0.7272727272727273,0.4670993664969137,0.134335877242797,0.0741944662736501,0.5067567567567568,0.4444444444444444,0.3643900454044342,0.3236103717316673,0.5831874086662424,0.2595770369345751
2307807200_91fa29cba1.jpg,a man in a red jacket and a black jacket and a black jacket and a black jacket and a black jacket and a black jacket and a black and white black and black and black and,an elderly woman is standing by the window of a grey stone building ||| a person standing on the sidewalk next to a window wearing warm clothes ||| a woman all dressed in blue with blue bags stands outside a window ||| a woman in a fur hat and fur coat stands outside a building ||| the elderly lady waits on the sidewalk,3.611257941037712e-07,0.6216630339622498,0.1351351351351351,0.061267885174484,0.0220529103372164,0.0133269173554588,0.1623376623376623,0.2,0.1246237754821777,0.05575538468867094,0.3151178292187081,0.2593624445300372
2842849030_89548af61c.jpg,a boy in a blue shirt is playing in a pool,a child in a pool wearing waterwings ||| a child in churning water at the edge of a pool with orange water wings ||| a child plays in a pool while wearing orange floaties ||| a child with orange and white water wings is playing in a pool ||| a little boy is wearing water wings in a swimming pool,1.3007007236580823,0.7650425285100937,0.6363636363636364,0.504524979109513,0.4394215622985436,0.3816330911371337,0.5067567567567568,0.5454545454545454,0.6137836575508118,0.4581406543965238,0.7167493110712965,0.2586086566747727
3474265683_43b1033d94.jpg,a group of people in a formal party and a woman in a red shirt and a woman in a red shirt and a woman in a red shirt,a man and woman in a crowd of people are having a verbal exchange ||| a man in a blue sweater black leather jacket and gray hat is surrounded by people ||| a man wearing a shirt and tie looks perplexed as he navigates through a crowd ||| an old wearing a grey hat and a leather jacket surrounded by several other people ||| man wearing hat cardigan and tie in a crowd of people,0.0066813533500029,0.5743144452571869,0.3103448275862069,0.2354118077153791,0.1270859598675597,0.053006587173906,0.4072580645161291,0.2790697674418604,0.3946911990642547,0.17810370456582425,0.4366148640423221,0.25851115947649783
3265964840_5374ed9c53.jpg,a man is riding a trick on a skateboard,a boy on a snowboard leaps through the air ||| a man in a yellow hat is crouching on his snowboard ||| a man in a blue shirt and green cap on a red snowboard ||| a snowboarder flies through the air on a red snowboard in front of a snowy landscape ||| a snowboarder landing on a pile of wood,0.0599528146834922,0.7278028130531311,0.6666666666666666,0.408248290463863,0.1335314515048662,0.0793688092608621,0.353968253968254,0.4545454545454546,0.3637511134147644,0.28268970012571853,0.5400212146643766,0.25733151453865805
3636418958_f038130bb2.jpg,a basketball player in a blue uniform jumps into the air,a girl in hot pink leotard is leaping through the air ||| a gymnast vaults through the air ||| a young girl wearing a pink leotard jump in midair ||| group of gymnast look on as a girl in a red bodysuit completes a stunt ||| the gymnast is wearing a red outfit and jumping,0.08759170521436,0.5996134877204895,0.4545454545454545,0.3015113445777636,0.1003355729847986,0.059609942732681,0.3931623931623932,0.3636363636363636,0.4295249283313751,0.2202833541406961,0.47717191421478466,0.25688856007408856
724702877_f2a938766b.jpg,a dog is running on a driveway,a dog has jumped in the air to catch a tennis ball ||| a small brown dog jumping up to catch a tennis ball ||| a small brown dog jumps and catches a tennis ball ||| a small dog jumping with a ball in its mouth ||| small dog catches a tennis ball in its mouth indoors,0.089589967012753,0.629163458943367,0.2791881675133095,0.1741044115460091,0.0733681857782531,0.0503598335073568,0.2222222222222222,0.3529411764705882,0.2552458643913269,0.14251883812472776,0.39797156968083697,0.2554527315561092
566921157_07c18a41e2.jpg,a dog runs in the sand,a brown and a brown dog are running ||| two dogs running in the dirt ||| two dogs running over packed dirt and rocks ||| two dogs run through mud ||| two large dogs run along a muddy path,0.0567349892689057,0.7382238656282425,0.6666666666666666,0.3651483716701107,0.1493801582185721,0.102669009608034,0.6614583333333333,0.6666666666666666,0.4810060560703277,0.3619284193467574,0.6173186659757925,0.25539024662903514
3539767254_c598b8e6c7.jpg,a group of people are sitting on a lake,a gondola is steered through the canals with other boats around ||| a man is steering a gondola with people in it down a river with buildings all around ||| a man rowing a ganilla down a watery path ||| man in a gondola in a canal ||| the gondola is poling his boat in the canal,0.0093857718151531,0.5531764775514603,0.3333333333333333,0.0645497224367902,0.039044833280954,0.0315598453911294,0.1388888888888889,0.25,0.2760998904705047,0.09577684560471211,0.35003849501665774,0.2542616494119456
2904601886_39e9d317b1.jpg,two dogs run around a dirt track,prarie dogs that are spotted with brown black and white ||| a group of coyotes look away from the camera while standing in a dry field ||| four dogs are standing in a dry grassy field ||| four multicolored dog like animals in a dryed grass field ||| four wild dogs in a dry field,0.1415764852270461,0.6248149275779724,0.2857142857142857,0.0690065559342354,0.0456671140396294,0.0392814650900513,0.1428571428571428,0.2857142857142857,0.1897523403167724,0.10185839168288682,0.35596314847511623,0.25410475679222944
3708172446_4034ddc5f6.jpg,a man is jumping into a wooden pool,couple sitting on bench in front of a water fountain ||| the old men are sitting on a bench ||| two men are sitting on a bench looking at a water fountain ||| two men sit on a bench in front of a three tier fountain ||| two people sit on a park bench looking at a fountain,1.0512904176684884e-05,0.631529837846756,0.25,0.0597614304667196,0.039044833280954,0.033031643180138,0.0934579439252336,0.2105263157894737,0.1245553568005561,0.06931724994957761,0.32289598172696954,0.25357873177739193
289599470_cc665e2dfb.jpg,a woman in a white shirt is eating a child in a white shirt,a black haired girl is eating corn on the cob ||| a man is eating a piece of corn on the cob ||| a man is nibbling on an ear of corn ||| a person with dark hair is eating a very large ear of corn ||| the child with black hair is eating corn on the cob,0.8557121822884215,0.7076915353536606,0.3571428571428572,0.2344036154692477,0.1660539160369454,0.080322768728153,0.2793141592920354,0.32,0.2592968642711639,0.20962490204617906,0.462582307758703,0.25295740571252395
2097420505_439f63c863.jpg,a man in a red jacket is standing on a snowy mountain,a male hiker wearing a green jacket is posing next to a large glacier ||| a man with a camera and an ice structure behind him ||| a man with a camera crouching on ice ||| a man with a camera kneels in front of a giant hill of snow ||| the mountain climber prepares to take a photo,0.2182541643257843,0.6354372203350067,0.75,0.3692744729379982,0.1108918233930388,0.062389860721175,0.2695652173913043,0.4,0.4547899663448334,0.26781476337782817,0.5204346547349014,0.2526198913570732
2034553054_b00c166895.jpg,a man sitting on a table with a man in a blue shirt,a boy with a blue hat points towards a bowl full of cork ||| a child in medieval clothes points at something on a table ||| a child in period costume looking at a table with a bowl cup and a basket of apples ||| a young boy next to apples at a medieval fair ||| the child is sitting at the table with art supplies and apples,0.7842725620660235,0.4003302752971649,0.7692307692307693,0.5661385170722979,0.4438041154503415,0.3057690288450511,0.3626822157434402,0.3870967741935484,0.160225823521614,0.41305216067211775,0.16069667450524885,-0.25235548616686887
3497502407_ec566442c9.jpg,a man in a red shirt is riding a rope in a wooded area,a girl stands high on an obstacle course platform ||| a man standing on a platform high up in a tree ||| a person standing on a platform attached to a tree ||| a woman on a tree canopy walk ||| a woman stands on a circular ledge surrounding a tall tree,0.0140873996178321,0.6880088150501251,0.3571428571428572,0.2344036154692477,0.077075400245476,0.0451688122095475,0.3292035398230088,0.4,0.2411072105169296,0.18393980872587265,0.43627566947675617,0.25233586075088354
1019604187_d087bf9a5f.jpg,a white dog is running in the grass,a dog prepares to catch a thrown object in a field with nearby cars ||| a white dog is about to catch a yellow ball in its mouth ||| a white dog is about to catch a yellow dog toy ||| a white dog is ready to catch a yellow ball flying through the air ||| a white dog running after a yellow ball,0.9800924749547224,0.7740108668804169,0.875,0.6123724356957945,0.5,0.3976353643835253,0.39453125,0.5,0.6373527646064758,0.4859838591701701,0.7377333200623407,0.2517494608921706
380041023_0dfd712ef1.jpg,a dog is running in the grass,a brown and black dog runs through the leaves ||| a brown dog is running ||| a brown dog with a red collar jumping across a leafy lawn ||| a dog with a brindlecolored coat is running across the yard ||| the brown dog is wearing a red collar,0.8441849817621271,0.7498958706855774,0.6191984998215584,0.5180586332905649,0.3596791412007517,0.1782013231677091,0.7211538461538461,0.6666666666666666,0.6138031482696533,0.4532228107769341,0.7047586030464825,0.2515357922695484
2069279767_fb32bfb2de.jpg,a man in a red shirt is sitting on a rock,the men are climbing ||| two men are lying in red cots on the side of a mountain ||| two men are sleeping on makeshift beds on the side of a cliff ||| two men in cots hanging from a cliff ||| two mountain climbers are smiling on the mountainside,0.0356956294073764,0.5565096437931061,0.3031828793000656,0.0502771926748963,0.0286096338163633,0.0222264994623455,0.15625,0.3333333333333333,0.2788744568824768,0.10284326040813341,0.3543133573929207,0.2514700969847873
2298077331_f9a1488067.jpg,a dog is running in the grass,a black dog and a brown dog run along a dirt path ||| a black dog runs with a white dog ||| two dogs are running down a dirt path in a grassy field ||| two dogs run and play together on a narrow dirt path in the middle of a field ||| two dogs run through the grass outside,0.4417842929196365,0.6026159226894379,0.8571428571428571,0.5345224838248488,0.1787807070193135,0.1093265113929093,0.4508928571428571,0.5714285714285714,0.6972548961639404,0.38622007184249796,0.6371907125501,0.250970640707602
3492734013_e6b177ed99.jpg,a group of people are standing in a city,a boy surrounded by pigeons is interacting with a person who is part of a larger crowd ||| a crowd scene with pigeons in a plaza ||| a family is talking in a plaza standing in the middle of a bunch of birds ||| boy in yellow shirt getting picture taken surrounded by pigeons ||| group of people in an open square with a large flock of pigeons,0.1562422876077254,0.6833221763372421,0.7777777777777778,0.6236095644623236,0.3815714141844439,0.1744391898986843,0.3155006858710563,0.4545454545454546,0.5725564956665039,0.37733977092949056,0.6277196578949693,0.25037988696547875
2818735880_68b3dfe1f5.jpg,a man in a black and black horse is riding a horse in the grass,brown dogs are running down a trail ||| a group of dogs runs down a path through dry grass and bushes ||| a pack of dogs are running away down a trail ||| five brown dogs are walking down a grassy path ||| many dogs are running the same way in a field,0.0288394848674157,0.6445890665054321,0.4,0.1690308509457033,0.0603479980702305,0.0367876324992777,0.1515151515151515,0.2142857142857142,0.1901153177022934,0.1217711100355127,0.37184586173478845,0.25007475169927573
2325386353_1f1a05e1ce.jpg,a woman in a blue shirt is holding a child in a red shirt,a boy in a mask holds up two bags of bread ||| a boy wears a wrestling mask and carries bags of bread ||| a boy with a blue wrestler mask is posign next to several other people ||| a man child carries two loaves of bread through the store ||| a young boy wearing a mask stands holding two bags of bread,0.1104332195251016,0.637270137667656,0.5,0.2773500981126146,0.0862233979611117,0.0491327054814442,0.2793141592920354,0.32,0.3270075917243957,0.19672017466570943,0.44664866441784845,0.24992848975213902
3543294190_0037c59607.jpg,a man in a red helmet is riding a bike on a bike,a man demonstrates how to ride a bicycle with only the back wheel on the ground ||| a man in a red outfit balances on a bike ||| a man performing a trick on a bicycle by standing on the pedals while the bike is upright ||| a man wearing red and black is balancing himself on the back wheels of a bicycle that is pointing up ||| man in a red shirt riding a trick bicycle on only the rear wheel,0.5041934756630235,0.7872030138969421,0.7122777528017816,0.6202681096335706,0.5059873369073483,0.3935595162100972,0.6818871359223302,0.6956521739130435,0.6753643751144409,0.5213579918193122,0.7705680279188074,0.2492100360994952
3249738122_decde6c117.jpg,a dog in a red jacket is running through the snow,a crowd cheers on a sled dog racer ||| a participant in a dog sled race passes onlookers ||| dogs pull a sled in the snow ||| the crowd watches the musher s dog sled ||| three dogs pull a sled during a race in the snow,0.2586496625403189,0.6587979942560196,0.5454545454545454,0.4045199174779452,0.1220522444470285,0.0690457308327456,0.5027027027027028,0.4444444444444444,0.4507697224617004,0.2883714893201183,0.5365785659651119,0.24820707664499359
2630806789_6835bbae95.jpg,a man in a blue shirt is riding a canoe in the water,an orange canoe aimed toward two other canoes on a lake ||| several orange kayakers row in a mountain lake ||| three kayaks are out on the water with a mountain in the background ||| two canoes cross the water behind them are some houses ||| view of a mountain as seen from a kayak,0.2326037895684976,0.576096922159195,0.4615384615384615,0.3396831102433787,0.1016057783719578,0.0569100288012269,0.2481121898597626,0.2608695652173913,0.400621235370636,0.19332936424016098,0.44151890684651435,0.24818954260635337
2107837987_ffecfc367a.jpg,a boy in a blue shirt and jeans is standing on a lake,a boy stands near water with a stone in his hand ||| a child in a blue shirt is holding something in his hand on a lake shore ||| a little boy is ready to throw a stone into the water ||| a skips rocks near a bridge ||| the little boy is at the side of the river throwing rocks,0.4651136725508878,0.7346313446760178,0.7692307692307693,0.6201736729460423,0.4716122463218143,0.3200286101270289,0.5241015962884328,0.6206896551724138,0.6689921021461487,0.4773964497944081,0.7251583318763023,0.2477618820818942
1643915227_9f48068772.jpg,a man in a red dress walking in the street,a group of people are walking down the sidewalk of a big city ||| pedestrians and cars make their way through times square in new york ||| some people and vehicles on a crowded street ||| the streets of a big city ||| times square in new york,0.1215186819271419,0.6147550791501999,0.6,0.0816496580927726,0.0436790232368149,0.033031643180138,0.3993055555555556,0.2608695652173913,0.3320184051990509,0.18447701988467952,0.43175814491073516,0.24728112502605565
2282522980_45cfa8e0cf.jpg,a dog is running in the snow,the dog with the green collar and ball is running behind the dog with the red collar ||| two dogs enjoy playing in the cold of the snow ||| two dogs play in the snow ||| two dogs play in the snow together ||| two dogs run through the snow,1.1453387057770053,0.7559353113174438,0.8571428571428571,0.6546536707079771,0.4409111383083693,0.215153445216728,0.7934426229508196,0.6153846153846153,0.7426071166992188,0.5389152944006986,0.785384150994074,0.24646885659337536
1659396176_ced00a549f.jpg,a dog is running in the grass,a white and brown dog with his mouth open and tongue out facing a second almost offcamera dog ||| two dogs one with long brown fur both dogs have their mouths open and teeth showing one dogs tongue is hanging out ||| two dogs play in the grass ||| two furry dogs make snarly faces as they play together ||| two multicoloured dogs fighting,0.3462992315129398,0.7389792054891586,0.8571428571428571,0.5345224838248488,0.3851713571108358,0.1944130841813964,0.7934426229508196,0.6153846153846153,0.6720295548439026,0.4840297528377146,0.730392024099515,0.24636227126180038
2596475173_58f11fc583.jpg,a dog is playing in the grass,a tan dog and a black dog are biting each other in the face ||| a tan dog and a black dog fight ||| two dogs are bearing their teeth at each other ||| two dogs bite each other while playing around ||| two dogs stand in water and bite each other s mouths,0.1976191869958721,0.6786204874515533,0.6191984998215584,0.2991012913863172,0.1157554642311317,0.0761431099121783,0.2373120300751879,0.3809523809523809,0.3247015178203583,0.23201509200637352,0.47805678793106005,0.24604169592468653
3123463486_f5b36a3624.jpg,a dog is running in the grass,a brown black and white dog runs along on the gravel ||| a dog runs ||| a little dog running on sand ||| the brown white and black dog runs on a gravel surface ||| the dog is running across the gravel,0.6617141636027668,0.7790856063365936,0.7142857142857143,0.5976143046671969,0.4149132666831218,0.2055668084502598,0.7516339869281047,0.6,0.6084919571876526,0.4791596102150191,0.7247612619671161,0.24560165175209697
252802010_3d47bee500.jpg,a dog is running in the grass,a brown and white dog playing with black dog ||| two dogs look at one another outside ||| two dogs playing ||| two small dogs playing with each other in the grass ||| two small dogs run across the green grass,0.4460167581808426,0.6684590131044388,0.7142857142857143,0.4879500364742665,0.3624601243342975,0.1857505799913359,0.4597938144329897,0.5333333333333333,0.6071440577507019,0.39088527082765684,0.6363073056549788,0.245422034827322
2663794355_e726ec7e05.jpg,a woman in a blue shirt is sitting on a rock formation,there are two women tanning in bikinis ||| two people sunbathe beside water ||| two women are laying on a concrete structure beside the ocean ||| two women sunbathe by the water ||| two women sunbathe on a concrete terrace,0.0077855900781747,0.5936689674854279,0.25,0.1507556722888818,0.0610261222235142,0.0398635712826801,0.25,0.2105263157894737,0.2310046106576919,0.11072698143727108,0.3555725244694225,0.24484554303215142
2751694538_fffa3d307d.jpg,a brown and white dog is riding a toy in a car,a man and boy sit in the driver seat ||| a man holds a child on his lap while driving a truck ||| a man sits with a little boy in the drivers seat of a jeep ||| a young boy sits on the lap of a man behind the wheel of a vehicle ||| the boy is sitting in the lap of the car s driver and helping to steer,0.0792797417366543,0.6795809417963028,0.5833333333333334,0.0728219081254419,0.0375700150990802,0.027705781179862,0.2384615384615384,0.3076923076923076,0.1966510862112045,0.16045290759281014,0.40342162730076064,0.2429687197079505
1094462889_f9966dafa6.jpg,a dog is running in the snow,a brown dog plays in a deep pile of snow ||| a dog looking at the camera in snow ||| a dog runs through the snow ||| a tan dog stand in the snow and looks up ||| the brown dog is out in the snow,1.573217794049029,0.7458426058292389,0.8571428571428571,0.7559289460184544,0.4852855006405174,0.2311974229581395,0.7311475409836065,0.7692307692307692,0.8383347392082214,0.5909879743661992,0.8337512298819787,0.24276325551577949
2162469360_ff777edc95.jpg,a man in a blue shirt and a blue shirt and a blue shirt and a blue shirt and a blue shirt and a blue shirt,a man is wearing a neon yellow vest while leaning over a roof and another man is standing behind him ||| a worker in a blue hardhat looks on as another man works ||| one construction worker in a red shirt watching another construction worker with a hammer fix something ||| two construction workers working on a roof top ||| two workers in yellow vests try to fix something,0.0076589971925517,0.5901331454515457,0.3076923076923076,0.1921537845661045,0.1154415673264319,0.0508557076497747,0.2776119402985075,0.2173913043478261,0.2820458114147186,0.14011640001019018,0.3828238558421643,0.2427074558319741
3464871350_3f2d624a9c.jpg,a red race speeds in a red race,a driver is sitting in a team penske race car ||| a race car driver with an orange helmet sits in a team penske indy car at the raceway ||| a race car sits in the pits ||| race car driver getting ready for the start of the race ||| racing car marked team penske on track banners and spectators in background,0.3419249990196977,0.6910458952188492,0.625,0.2988071523335984,0.1141677850990735,0.073860999559306,0.3220663265306122,0.4444444444444445,0.3492903113365173,0.2598991505609567,0.5023805648535563,0.24248141429259962
1394396709_65040d97ab.jpg,a brown dog is jumping through a lake,a brown dog carrying a black object ||| a dog retrieving in the water ||| a dog with a water pack is walking through clear green water ||| the dog is running through the water carrying a black and yellow object in its mouth ||| the irish setter is retrieving a flashlight from the pond,0.287696983430254,0.7237823307514191,0.75,0.5669467095138409,0.3769737205645769,0.180921760812233,0.5281690140845071,0.5333333333333333,0.5673465728759766,0.41426618847726593,0.6567126030675523,0.24244641459028637
2618538137_44fffe10c4.jpg,a dog is running on a path,a bare chested man with a fierce expression on his face squats on a skateboard beside a furry dog ||| a brown and white dog is walking next to a man on a skateboard ||| a man on a skateboard is squatting next to a large dog ||| a man on a skateboard poses with a dog ||| a man wearing no shirt rides a skateboard with a brown dog,0.1631207449354828,0.6464570760726929,0.5367694950537757,0.4490935799743743,0.1447237644058925,0.0868698067852823,0.3353383458646616,0.4761904761904762,0.4352403283119201,0.2756356357218801,0.5176559218935367,0.2420202861716566
3447007090_08d997833a.jpg,a man in a red shirt is walking down a sidewalk,a group of people cross the street with buckets and poles ||| a group of seven asian girls and boys are waiting to cross a street ||| a group of teenagers wait to cross the street ||| a group of young adults are standing on a street in front of a brick wall with a tall wooden gate ||| group of young adults with buckets and soaking wet on street,6.940625778383286e-05,0.5609272420406342,0.3636363636363636,0.0603022689155527,0.0343142832800059,0.0266583768170288,0.1,0.25,0.2383549511432647,0.09212166779669863,0.33395592850012606,0.24183426070342745
256085101_2c2617c5d0.jpg,a brown dog is jumping over a brown and brown dog,a dog with its mouth opened ||| brown and white dog yawning ||| closeup of dog in profile with mouth open ||| dog yawns ||| the dog s mouth is open like he is yawning,0.1175234923962635,0.6669142842292786,0.4545454545454545,0.2132007163556104,0.0796363970529507,0.0501257871573906,0.2678571428571428,0.3749999999999999,0.2562806010246277,0.18684723360420327,0.42849450911664233,0.24164727551243906
2290589734_b588471345.jpg,a boy in a red shirt is holding a red ball,one boy in a black shirt is grabbing the flag of the boy in the red shirt with the football ||| two boys are playing flag football ||| two boys playing a game of flag football ||| two boys with mouthguards and one is holding a football while the other reaches for him ||| young football players with mouthguards,0.1557375313335882,0.7110649347305298,0.6363636363636364,0.6179143806533247,0.4394215622985435,0.1804631468304442,0.2419354838709677,0.3870967741935483,0.4605500996112823,0.34260218364286116,0.5837534906712659,0.24115130702840476
3191027142_33e86636ca.jpg,a man in a red shirt and a crowd,a man holding up a sign surrounded by a lot of people ||| a man holding up a sign with a crowd in the background ||| a man holds a pro judea protest sign at a protest rally ||| a man in a crowd holds a sign that says those who blame israel are hypocrites ||| a man with a black coat carrying a pro israel protest sign,0.393511604873957,0.6450089812278748,0.4776875403825261,0.4136895450425725,0.3272191707293836,0.2543314312919721,0.4368471035137702,0.4761904761904762,0.5359082818031311,0.33503557677163454,0.57578184642217,0.24074626965053547
3384742888_85230c34d5.jpg,a black dog is chewing on a stuffed toy,a dog plays with a toy in the grass ||| a rotweiler playfully rolls over int he grass with a toy ||| black and tan dog playing with a toy and rolling on the grass ||| dog chewing up ball while rolling in grass ||| the dog is resting after a game of fetch,0.4928599815804848,0.7178367674350739,0.8888888888888888,0.3333333333333333,0.1166504674625336,0.0717178150722426,0.2839506172839506,0.4444444444444444,0.3845656812191009,0.3039971562734542,0.5443797766541563,0.24038262038070207
3751594676_edfbfa0688.jpg,a little boy in a blue shirt is wearing a blue shirt in a blue shirt,a blond toddler wearing a blue sweater riding on a wooden toy ||| a child in blue and yellow clothing is clinging to playground equipment with an adult nearby ||| a little boy is playing on a playground rocking toy ||| a toddler with a look of fear on his face is on playground equipment ||| boy in a blue shirt riding on a toy,0.3116406953944503,0.693361759185791,0.625,0.5400617248673217,0.4705180144405143,0.3557982867938775,0.4395761741122566,0.4800000000000001,0.5939846634864807,0.40907766607375723,0.648291931891914,0.2392142658181568
2431723485_bc6b8e6418.jpg,a biker in a helmet and helmet riding a bike,a biker bikes through the woods ||| a girl on a bike is wearing a backpack and a helmet and riding through a wooded area ||| a mountain biker rides in the woods ||| a woman rides her bike by some trees ||| a woman wearing a black helmet riding on a bike,0.8657670505422808,0.7285424321889877,0.9,0.7071067811865476,0.3968502629920499,0.1728603923209705,0.5111111111111111,0.6,0.6768962144851685,0.48588318538066694,0.7249874379629548,0.2391042525822879
3440724965_03d6ca5399.jpg,a man with a black shirt is sitting on a table,a man has his hand on his head while a speaker is speaking ||| a man in a suit touches his head while another speaks at a microphone ||| a man is scratching his head at a meeting while a person spoke ||| a man wearing a suit scratches the back of his head at a meeting ||| a picture taken from the back of osme kind of large meetinghall,0.0579224893776204,0.6625892221927643,0.4980549361539613,0.2132543830616615,0.0772723349154372,0.0479043774583581,0.290625,0.3333333333333333,0.2567296624183655,0.18775086329712526,0.42533174560608816,0.2375808823089629
929679367_ff8c7df2ee.jpg,a dog is playing in the grass,a beagle is playing with a tennis ball ||| a puppy dog is playing with a tennis ball ||| a puppy is playing with a tennis ball on a wellkept path lined with groomed bushes ||| a puppy plays with a tennis ball on a stone path ||| a whitefooted beagle plays with a tennis ball on a garden path,0.4345234660106106,0.6538776308298111,0.4953587998572467,0.3783365327513854,0.2916854920503117,0.1522862198243566,0.4261363636363636,0.5,0.4865358471870422,0.31625234554957293,0.553738809121088,0.23748646357151504
2369452202_8b0e8e25ca.jpg,a man in a red shirt is being ready to a large crowd of the sky,a crowd of people is standing around a red white and blue hot air balloon as it is readied to launch into the blue sky ||| a crowd of people watch as a remax hot air balloon gets ready to take off ||| a hot air balloon just off the ground surrounded by people ||| a red hot air balloon lands in a field among a crowd ||| people next to a red white and blue hot air balloon that is on the grass,0.3444816645717731,0.6712684035301208,0.75,0.4999999999999999,0.1213213751601293,0.0608789502480578,0.3438620071684587,0.3902439024390243,0.438519150018692,0.3019900656172149,0.5392469462742078,0.23725688065699285
3262647146_a53770a21d.jpg,a boy in a blue shirt is jumping on a tire,a little boy jumps in the air while his younger brother looks on ||| boy jumps through mud puddle ||| the two young boys play in a puddle on a comfortable day ||| two children are playing in a mud puddle ||| two little boys play with a puddle,0.0523224555143151,0.6758534908294678,0.415045780128301,0.275310224701184,0.0916164835610108,0.0544298814067556,0.3747899159663866,0.4347826086956521,0.2855433821678161,0.21566901616106374,0.4528078751746925,0.23713885901362877
2868136205_3cf679208d.jpg,a woman in a blue shirt is playing on a playground,a small girl riding on a yellow plastic toy car ||| a toddler rides a plastic vehicle while another watches in the background ||| a young child riding on a plastic yellow car ||| child riding wheeled yellow toy with adult s legs and another child in background ||| two girls are riding plastic cars one yellow and one red,0.0123770317593992,0.6317178905010223,0.3636363636363636,0.1906925178491184,0.0739278822620259,0.0474060425987813,0.3125,0.3,0.2506681680679321,0.16024960346097483,0.39730034441367623,0.2370507409527014
424506167_01f365726b.jpg,a brown dog is running in the sand,a large and small dog interact in a grassy field ||| a small brown jumps in the air as a big brown dog watches ||| a small dog stands next to a larger dog out in a field ||| two dogs standing in the field ||| two dogs stand side by side in the yard,0.1780156711354766,0.642329603433609,0.5515605641153721,0.3729230060020539,0.1269404686357667,0.077515021054315,0.4121863799283153,0.4285714285714285,0.4175433814525604,0.26770582629673717,0.5039653399543349,0.23625951365759773
2831723637_30d4456665.jpg,a dog is running in a field,a brown and white dog is running around a pole ||| a multicolored dog runs around obstacles on a course ||| collie dog races around a pole ||| dog running around red and white poles ||| the dog is running around a white and pink pole,0.625510941389799,0.7826407253742218,0.7142857142857143,0.4879500364742665,0.3624601243342975,0.1857505799913359,0.4597938144329897,0.588235294117647,0.462080717086792,0.4054106014122828,0.6413712464267693,0.23596064501448655
3463034205_e541313038.jpg,a man in a black shirt is doing a trick on a ramp,a boy is doing tricks with his bike on the ramp ||| a boy rides his bike on a halfpipe ||| a cyclist gets airborne on a ramp ||| a man on a bike jumping on a bike ramp ||| a teenage boy on a bicycle does tricks,0.6207306342137084,0.6719091534614563,0.6153846153846154,0.4529108136578383,0.2651821159361019,0.1168579258757333,0.493421052631579,0.5217391304347826,0.5269473195075989,0.3560765039370533,0.5918212704837011,0.23574476654664783
2929405404_1dff5ab847.jpg,a motorcycle racer on a motorcycle,a man rides a motorcycle on a track ||| a motorcycle racer is producing sparks by leaning during a turn ||| a motorcyclist is turning a sharp corner on his red motorbike and is scraping it on the road ||| a motorcyclist making a sharp turn ||| the motorcycle rider makes sparks as he leans in for a turn,0.4820788859472176,0.7582928985357285,0.8333333333333334,0.7071067811865476,0.5,0.2540663740773073,0.4046474358974359,0.5714285714285715,0.6008426547050476,0.4689392789265825,0.7037812410351911,0.23484196210860864
3477778668_81ff0a68e0.jpg,a group of people in a red party and white shirts and a bride in a red shirt,a group of people dressed in formal wear pose for a picture ||| a wedding photo the bridesmaids in purple all of the groomsmen jumping ||| bridal party posing in a park area ||| the bridesmaids in purple surround the bride and groom with the groomsmen in the rear ||| this wedding photo shows the wedding party in purple and white gathered outside,0.2682485084746892,0.7089841365814209,0.6111111111111112,0.4239558492243069,0.2821740632766444,0.1967274688523915,0.4056437389770723,0.4,0.4150534868240356,0.3211023469831339,0.5553162186284616,0.2342138716453277
1499554025_a8ffe0e479.jpg,a man in a red shirt and a brown dog and a woman in a red shirt and a brown dog in a blue shirt,a group of females in white suits are in a petting zoo with two goats ||| a group of people in white stand with white goats ||| people dressed in all white are looking at some shaved lambs ||| the people have some animals with them ||| two lightcolored female goats in an indoor arena with handlers dressed in white,0.000420324725808,0.4933848232030868,0.1599999999999999,0.0816496580927726,0.0307180494349948,0.0190519553936154,0.1972656249999999,0.2,0.2772675454616546,0.06986296007498674,0.3033472130236825,0.23348425294869576
2267682214_e1434d853b.jpg,a dog is running in the grass,a brown shaggy dog has a plastic snowman toy in his mouth ||| a furry brown dog carries his toy in mouth outside ||| a shaggy dog plays with a toy ||| a shaggy dog with a toy in its mouth ||| a small dog with long hair holds a snowman toy in its mouth,0.1379059347186419,0.6014478951692581,0.4285714285714285,0.0845154254728516,0.052275795857471,0.0434720871944991,0.2142857142857143,0.375,0.271031379699707,0.1519282842679724,0.3853043345193021,0.23337605025132974
2873252292_ebf23f5f10.jpg,a biker rides a bike on a dirt bike,a man on a bicycle rides on a mountain ||| a mountain biker makes his way up a grassy path on his red bicycle ||| a mountain biker rides up a hill on a red bicycle ||| a mountain biker with a backpack crests a ridge ||| someone in a yellow jacket mountain biking on a red bike,0.5598972448635433,0.6916126608848572,0.7777777777777778,0.4409585518440984,0.1405721108836249,0.0824872000639961,0.4732510288065843,0.6,0.5076897144317627,0.363121899438312,0.5960953967822289,0.23297349734391687
3084001782_41a848df4e.jpg,a woman in a red shirt and a woman and a woman and a woman in a black shirt and a woman is smiling,a man and a woman read a book while their friend has a drink ||| a woman holds a drink while a man and a woman examine a book ||| a woman holding a red cup with a straw in it sits in front of a man and a woman looking at a book ||| three people are gathered for a picture ||| two women and a man are looking at a book,0.1382170806896195,0.5980333313345909,0.5,0.2948839123097942,0.158110177518246,0.06586656967644,0.2666666666666666,0.4210526315789474,0.4020206034183502,0.22678637132011192,0.45972522699184654,0.2329388556717346
1425013325_bff69bc9da.jpg,two dogs play in the sand,two big german shephard dogs play in the water ||| two black dogs splash around on the beach ||| two dogs are playing with each other on a beach by the ocean ||| two dogs playing in water on the beach ||| two dogs play together splashing in a lake,1.277746742398505,0.7628370076417923,0.5971094254781577,0.5850453652111616,0.5687112780864929,0.4578227398676668,0.6205128205128205,0.7142857142857143,0.7042762041091919,0.5363531622462143,0.7682837627577568,0.23193060051154246
3687996279_05b5a2a706.jpg,a man in a black hat and a black hat and a black hat and a man in a black shirt and a black hat,a man in a uniform smiling and waving at the camera ||| a man in a uniform waves while holding a banner during an event ||| a man in uniform waves and smiles at camera ||| a police officer waves at a street fair ||| the man in a black uniform and hat holding part of a banner is waving,0.0240834077906738,0.6264108419418335,0.32,0.2309401076758503,0.1908962434478271,0.1585805301368275,0.3577806122448979,0.35,0.3290429711341858,0.20739452464910046,0.43924221163009786,0.2318476869809974
2255685792_f70474c6db.jpg,a man in a red jacket is walking down a snowy hill,three individuals are posing on skis behind a no skiing sign ||| three people in skiing gear are standing behind a no skiing sign ||| three people on skis are standing behind a no skiing sign ||| three people standing in the snow behind a no skiing sign ||| three people stand ready to ski next to a no skiing sign,0.0004649044066489,0.5346062779426575,0.1666666666666666,0.0389249472080761,0.0247448801579976,0.0202559860271256,0.09009009009009,0.1739130434782608,0.1742393672466278,0.04360756620367614,0.2753479240240798,0.23174035782040367
55473406_1d2271c1f2.jpg,a snowboarder in a red jacket is snowboarding,a man at the top of a mountain with a beautiful view in the background ||| a man is sitting on a snowbank ||| a man on a snowy peak ||| a person in red snow gear is kneeling on a snowy ridge under a blue sky ||| mountain climber in a red suit poses on snowy peak with mountains in the background,0.0294107480164086,0.6964308023452759,0.625,0.4225771273642582,0.3098990471205467,0.1561969968460128,0.2112676056338028,0.3333333333333333,0.3464283943176269,0.27323397145854245,0.5049624558718122,0.23172848441326976
3658016590_f761e72dc3.jpg,a brown dog is jumping through the grass,a brown horse is in a wierd pose while galloping outside ||| a brown horse jumps through its paddock ||| a horse bucking wildly ||| a large brown horse is running in a grassy area ||| rear end view of a galloping horse out in the field,0.1882117547900546,0.6203143298625946,0.625,0.2988071523335984,0.1141677850990735,0.073860999559306,0.5281690140845071,0.5333333333333333,0.4943214952945709,0.30006897226651114,0.5317275077639947,0.23165853549748355
3424605029_53078d3505.jpg,a little boy in a red shirt is sitting on a playground,a young boy wearing a blue shirt is playing at a park ||| children playing on a playground ||| the boy and girl are playing on the outdoor gym ||| the boy is wearing a blue shirt and the girl is wearing black clothes ||| the two kids are playing at the playground,0.7491714564109988,0.7076117396354675,0.6666666666666666,0.4264014327112209,0.2629535894329295,0.119219885465362,0.5165692007797271,0.5,0.4854812920093536,0.36439472135500844,0.5956966963000869,0.23130197494507848
3434452829_62cee280bc.jpg,a boy in a red shirt is holding a basketball,a little boy in red walks and eats a snack while a little boy in green walks behind ||| a young boy eats chips while another little boy follows ||| two children walk on a tiled floor ||| two little kids walk side by side while one eats something ||| two young children walking on a tiled floor,0.0988534645742431,0.6587918102741241,0.6,0.258198889747161,0.0941036028881028,0.0587394909469921,0.2479005167958656,0.3571428571428571,0.2904772460460663,0.21219847982939663,0.4421932944709802,0.22999481464158358
3572267708_9d8a81d4a4.jpg,a man in a red shirt is standing in front of a crowd,girls dance in colorful outfits ||| the girls standing in a spotlight are dressed in multicolored outfits ||| three girls in colorful outfits are dancing under a stage light ||| three young girls in bright colored clothing are performing in a play ||| women in multicolored outfits are performing on a low light stage,0.0571698656243893,0.532095804810524,0.3076923076923076,0.2264554068289191,0.0775397210853983,0.0464668439367002,0.1785714285714285,0.2499999999999999,0.3217849731445312,0.13064201314541526,0.36023363080676596,0.2295916176613507
3029463004_c2d2c8f404.jpg,a man in a black suit is riding a wave in the water,a male surfer is on his stomach and riding a wave ||| a man on a blue surfboard is on a wave ||| a surfboarder prepares to catch a wave ||| a surfer rides the waves ||| person riding wave on stomach on a blue surfboard,0.8458338394784081,0.6917961686849594,0.6153846153846154,0.3922322702763681,0.2409339418591454,0.1087485536445503,0.4962243797195253,0.5217391304347826,0.4781472682952881,0.3505328619656551,0.5788461860343883,0.22831332406873323
2061397486_53a61e17c5.jpg,a man in a red jacket is walking down a hill,a black dog with brown markings wearing a red vest trots down a path ||| a brown and black dog is running along a grassy path wearing a red jacket ||| a dog with a reflective garmet running down a rural road ||| brown and black dog with red and white jacket run on road in rural area ||| dog with a red cape running on a dirt road,0.4767617883542072,0.6200704723596573,0.7272727272727273,0.4670993664969137,0.2894178740477467,0.1319384917132592,0.3255474452554745,0.4,0.541408360004425,0.331334305041818,0.5592590688170564,0.22792476377523846
3421131122_2e4bde661e.jpg,a man in a yellow kayak is riding a wave,a man in a kayak is holding his paddle up high ||| a man is kayaking through rough water ||| kayak rider raises arms as he s splashed with water ||| spray obscures the face and torso of the paddle wielding man in the red kayak ||| the kayaker holding an oar is raising both arms in the air while waves splash around him,0.6123509695268716,0.730707049369812,0.6,0.5163977794943222,0.4054801330382266,0.3123939936920255,0.4689092762487256,0.5714285714285713,0.5334092974662781,0.41499174456859295,0.6422174356456819,0.22722569107708895
1932161768_996eadac87.jpg,a white dog is running in the grass,a small dog steps onto a log ||| a small white dog climbs over a log ||| a small white dog with a blue collar is climbing over a large log ||| a white dog jumps over a log outside ||| a white terrior is jumping over a log,0.4743184186721239,0.6338851898908615,0.5,0.3779644730092272,0.287684791332394,0.1477219991186121,0.3194444444444444,0.375,0.4362170398235321,0.2812205133038334,0.5082690708124467,0.22704855750861325
3118534315_cc03e5ddab.jpg,a man in a red jacket is standing on a street,a man is recording something with a red flag behind him ||| a man with a video camera is taping while another paints art while onlookers pass by ||| a person holding a camera in front of a pole with writing on it ||| kid posts sign while a woman walks by and a young man hold a video camera ||| the man is shooting video of another writing on a pole,0.1092816360155258,0.6747327744960785,0.7272727272727273,0.4670993664969137,0.134335877242797,0.0741944662736501,0.2869318181818182,0.3636363636363636,0.373672753572464,0.27696076887179016,0.5038104840993242,0.226849715227534
3686924335_3c51e8834a.jpg,a man in a red shirt is jumping over a large large large ball,a dog gets sprayed by a hose ||| a dog is being sprayed with water ||| a dog jumping through the air getting hit by water ||| an animal is hosed down by a brick wall ||| leaping dog sprayed by off screen person with hose,0.0347813095452866,0.5951985716819763,0.2857142857142857,0.0468807230938495,0.0263594161000486,0.0202001069126941,0.1298701298701298,0.1904761904761904,0.1337322741746902,0.07274414039047784,0.2995105305125907,0.22676639012211286
189721896_1ffe76d89e.jpg,a man in a red shirt is climbing a rock,a man rock climbs up a very tall cliff with a blue rope behind him ||| a man wearing a red shirt is climbing up the rock wall ||| a young man climbs a mountain another follows below ||| man scales rock ||| the climber in red is leading climbers up a long rock face,1.165836400975913,0.7809329777956009,1.0,0.7453559924999299,0.5928155507483438,0.493938273711537,0.5952065677966102,0.7272727272727272,0.818983256816864,0.6235158115496483,0.8501626046702757,0.2266467931206274
2922973230_5a769ef92a.jpg,a man in a black shirt is running in the grass,a female walking through grass ||| a girl going towards a heard of sheep ||| a girl walks toward a herd of sheep in the distance ||| a girl walks towards some sheep in a grassy valley ||| a woman walks to the cows,0.0745022689051042,0.5659962818026543,0.4545454545454545,0.3015113445777636,0.1003355729847986,0.059609942732681,0.2869318181818182,0.3636363636363636,0.3951116800308227,0.20367120417316104,0.4302711460285261,0.22659994185536508
3053415073_5b667230ed.jpg,a man in a red shirt is jumping over a ramp,a person on skis on a rail at night ||| a skier in electric green on the edge of a ramp made of metal bars ||| a skier slides along a metal rail ||| a yellow uniformed skier is performing a trick across a railed object ||| the skier is wearing a yellow jumpsuit and sliding across a yellow rail,0.1213633003683521,0.6061335653066635,0.4980549361539613,0.2132543830616615,0.0772723349154372,0.0479043774583581,0.216181506849315,0.3076923076923076,0.2914183139801025,0.17451386905833116,0.4010210984422398,0.22650722938390866
930126921_1b94605bdc.jpg,a young girl in a pink shirt is holding a red toy,a man in a black shirt enjoys a snack while a woman in a white shirt looks confused ||| a man is eating from a paper cone while a woman stands behind him ||| a man is standing in front of a woman while eating something ||| one darkskinned man is eating french fries and blond woman is standing behind him ||| the man white purple and white polkadotted shirts is eating and looking to his right while the woman behind him has a confused look on her face,0.0436722353258711,0.6880051642656326,0.5,0.2132007163556104,0.0768880959828629,0.0474060425987813,0.1666666666666666,0.3333333333333333,0.1702471226453781,0.168559451252767,0.39455028559968286,0.22599083434691586
1505686764_9e3bcd854a.jpg,a boy in a blue shirt is jumping into a stream,a man in red shorts is walking along rocks by a river carrying a stick ||| a man in red shorts standing on rocks by a stream ||| a man is walking on rocks with water flowing around them ||| a shirtless man standing on the edge of a stream ||| the hiker nears a creek,0.5092486081024492,0.6468666344881058,0.5454545454545454,0.2335496832484569,0.0846262997471468,0.0524634102286145,0.2869318181818182,0.3636363636363636,0.3107519447803497,0.21869625675155852,0.44468156981871565,0.22598531306715713
1119015538_e8e796281e.jpg,a dog is running in the grass,a little tan dog with large ears running through the grass ||| a playful dog is running through the grass ||| a small dogs ears stick up as it runs in the grass ||| the small dog is running across the lawn ||| this is a small beige dog running through a grassy field,1.0531211700001752,0.7350204885005951,0.8668778997501817,0.7078028412278314,0.5579742733053491,0.2477051958358552,0.7120253164556962,0.7999999999999999,0.8105816841125488,0.5829776590643514,0.808834776993947,0.22585711792959562
514431934_9cf78f05a9.jpg,a group of people walking in front of a city,an ambulance is passing a man wearing a bandanna and girl ||| an ambulance drives on the street ||| a red ambulance drives down the street as two people look on ||| two people in seattle looking at an ambulance in the street ||| two people stand before an ambulance,0.0714883669961947,0.5485615134239197,0.3619349672143838,0.0603224945357306,0.0345260093206982,0.0270070977003895,0.1376146788990825,0.1904761904761905,0.2247347384691238,0.09075073429686217,0.3161377526590495,0.2253870183621873
2991993027_36ac04e9a0.jpg,a man in a red shirt is walking down a sidewalk,a group of people dressed as zombies ||| a large group of people with facepaint on gather outside ||| everybody is dressed as a zombie at this party ||| many people have painted faces at night ||| people dressed up in zombie costumes are standing around,0.0013281972558745,0.5483869835734367,0.2727272727272727,0.0522232967867093,0.0311765953881872,0.0248084150017018,0.108695652173913,0.1999999999999999,0.1892415881156921,0.07006473240604214,0.29510105289896127,0.22503632049291913
1479679558_d0a01bc62b.jpg,a man in a red jacket is walking down a hill,a creek winds through the woods ||| a narrow stream runs between leafcovered hills ||| a river is winding through a wooded area that is heavily leaf covered ||| a small brook meanders through the autumn woods ||| this is a small creek surrounded by autumn leaves that have fallen and bare trees,0.0025131614565066,0.5816270783543587,0.2273871594750492,0.0435413260874251,0.0259935773805502,0.0206840884004889,0.1351351351351351,0.2499999999999999,0.1484256535768509,0.07249542459332489,0.2974079803914334,0.2249125557981085
3069937639_364fc11e99.jpg,a dog runs in the grass,a dog runs through a field ||| a light colored dog leaps in a field ||| a white dog is running across a grassy field ||| a white dog runs through a field ||| small dog running in the field,1.0230876779469291,0.7463783025741577,0.8333333333333334,0.7071067811865476,0.5,0.2540663740773073,0.6614583333333333,0.6666666666666666,0.7209585309028625,0.5408621544623473,0.7650644855164443,0.22420233105409704
2815788792_d226215d10.jpg,a man in a blue shirt is playing in the air,a dog jumping upside down in front of a man ||| a man demonstrating his black and white dog performing a back flip ||| a man in a white tshirt watching a dog do a back flip ||| a man standing behind a small black and white dog doing a back flip ||| dog jumps backwards doing trick with man outdoors,0.1565802512627265,0.6957041472196579,0.3636363636363636,0.3302891295379082,0.2894178740477467,0.23462350320528,0.2475247524752475,0.3333333333333333,0.2753856182098388,0.23847368987489645,0.4625565976493491,0.22408290777445264
2541104331_a2d65cfa54.jpg,a black dog is running in the water,a brown dog splashing through water ||| a dog is running through a pond ||| a dog pounces into the water ||| the large brown dog is running through shallow water ||| there is a chocolate brown dog running in water,1.1792415765985804,0.7801036536693573,0.875,0.7071067811865475,0.4367902323681494,0.2020515504676623,0.5281690140845071,0.5882352941176471,0.6103042960166931,0.5032104741700346,0.7266350677517521,0.2234245935817175
3481859121_3d3e566ec0.jpg,a man in a red shirt and a white shirt and a white shirt and a black shirt and a woman in a red shirt and a white shirt and a white shirt and a white shirt,a group of people sitting on a sidewalk ||| girls sit on benches ||| the girl is wearing silver shoes and a pink jacket ||| the girls take a break in the afternoon ||| two teenage girls are texting in the park,1.6846499995160413e-07,0.5242571607232094,0.1081081081081081,0.054799662435119,0.0204721084739775,0.0126038202628039,0.1476377952755905,0.0888888888888888,0.1516502946615219,0.030818145068479862,0.25384683366000227,0.22302868859152242
2789688929_9424fceed1.jpg,a woman in a blue shirt is walking on a bench,two elderly females sitting on a white bench amongst trees ||| two elderly women sitting on a white bench ||| two older women sit on a park bench at the park ||| two older women sit on a white bench in a park ||| two senior women sit outside on a bench on a sunny day,0.8156090805064484,0.6672289967536926,0.4545454545454545,0.3692744729379982,0.2474488015799764,0.11731175160264,0.3078982597054885,0.3157894736842105,0.3539020419120788,0.2632490114967538,0.4862234893214643,0.22297447782471053
836828001_af98d16256.jpg,a baby in a blue shirt is being held in a bubble,a child in the bathtub with water coming out of his mouth ||| a child spitting out water ||| a small boy in the bathtub spits water ||| a young child in a bathtub spitting water ||| young boy in a bathtub spits out water,0.0028192210859691,0.6230436637997627,0.25,0.1507556722888818,0.0610261222235142,0.0398635712826801,0.3042328042328042,0.3,0.1904453039169311,0.13279247484745801,0.3549676199355347,0.2221751450880767
3315616181_15dd137e27.jpg,a man in a blue shirt is sitting on a bench,a man in a green shirt climbs an indoor climbing wall ||| a man in a green shirt is climbing an obstacle course ||| a teenage boy climbs an indoor climbing wall ||| a teenager climbs a rock wall ||| someone climbs an indoor climbing wall,0.3169005506892755,0.4361654072999954,0.5454545454545454,0.4670993664969138,0.3646436717285792,0.2790159393585827,0.4646464646464646,0.5454545454545454,0.0979128926992416,0.3744416544993707,0.1524024517531416,-0.22203920274622913
557101732_32bbc47c12.jpg,a man in a red shirt is riding a bicycle on a city road,a bearded man in jeans and a black shirt riding a bicycle in the street ||| a man with a giant white beard rides a bicycle next to a bus ||| a whitebearded man rides a bike next to a city bus ||| man with white flowing beard in jeans and tshirt riding a bike ||| the man with a white beard rides a bike near a bus,0.6306740890871685,0.719866007566452,0.7142857142857143,0.5241424183609592,0.2839482022746485,0.1201105543219576,0.4533527696793002,0.5517241379310344,0.4848141968250274,0.3833974537879628,0.6050141696603426,0.2216167158723798
1468962616_5803b4397f.jpg,a boy in a blue life shirt is swimming in a pool,a boy in a pool squirts a bright green water gun ||| a child plays with a water gun in a pool ||| a child wearing yellow goggles uses a squirt gun ||| a little boy is squirting a yellow water pistol in the swimming pool ||| a young boy in a pool playing with a green water gun,0.7947683308813475,0.7366246730089188,0.6666666666666666,0.4923659639173309,0.4174128044846463,0.2998221389342336,0.4372549019607843,0.4545454545454545,0.4977819323539734,0.40447176543270935,0.6259291214727893,0.22145735604008
106490881_5a2dd9b7bd.jpg,a boy in a blue shirt is running on the beach,a boy in his blue swim shorts at the beach ||| a boy smiles for the camera at a beach ||| a young boy in swimming trunks is walking with his arms outstretched on the beach ||| children playing on the beach ||| the boy is playing on the shore of an ocean,0.9695962499451094,0.783470869064331,0.8181818181818182,0.5720775535473553,0.4174128044846463,0.1736408202519683,0.7087053571428573,0.5714285714285713,0.5729684829711914,0.4861376024049308,0.7073198788521611,0.22118227644723026
2679926555_b11cf45595.jpg,a girl in a pink dress is jumping into a sprinkler,a girl in a purple tutu dances in the yard ||| a little girl in a puffy purple skirt dances in a park ||| a young girl twirls her fluffy purple skirt ||| little girl is spinning around on the grass in a flowing purple skirt ||| the little girl has a purple dress on,0.3296959961492802,0.7526323199272156,0.6363636363636364,0.4369314487526514,0.3487691251251089,0.269855346668251,0.2100840336134454,0.4347826086956521,0.3396826982498169,0.3245793619405078,0.5455245638089072,0.22094520186839944
519061891_320061864e.jpg,a little boy in a blue shirt is playing in a kiddie pool,a little boy is splashing around in the water in a kiddie pool ||| a small boy in a blue shirt splashes water in a baby pool outside ||| a small boy wearing a blue shirt plays in the kiddie pool ||| a young boy paying in a small pool with water ||| a young child splashes in a green and yellow wading pool,2.012365800570981,0.8385787904262543,0.9230769230769232,0.8320502943378437,0.7228018255774361,0.5801559414528517,0.6336088154269972,0.7199999999999999,0.8417962193489075,0.6883356032655262,0.9092733372940436,0.22093773402851735
2632366677_43dee456a5.jpg,a brown dog runs across the grass,a brown dog next to a stone bench ||| a small dog sits under a bench ||| a small dog wearing a collar sits next to a concrete bench ||| a tan dog sits in the sand by a beach looking sad ||| the small dog is wearing a red collar and sits in the sand behind a stone object,0.2139088494337567,0.7354199886322021,0.5714285714285714,0.4364357804719847,0.3364781731479948,0.1756720523942792,0.3234880450070324,0.3999999999999999,0.3333365619182586,0.30739324537448937,0.5281489322646844,0.22075568689019504
3106787167_e5f2312622.jpg,a man in a black shirt is holding a man in a black shirt and a black shirt,a man with mud on his clothes protects a ball from two other men while he runs down the field ||| dirty rugby players try to hold back the man with the ball ||| group of dirty men play football ||| three men are playing rugby one of them is carring the ball they are covered in mud ||| two muddy men try to tackle third muddy rugby player,0.012957218463977,0.560271292924881,0.2777777777777778,0.1278274981412284,0.0467422411566819,0.028724953480912,0.0793650793650793,0.1578947368421052,0.1709205210208892,0.07391414884083349,0.2937306953366874,0.21981654649585392
3211581957_df2f7e2236.jpg,a horse and a horse are racing in a rodeo,a brown horse with a rider on its back jumps a barrier ||| a horse jumps a fence in a show jumping competeition ||| a horse leaps a hurdle with a rider on its back ||| an equestrian on a horse makes a jump ||| horse and rider leap over a barrier,0.6281419556526757,0.6568519771099091,0.6,0.4472135954999579,0.1357208808297453,0.0773055175693945,0.372,0.5,0.4366849660873413,0.30696442332086493,0.5267434267910553,0.21977900347019041
3518126579_e70e0cbb2b.jpg,a man in a red shirt is jumping down a bench,a guy riding something down steps ||| a man skates down a long outdoor stairway ||| a young man attempts to ride a unicycle down an outdoor stairway stained with moss ||| the man is pedaling the tiny bike down the steps ||| two men walk down a stone stairway one is riding a unicycle,0.2202714375999163,0.6674008071422577,0.4545454545454545,0.3015113445777636,0.1003355729847986,0.059609942732681,0.3802710843373494,0.4210526315789474,0.2942879199981689,0.23168552509798218,0.45125877662540087,0.2195732515274187
838074897_9d6270b3cd.jpg,a boy in a blue shirt is playing in the water,a brown haired little girl is jumping through squirts of water ||| a girl runs through sprinklers that shoot water out of the ground ||| a young girl in red pants plays in a water fountain area ||| little girl is jumping up in the sprinklers getting soaked ||| the girl is wearing a white shirt and red pants and jumps through water,0.27081446197662,0.6709849834442139,0.7272727272727273,0.3813850356982369,0.1173531980725211,0.0670422683816333,0.3583099906629318,0.4347826086956521,0.3855903148651123,0.2884229919220026,0.507857813343904,0.2194348214219014
2640000969_b5404a5143.jpg,a boy jumps into a pool,a big brown dog jumps into a swimming pool on the backyard ||| a dog in midleap into a pool ||| brown dog jumping into the pool ||| the brown dog is jumping into the crystalclear pool ||| the large brown dog is jumping into a swimming pool,1.4784947107419757,0.885016918182373,0.8333333333333334,0.7071067811865476,0.6299605249474366,0.3021375397356768,0.5434782608695652,0.6153846153846153,0.5513104796409607,0.5556106170912668,0.775032529796917,0.21942191270565015
461019788_bc0993dabd.jpg,a boat on a lake,a couple stands on a dock by the water hugging ||| a stone dock and a couple hugging at the end water behind ||| two people are hugging at the end of a stone jetty that looks out over the ocean ||| two people embrace on the end of a dock ||| two people stand on the pier looking at the ocean and embrace,0.0083053118586746,0.624827966094017,0.2695973784703329,0.1740243594994629,0.0768341720785605,0.0565001260405798,0.2690058479532163,0.4,0.219362199306488,0.15421762826311247,0.3734077949230637,0.21919016665995122
3484820303_7be0e914b4.jpg,a woman in a red shirt is riding a bicycle in a park,a boy is on a bicycle and there is a girl on the back of it with an umbrella ||| a couple stands outside with an umbrella and a bicycle ||| a girl with an umbrella is riding on the back of a bicycle peddled by a smiling boy ||| a man rides a bike with a woman holding an umbrella ||| there is a boy on a bicycle and a girl holding an umbrella climbing on the back,0.5139324776164458,0.7073359191417694,0.5384615384615384,0.3668996928526714,0.1069631055661771,0.0591460168684858,0.3321428571428571,0.3870967741935484,0.2738979756832123,0.2518135735886503,0.47089766720120113,0.21908409361255082
244910177_7c4ec3f65b.jpg,a woman in a red dress is holding a woman in a red dress,three woman walk down a city street and one has a pink purse ||| three women two with tattoos walking down the street ||| women are walking through the street drinking iced coffee ||| women walk down a buzy sidewalk ||| women walking down the street,0.0163997468074668,0.5100496485829353,0.2142857142857142,0.0405998971470575,0.0239491189052147,0.018798317647335,0.1145038167938931,0.2222222222222222,0.2173056602478027,0.06250701173587565,0.28124677210280025,0.2187397603669246
3584406900_039f30b34c.jpg,a girl in a red shirt is riding a merrygoround on a merrygoround,a group of children are playing on swings ||| a shirtless man is standing next to two children balancing on a swing ||| a topless man passes four children who are playing on a swing ||| kids are playing on a swing set as a man with no shirt on walks by ||| two boys swing standing up on a yellow swing set,0.0240524742418595,0.6792383641004562,0.3846153846153846,0.1790287185098582,0.0662955289840255,0.0413155159110629,0.2427884615384615,0.3076923076923077,0.1378261595964431,0.15072785350995305,0.3685139934056848,0.21778613989573176
2337809114_899ba61330.jpg,a woman in a pink shirt and a woman and a woman in a pink shirt and a woman in a pink shirt and a woman in a pink shirt and a woman in a pink shirt,a boy and girl are placing a red blindfold over a woman s eyes ||| a girl is blindfolded by a young boy and girl ||| a person being blindfolded by a girl and a boy ||| three kids play one is blindfolded ||| two young children are playing with a teenage girl who is blindfolded,6.772195561971355e-06,0.536561869084835,0.1351351351351351,0.0866458741516727,0.0277849259453032,0.0158484649401648,0.1574803149606299,0.196078431372549,0.1731490343809127,0.05926291560938123,0.2762555418092556,0.21699262619987436
247617754_4b1137de8c.jpg,a man in a red shirt is walking down a sidewalk,a girl sits on a rock wall while looking at her cellphone ||| a woman sitting down checking her cellphone ||| a woman with a backpack looks at her cellphone while sitting on a short concrete wall ||| the young person reviews his photos while sitting on a bench ||| woman sitting and looking at phone with a black backpack,0.0344162425978919,0.5923810973763466,0.3636363636363636,0.0603022689155527,0.0343142832800059,0.0266583768170288,0.1351351351351351,0.2222222222222222,0.1568550318479538,0.09427412309838779,0.31089267195688225,0.21661854885849446
3039214579_43ef79f931.jpg,a man in a black shirt is riding a bicycle on a motorcycle,a man in a yellow helmet is walking with a yellow bicycle near a group a of protesters ||| a man is walking alongside a yellow bike on a sidewalk ||| a man on a street with his yellow bike ||| a man wearing a yellow and black helmet walks with his yellow bike ||| a man wearing a yellow bike helmet walking his yellow bike along a sidewalk,0.1887944727902535,0.7563328742980957,0.7692307692307693,0.5063696835418333,0.359907503551434,0.2613022659677713,0.380704365079365,0.5161290322580646,0.4367262423038482,0.3890788533689106,0.6055962127132566,0.21651735934434596
433855742_c2a6fda763.jpg,a man in a red jacket is jumping through the grass,a dog jumps a man s leg to take a frisbee from his hand ||| a dog jumps for the frisbee the girl is holding ||| a person in a black coat playing frisbee with a dog near a wooded area ||| a woman and a dog play with a disk in a field ||| the dog owner attempts to retrieve the frisbee from her pet,0.0245510847114336,0.6088786572217941,0.5454545454545454,0.3302891295379082,0.1066224564261435,0.062389860721175,0.2303832116788321,0.2857142857142856,0.314450740814209,0.20043295668956723,0.4167578203787956,0.21632486368922837
3665987581_5e6b0a65f2.jpg,a dog is running on a fence,a brown and white corgi trailing a leash chasing sheep ||| a dog chasing livestock on sand ||| a short brown and white dog chasing sheep ||| a small tan dog herding some sheep ||| brown and white dog running on sand with livestock animals partially out of frame,0.1426097667584577,0.6891824305057526,0.7142857142857143,0.4879500364742665,0.1682390865739974,0.1044552273072038,0.2459016393442623,0.4615384615384615,0.3707857429981231,0.29739070137542,0.5135604905758682,0.21616978920044816
3518755601_cebf11e515.jpg,a group of people are walking on the beach,three girls are sitting our on the sand at the beach posing for the camera ||| three ladies play in the sand ||| three people sitting in the sand on a beach ||| three young woman smiling on the beach ||| three young women wearing wetsuits on beach two gesturing at camera,0.5673435257824507,0.6691443920135498,0.6666666666666666,0.408248290463863,0.287684791332394,0.1411399193078977,0.4089506172839506,0.375,0.4448950290679931,0.3265420223013355,0.541318007398444,0.21477598509710855
2100909581_b7dde5b704.jpg,a dog runs in the snow,a dog is jumping in the snow ||| a large white dog is jumping in the air over a snowy area ||| a large white dog jumping up in the snow ||| a white dog plays outside in a fenced yard while it snows ||| white dog playing in the snow,1.2869947353151423,0.8005282282829285,0.8333333333333334,0.7071067811865476,0.5,0.2540663740773073,0.8300000000000002,0.7692307692307692,0.7176833748817444,0.5912966871859782,0.8060443732452094,0.21474768605923122
517102724_a0f3069156.jpg,a black dog is running in the water,a black dog in front of a waterfall ||| a black dog is standing in front of a waterfall ||| a black dog plays around near a waterfall ||| black dog prancing through the river ||| the large black dog is walking in the water,1.497511055145845,0.8509861677885056,0.875,0.7905694150420949,0.6786044041487267,0.5,0.66167290886392,0.7058823529411765,0.7358482480049133,0.6421840603540314,0.8567226485270925,0.21453858817306104
3457572788_e1fe4f6480.jpg,a skier in a red jacket is skiing down a mountain,a downhill skier in black pants and jacket ||| a guy skiing down the snowy slope ||| a man in blue skiing downhill ||| a man skiing down a snowy hill ||| a older man skiing down a mountain on a clear day,1.3633924010691465,0.7400824874639511,0.8181818181818182,0.5720775535473553,0.4174128044846463,0.3087818953963449,0.5067567567567568,0.4545454545454545,0.590621829032898,0.4696161370415632,0.6833333119061926,0.21371717486462943
1540631615_8b42c1b160.jpg,a man in a red shirt is running on the ground,a boy in a red jacket does a gymnastic maneuver on a grassy athletic field ||| a child in a red jacket doing a handstand on green grass ||| a little boy in red doing a handstand ||| boy wearing a red jacket performs a handstand on the grass ||| young boy in red jacket doing a handstand on a sports field,0.2919055167464533,0.6415283679962158,0.5454545454545454,0.4045199174779452,0.2629535894329295,0.1227826014909611,0.3381818181818182,0.4347826086956521,0.4189015030860901,0.29092069454245223,0.5041301058310925,0.2132094112886403
3630641436_8f9ac5b9b2.jpg,a dog is running in the water,three dogs are running in the water on the beach ||| three dogs entering the ocean ||| three dogs rush to chase a ball thrown into the surf ||| three dogs walking away on the waters edge of the shore ||| three large dogs are playing in the water at the beach,0.6797426851439752,0.7435419410467148,0.7142857142857143,0.5976143046671969,0.5227579585747103,0.4347208719449914,0.3835051546391753,0.588235294117647,0.5856972336769104,0.4703225557762706,0.6831749699504889,0.2128524141742183
917574521_74fab68514.jpg,a little girl in a red shirt is sitting on a toy,one young girl pushing a toy while her twin sister looks on ||| two children wearing bright pink clothes are playing with a toy lawnmower ||| two girls are dressed the same and one of them is playing with a toy lawnmower ||| two little girls stand against a wall one girl has a happy face and the other girl has a sad face ||| two twin girls playing with a toy in the driveway,0.5656080607508126,0.6305523216724396,0.75,0.2611164839335467,0.0880148985543908,0.0524634102286145,0.309436274509804,0.2857142857142857,0.3561491966247558,0.24719210014807605,0.4584840854840847,0.21129198533600865
539493431_744eb1abaa.jpg,a man in a black shirt is walking down a fence,a man is playing with a fire baton in the day light ||| a man juggling fire ||| a man stands near a playground ||| man throws flames outside ||| the guy is holding a black stick in front of a playground,0.099363674076811,0.6075534224510193,0.4980549361539613,0.3015872407613089,0.0973570413344859,0.0569682265132554,0.3126050420168068,0.3529411764705882,0.3267169594764709,0.21250875288980353,0.42293006863515364,0.2104213157453501
257588281_39e1c9d929.jpg,a black dog is running in the water,a black dog chases a brown dog with a stick through the water ||| a brown dog is running through water with a stick in its mouth ||| two dogs playing in the water with a stick ||| two dogs playing with a stick in the water ||| two dogs running through the water with a stick,1.0738718516311745,0.8121239393949509,0.8824969025845955,0.8170333703998377,0.6653562815080598,0.2685199096316899,0.6320224719101123,0.4761904761904762,0.6371803283691406,0.5575347626241126,0.7678325189446114,0.21029775632049874
2355819665_39021ff642.jpg,a man in a red shirt is riding a bicycle on a road,a boy on a bike rides around the neighborhood ||| a child is riding a green bike and wearing an orange shirt and red helmet ||| a child rides a bicycle in a sunny neighborhood ||| boy wearing safety gear rides green bike through suburban streets ||| the kid rides his green and black bike down the street,0.3459343865674138,0.7289721071720123,0.7692307692307693,0.5661385170722979,0.3077165870507051,0.1306511329838856,0.5437352245862884,0.4545454545454546,0.4673461318016052,0.39185595563520387,0.6019446122134018,0.21008865657819792
3217620013_8b17873273.jpg,a basketball player dribbles to make the ball,a basketball player in a red uniform is holding the ball while a player in a white uniform is trying to block him ||| a basketball player with a ball and defenders ||| a man in a red uniform is playing backset ball with a man in a white uniform blocking his shot ||| the rival teams are playing basketball ||| two basketball teams playing a game on the court,0.5778094216021782,0.6415277719497681,0.75,0.5669467095138409,0.3769737205645769,0.180921760812233,0.39453125,0.5,0.5951010584831238,0.39833041176660267,0.6078761089449072,0.2095456971783045
215876547_fa584c5ec3.jpg,a man is rowing a canoe on a lake,a man is sitting in a boat on the shore with the lake in the background ||| a man sits in the back of a boat that is grounded on the shore of a large body of water ||| a man sitting in a canoe on the shore of a lake ||| a man sitting in a rowboat ||| man sitting in a beached canoe by a lake,0.9115702198108178,0.7612849026918411,0.8888888888888888,0.7453559924999299,0.5414435072098067,0.22679164443904,0.5747427175998604,0.6666666666666666,0.6738924980163574,0.5399280605468423,0.7491639209073325,0.20923586036049024
581419370_30485f3580.jpg,a man in a red shirt is riding a bicycle on a bridge,the hikers take a tandem leap while crossing the bridge ||| two guys jumping up while crossing a bridge ||| two men are jumping in the air whilst crossing a wooden bridge ||| two people are jumping on a bridge in the mountains ||| two young men jump on a bridge,1.0568528480157529,0.6032630428671837,0.3076923076923076,0.2264554068289191,0.1670542649617787,0.0826310318221259,0.3874269005847953,0.3,0.3456816375255584,0.22149496777194932,0.430696801144822,0.20920183337287268
397286183_745abbf40d.jpg,a man in a black shirt and a woman in a black shirt and a man in a black shirt and a man in a black shirt and a man in a black shirt and a man,a man in a blue jacket widely opens his big blue eyes as a man behind him closes his eyes as he covers his mouth ||| a man wearing a blue jacket looks at the camera ||| a startled man wearing a blue jacket is looking at the camera ||| a wide eyed guy in a blue jacket is holding a beer and standing next to a guy holding his nose ||| man in blue is posing for the camera,0.0028591052214278,0.5649305880069733,0.2162162162162162,0.1549968516584257,0.1111397037812129,0.079713558499685,0.2247667514843087,0.2068965517241379,0.2137537151575088,0.11460862062531554,0.3226429400909752,0.20803431946565967
2902844125_4186bf3ab6.jpg,a man in a red shirt is performing a trick in the air,a boy performs a trick on his skateboard on a rail ||| a skateboarder grinds a red rail ||| a teenage boy grinds across a bar on his skateboard ||| a young man skateboards off a pink railing ||| the boy in the yellow shirt is riding a skateboard along a red bar,0.2791349466507238,0.74660524725914,0.7122777528017816,0.4688786183641642,0.1227741590544223,0.0643396077857877,0.4118337982675084,0.3333333333333333,0.2696060240268707,0.2917952743356999,0.49948750610370585,0.20769223176800594
3522076584_7c603d2ac5.jpg,a man in a blue shirt is doing a trick on a bike,a biker performs a trick in the air ||| a child rides a bike high in the air ||| a person flying through the air on a bicycle ||| a person is jumping while riding a bike ||| a person on a bike flies through the air with the sun flaring through the bike frame,0.5376313921057515,0.6683574616909027,0.5384615384615384,0.3668996928526714,0.2304450251853144,0.1051781439830431,0.3713235294117647,0.380952380952381,0.3574377596378326,0.2820017702992403,0.48919951704310394,0.20719774674386365
3042380610_c5ea61eef8.jpg,a man in a black shirt is standing in front of a man in a black shirt,a group of people are standing around a sound mixing table ||| a group of people looking at sound equipment ||| people are inspecting sound equipment indoors ||| people examine equipment ||| six people standing behind electrical equipment,0.0248663079253295,0.5042865499854088,0.2352941176470588,0.0383482494423685,0.0214026036723665,0.0162673926003057,0.1724137931034483,0.2142857142857142,0.2217428386211395,0.07248426382893003,0.2792927183187179,0.20680845448978785
3301021288_95935b7a74.jpg,a little girl in a red shirt is walking down a road,a little girl on the sidewalk close to the road is playing with three hula hoops ||| a little girl plays with a hula hoop on the sidewalk in a residential neighborhood ||| a small child is playing with hulahoops in a yard of a neighborhood ||| a small girl dressed in a red sweater playing hula hoop on a sidewalk in a neighborhood ||| the girl on the sidewalk is using a hula hoop,0.3164374560409863,0.6056084483861923,0.6900333109719925,0.4804775252214143,0.3489219692736328,0.1443569863938306,0.3476946334089191,0.4137931034482758,0.5366789698600769,0.3382077203535968,0.54501471758554,0.20680699723194318
3530843182_35af2c821c.jpg,a man in a blue shirt and a blue shirt and a woman in a blue shirt and a blue shirt and a woman in a blue shirt and a blue shirt,a couple practice different ways to wear sunglasses in front of a red car ||| a girl and boy with sunglasses and a red car behind them ||| a man with sunglasses and a woman with a hat are in front of a car ||| a man with sunglasses on his head is looking at the woman with a white hat and red scarf next to him whilst standing in front of a red sports car ||| a woman in a crochet hat and sunglasses smiles while the man beside her in a plaid short and sunglasses looks behind her,0.021695501422399,0.5804279819130898,0.3125,0.2459346884189824,0.1821992253122702,0.1201739662820841,0.3022904829545454,0.3333333333333333,0.3192385137081146,0.19052630556128186,0.3970326023769909,0.20650629681570903
3612485097_b706d950ed.jpg,a man in a white shirt is jumping to catch a bat,a black man leans over as a white man jumps on his back backwards ||| a man holding up another with his back ||| a man in midair with his back touching that of another man hunched over ||| one man in a hat flips over another mans back in the grass ||| two people play outdoors,0.1150941553006144,0.6220424175262451,0.3833518394288847,0.3581268026853173,0.2868385245405996,0.1246291637182236,0.181159420289855,0.3846153846153846,0.321137011051178,0.22582166013656516,0.43112564280096644,0.20530398266440128
2781296531_f6f0f6c0f5.jpg,a boy in a blue shirt is swinging to catch a ball,a boy is splashed in the face by a playground toy at a water park ||| a young boy at a water park being sprayed in the face by a spigot decorated to look like a seahorse ||| a young boy is gettnig splashed in the face by a blue water toy ||| the boy is running through the sprinklers ||| the little boy is running through the sprinklers,0.1514436672479919,0.6464711576700211,0.5643211499270759,0.2947071089565879,0.0902539608276763,0.0512794633851357,0.2900604686318972,0.3846153846153846,0.2825555503368377,0.2229201198947683,0.4277661293003989,0.20484600940563064
3461114418_c27b4043a2.jpg,a man rides a bike on a dirt bike,a bicyclist is riding down a leaf strewn trail ||| a bike rider with a yellow helmet and red jacket corners a trail in a leafy wooded area ||| a cyclist in a yellow helmet is biking through the woods in fall ||| a man in a yellow helmet riding his bike on a trail through the woods ||| a man on a bike is riding on a trail through the woods in the fall,0.2114757793263573,0.6986037641763687,0.6666666666666666,0.5773502691896257,0.3624601243342973,0.1678445962518619,0.3975340136054421,0.5,0.4631550014019012,0.3715897944293583,0.5754130505264055,0.20382325609704716
2149982207_5345633bbf.jpg,a boy in a blue shirt is jumping into the water,a boy wearing a black and blue life vest is on a green wooden boat looking out towards the water ||| a boy wearing a blue life jacket is holding onto the side of a green boat ||| a child holds on to the side of a small weathered green watercraft on the open sea ||| a little boy in a life vest is looking out the side of a boat ||| a young boy riding in a green boat,0.2453175424242927,0.7203883677721024,0.7272727272727273,0.6030226891555273,0.3431428328000595,0.1499110694671168,0.3802710843373494,0.4615384615384615,0.433465301990509,0.3715855738239653,0.5751938060199409,0.20360823219597557
3243020805_2bafc36c45.jpg,a man in a red shirt is playing with a man in a red shirt,a boy is wielding a long white stick whilst some people are watching him from behind ||| a child swings a big white stick while others look on ||| a young boy swinging a stick about o hit something ||| a young boy swings a large stick as a crowd watches ||| the little boy swings a large white stick,0.0010834511440907,0.5558063834905624,0.2494685293417647,0.0408288721149267,0.0228917757377787,0.0174874328195642,0.131578947368421,0.2307692307692307,0.1442149728536605,0.07093985876048335,0.2744684555832157,0.20352859682273233
3259228898_cefd04580b.jpg,a group of people are walking around a large crowd,a man is kneeling in the top step while many people are behind him sitting in chairs ||| a man sits on the stage giving technical assistance for a performance ||| a man sitting in front of a stage ||| a man with a backyard babies has a black box in front of him and a crowd on chairs behind him ||| crowd behind man working projector,0.1096679860001971,0.5387479066848755,0.6,0.258198889747161,0.0941036028881028,0.0587394909469921,0.1829268292682926,0.3333333333333332,0.3830427825450897,0.19894438738641934,0.40157340404456643,0.2026290166581471
811662356_f9a632b63c.jpg,a young boy in a blue shirt is holding a stick in a blue umbrella,a child stands near a fence ||| a small child touches a wooden fence ||| a toddler boy stands by a wooden fence ||| a toddler in a white tshirt is touching the wooden fence ||| blond boy touching wooden wall,0.0217164792571119,0.6020123511552811,0.3333333333333333,0.1543033499620918,0.0567896404549297,0.035148478313698,0.2768640350877193,0.3076923076923076,0.2006692290306091,0.1422628762915718,0.3443223033420483,0.20205942705047647
3103231330_db98b14501.jpg,a man in a red shirt and a black hat and a woman in a black shirt and a man in a black shirt and a man in a black shirt and a man in a black,a man in a blue jacket and gloves is standing in the street among other people ||| a man in a brightlycolored ski jacket stands with others on a european street ||| a man in a colorful jacket walks down the street surrounded by women in winter clothing ||| the man in a blue jacket is standing in a crowd ||| the man in the blue jacket is walking in a crowd of people past an english pub,0.0001520941985436,0.5696874856948853,0.1891891891891892,0.1449862787336133,0.1063013025035843,0.0770964196975391,0.2735294117647059,0.2264150943396226,0.2032288312911987,0.1183900045513288,0.320215234983214,0.20182523043188522
2662816021_ac474e0fde.jpg,a dog is swimming in the water,a dog emerges form the water with a stick in its mouth ||| a dog in a harness holds a stick in his mouth while standing in the water ||| a dog retrieves a stick from a body of water ||| a white dog holds a stick in its mouth as it comes out of the water ||| the white dog is standing in the water with a stick in its mouth,0.3344994684037811,0.6973601877689362,0.558376335026619,0.4924416401547061,0.3161339291707451,0.1506110313154592,0.3842940685045948,0.4761904761904762,0.3941346406936645,0.33215002424833523,0.5337883850392582,0.20163836079092295
1440024115_129212c988.jpg,a man in a red shirt is jumping into a field,a man plays frisbee with his dog ||| a man with a frisbee and a dog in the air with a frisbee in his mouth ||| a tricolored dog jumps and catches a pink frisbeen that a man in shorts has thrown ||| small dog catching a frisbee ||| the man and dog which is leaping into the air are playing frisbee,0.141588345886201,0.6208625063300133,0.5305700387751149,0.2974438831349583,0.2016206361188982,0.0961364498702473,0.29296875,0.2857142857142857,0.3155641853809356,0.2253736084487097,0.42690939795060234,0.20153578950189263
3049770416_0fb1954315.jpg,a man wearing a black shirt is wearing a black shirt and a black shirt,a man holds a microphone to his mouth backlit by green lights ||| a man in a shirt sings into a microphone onstage ||| a man sings into a microphone in front of a green light ||| a man with a microphone ||| a signer standing in green light,0.0514366957422485,0.5753399431705475,0.3333333333333333,0.1543033499620918,0.0567896404549297,0.035148478313698,0.25,0.4,0.2544182240962982,0.1535708102982633,0.354834597996027,0.2012637876977637
2087640654_1a84577a44.jpg,a dog is running in the grass,a blonde dog is digging a deep hole in the ground and its tail is up in the air ||| a dog half way in a hole in the ground ||| a dog is digging a large hole in a yard to find something ||| a dog is digging in the ground and half of his body is under the ground ||| the rear end of an animal whose front end is underground,0.1435450142817791,0.688590332865715,0.4653136125221825,0.3893092993994758,0.2702907074051843,0.1339142479565043,0.3253865979381443,0.4705882352941176,0.3127977550029754,0.2779957050135287,0.4789479278306472,0.2009522228171185
2369248869_0266760c4a.jpg,a black dog is swimming in the water,a brown and black dog running through a river ||| a dog is running through some water ||| a dog running through the water right toward the camera ||| a large black and white dog is running through the water ||| there is a black dog running in a shallow river,0.7702960333250897,0.7649540901184082,0.875,0.7071067811865475,0.4367902323681494,0.2020515504676623,0.4776739356178608,0.631578947368421,0.5661328434944153,0.4887264879924021,0.6886223854118153,0.19989589741941322
2356574282_5078f08b58.jpg,a man in a black shirt is holding a picture,a arabian dressed lady leans backwards holding a skinny crooked sword ||| a costumed woman with a sword does a backbend ||| a woman bending over backwards ||| a woman in a belly dancing outfit bending over backwards ||| a woman in a dance costume is bending over backward and holding a sword,0.1057826582455283,0.3467882424592972,0.6,0.3651483716701106,0.1185631101496687,0.0698534205658009,0.3758169934640523,0.5,0.0868090167641639,0.27480800206266426,0.07504217517211548,-0.19976582689054878
2632111399_b3c1630f8e.jpg,a man in a red helmet and white helmet is holding a baseball,a boy catcher in a helmet stretching out his gloved hand for a catch ||| a catcher in a red and white uniform plays at a baseball game ||| a catcher with a red shirt is standing in the dirt with his glove held out ||| a child catcher reaching out his mitt to catch a ball ||| the boy is bending down ready to catch the ball,0.3064553693078193,0.6990482658147812,0.7692307692307693,0.5063696835418333,0.2856587748743974,0.1235622127262679,0.576923076923077,0.6153846153846154,0.5170400142669678,0.4078733137471487,0.6074928225848074,0.19961950883765872
3668259129_e073af1533.jpg,a man in a red shirt is jumping off a large large large large large large large large large large large large large large large large large large large large large large large large large large large,a boy skateboarding ||| a person does a trick with a skateboard ||| a skateboarder doing a jump ||| a skateboarder performs a trick ||| the guy is wearing a blue shirt and doing an ollie,3.741766405371943e-07,0.5319302529096603,0.1351351351351351,0.0193746064573032,0.0102360542369887,0.0074942763663709,0.1829268292682927,0.1428571428571428,0.1178614571690559,0.041367497339249125,0.24003207649064104,0.1986645791513919
3257107194_f235c8f7ab.jpg,a man in a red shirt and a black and brown life and brown life and brown life and brown life and brown life and brown life and brown life and a black life and brown life,one man in the hole of a tire in water and another man getting up from the water next to him ||| two boys hanging off a tire dock ||| two men are playing with tires in muddy water ||| two men climb onto tires while sitting in the muddy water ||| two men trying to hoist themselves up from the water on to a walkway made of tires,0.0001107532062329,0.5201975628733635,0.1081081081081081,0.054799662435119,0.0204721084739775,0.0126038202628039,0.0884955752212389,0.1379310344827586,0.1121419370174408,0.029472671426670836,0.227367454975082,0.19789478354841117
2877159456_ea4a46b0d2.jpg,a man in a helmet riding a bicycle on a bike,a man and a woman with three bikes and a silver car ||| a man and woman with bicycles stand by a silver car ||| a man woman and three bicycles are resting by a silver car ||| two bicyclists stand by a silver car with three bikes ||| two bike riders standing with bikes parked at the car,0.1066029781705317,0.585205927491188,0.4545454545454545,0.2132007163556104,0.0796363970529507,0.0501257871573906,0.2100840336134454,0.3636363636363636,0.2724509835243225,0.17591230606756164,0.37327009295850505,0.1973577868909434
427557693_1108566fd2.jpg,a man is riding a jump in the air,two adults walking in the street in a suburban area ||| two distant boys walking down snowy street in urban area ||| two people walking across a street ||| two people walking on a street with barren trees ||| two people walking on the street with lots of bare trees around and snow on the ground,0.005163669778136,0.6349539756774902,0.3333333333333333,0.2041241452319315,0.0841195432869987,0.0561222232430572,0.1515151515151515,0.2105263157894737,0.1132377460598945,0.12160981110607336,0.31894544174554196,0.1973356306394686
2097489021_ca1b9f5c3b.jpg,a woman in a blue shirt is holding a ball in the air,a girl in a ballet fairy costume is touched by a wand ||| a young girl performing the nutcracker ||| the little girl is standing on a stage dressed up as a pink fairy ||| the tiny girl dressed in a butterfly ballet costume waves her wand near a nutcracker statue ||| young girl waving turquiose leotard and pink tutu with wings waving wand,0.0064644108377857,0.6003990769386292,0.4615384615384615,0.196116135138184,0.0704495119733688,0.0432422707546321,0.2066115702479338,0.4,0.2483625411987304,0.1740127968048469,0.37112581794901184,0.19711302114416493
3386060324_b98fdfa449.jpg,a man in a black helmet is riding a bike on a dirt bike,a bicycler jumps a ramp outside in the dark night ||| a man is sitting on a bike in the middle of the woods ||| a person doing a trick on a bike ||| a person in a black jacket is jumping through the air on a bike ||| man on a motorcycle performing a trick in the air,0.442177844473243,0.6578719615936279,0.6428571428571429,0.4972451580988469,0.2741489750740253,0.1169881298948059,0.4818702290076337,0.5714285714285714,0.5000243186950684,0.3680277559599518,0.5648459351605988,0.19681817920064698
72964268_d532bb8ec7.jpg,a woman in a blue jacket is standing in the water,a man in a wetsuit with a surfboard walks along a beach ||| a person in a wetsuit is carrying a surfboard into the ocean ||| a person with white and black suit board waking into the waves ||| a surfer in a black wetsuit carrying a surfboard into the waves ||| a surfer in a dark wetsuit carries a white surfboard towards the ocean,0.0136712604217403,0.5688179656863213,0.415045780128301,0.1946737268161993,0.0727160511911879,0.0457698921576256,0.2100840336134454,0.4347826086956521,0.2894170880317688,0.1736714071039902,0.3702739611535244,0.1966025540495342
3531811969_49af4c22f0.jpg,a man in a black shirt is jumping off a ramp,a bike rider performs a trick ||| a bmx biker is currently in midair doing a front flip ||| a man upside down while jumping a bicycle ||| a person is flipping on a trick bike ||| the young man is performing a summersault in the air with a bicycle,0.0864686266286055,0.6189890950918198,0.5454545454545454,0.2335496832484569,0.0846262997471468,0.0524634102286145,0.2409638554216867,0.4210526315789474,0.2768143713474273,0.20664030485788507,0.4026089808111373,0.1959686759532522
2058091220_2087270068.jpg,a person in a red shirt is jumping over a hill,a man parachutes into the desert ||| a parachute over some sand ||| a parachutist lands ||| a person is hang gliding over a sandy area ||| the parachutist has a bird flying along with him,0.1528353849144655,0.6514549255371094,0.4545454545454545,0.3015113445777636,0.1003355729847986,0.059609942732681,0.4043478260869566,0.5,0.2978016138076782,0.24544315483054566,0.4406921554207113,0.19524900059016562
3267644370_f2728d6c7a.jpg,a man in a red jacket is jumping over a ramp,a person snowboarding on a refrigerator ||| a refrigerator is stuck in a bank of snow and a man is skiing on it ||| a skier is using a refrigerator as a ramp ||| a skier goes up a refrigerator in a snowbank ||| a skier on the side of a refrigerator that s in a snowbank with the sun in the background,0.193791594040802,0.6714342534542084,0.6363636363636364,0.4369314487526514,0.1284876442714151,0.0717585291477213,0.4043478260869566,0.3999999999999999,0.3362341523170471,0.2840369927688872,0.4791528559394067,0.1951158631705195
2873445888_8764699246.jpg,a man in a blue shirt is jumping into the water,a boy in shorts kicks while standing in shallow water ||| a boy standing in water doing a kick ||| a boy standing with one leg in water and one leg held up over the surface ||| a little boy is kicking up his feet in the water ||| a young boy kicks his leg up while standing in the water,0.227646745148692,0.5988648161292076,0.5454545454545454,0.2335496832484569,0.0846262997471468,0.0524634102286145,0.3381818181818182,0.3636363636363636,0.3201824128627777,0.21716240448826504,0.4121976851315568,0.19503528064329176
3638783120_f600ceb19d.jpg,a man in a red shirt runs across a field,a man swings a golf club while the person to his left waves an arm ||| man teeing off on a golf course with a large building in the background ||| two men are standing on a golf course with a large ornate building in the background ||| two people are on a golf course playing golf ||| two people are playing golf on a golf course,0.0168132319502665,0.5343244969844818,0.4,0.2108185106778919,0.082207069144349,0.0530771217107244,0.1470588235294117,0.25,0.2715549767017364,0.13780467186801185,0.3324241700205768,0.19461949815256493
251586160_a31b187a37.jpg,a man is holding a black dog in a black and white dog,a black dog in a red harness jumping ||| a black dog springs up into a pool ||| a black dog sprints near the blue fence ||| a man watches eagerly as his black dog leaps into the water ||| black dog running while man looks on,0.6585492807942089,0.6770947575569153,0.4615384615384615,0.4385290096535146,0.3743188879661668,0.3200286101270289,0.4376470588235293,0.4761904761904762,0.4584921896457672,0.36132619132257704,0.5556238844534377,0.19429769313086065
2343525685_3eba3b6686.jpg,a man in a blue shirt is standing on a rock,a darkhaired man wearing a brown shirt is freeclimbing a grey stone wall ||| a man holding on to a rock wall ||| a man scales a rock climbing wall ||| a man struggles to climb a rock wall ||| a man with glasses climbing a rock wall,0.9847655165075486,0.6384997069835663,0.6063657586001313,0.38944545984787,0.1120029296533713,0.0618598527606863,0.4481927710843373,0.5263157894736842,0.4426901340484619,0.32147241419683764,0.5157369701741852,0.19426455597734754
3339105374_cc41e0b7d7.jpg,a man in a red jacket is standing in the snow,a woman in a red coat with a man in a white and black coat and a black dog in the snow ||| two people and a dog are in the snow ||| two people are interacting with a dog that has bitten an object one of them is holding ||| two people are walking up a snowy hill with a dog ||| two people playing on a snowy hill,0.327698733502469,0.6818525493144989,0.8181818181818182,0.7006490497453707,0.6020134379087915,0.4063798282013443,0.4076086956521738,0.4242424242424242,0.6443918347358704,0.4746460913444178,0.668851847996621,0.1942057566522032
1924234308_c9ddcf206d.jpg,a woman in a red shirt is standing on a rock,a girl in a bikini and sneakers makes her way out of the water and onto the rocks ||| a girl in a bikini in climbing rocks ||| a woman in a bikini climbs rocks next to a rocky stream ||| a woman in a bikini is running on rocks in a stream ||| a young woman wearubg a bikini is climbing rocks near a creek,0.3364839535719063,0.6539890915155411,0.5810640921796215,0.3989624188222926,0.318461337968875,0.2464051103353782,0.4726890756302521,0.6086956521739131,0.5027197599411011,0.3703740091991744,0.5633562344718301,0.19298222527265574
3701226275_952547ba0f.jpg,a boy in a blue shirt is standing on a playground,a boy is posing with a metal ladle in each hand ||| a boy with a yellow shirt and light brown shorts is posing with a long dipping spoon in each hand ||| a man in orange holds soup ladles and makes a funny face ||| a young man holds a hammer shaped object in the air with one hand and a similar shaped object in the other while making a funny expression ||| a young man in an orange shirt brandishes two ladles,0.1052227700368051,0.6415504217147827,0.6363636363636364,0.2522624895547565,0.0890883567703394,0.0545246911963086,0.2510952024788973,0.3870967741935483,0.2636884450912475,0.22087829917198828,0.4127579765140592,0.19187967734207093
1287475186_2dee85f1a5.jpg,a boy in a blue suit is playing in the water,a boy sitting in water ||| a small boy is sitting in the water and water is splashing up through his legs ||| a young boy in a swimming suit sits in water ||| a young boy sitting on a water jet in a pool ||| little boy sitting in water with a fountain coming up through his lap,0.7478680901632384,0.8020289242267609,0.8181818181818182,0.6396021490668313,0.4496443130226091,0.1836028134946796,0.5667811679127096,0.6666666666666666,0.4999619722366333,0.4878834200570778,0.6790389411506788,0.19115552109360096
285586547_c81f8905a1.jpg,a man in a black and black and black and black and black and a black and black and black and black and black and black and black and black and black and black and woman are,a man and a dog who are both wearing sunglasses take a ride ||| a man is riding a motorcycle with his dog in the passenager seat ||| a man on a motorcycle rides with a dog ||| a man rides a motorcycle with his dog in the sidecar ||| a motorcycle has a sidecar with a dog wearing goggles in it,5.097001161603352e-06,0.5544314533472061,0.1891891891891892,0.1025207808715409,0.0310826894115612,0.0172392835265551,0.2768759018759019,0.2,0.1558321416378021,0.08919293861134069,0.2802191640955218,0.19102622548418108
2435166927_28b8130660.jpg,a woman in a red shirt and a blue shirt and a blue shirt and a blue shirt and a woman in a red shirt and a blue shirt and a blue shirt and a woman in,a girl in a gray shit is throwing her hands up ||| a girl in a grey shirt puts her hands over her head in a gesture ||| a young dark haired girl with her hands raised over her head ||| a young girl in a grey illustrated shirt is holding her hands over her head ||| a young girl raises her arms over her head in front of a couple of other people in the park,3.123998398981957e-05,0.5143910646438599,0.1621621621621621,0.0949157995752498,0.0295258896498807,0.0165875603118003,0.1744186046511628,0.2307692307692307,0.181437611579895,0.07289514329002457,0.26356775918506664,0.19067261589504209
246055693_ccb69ac5c6.jpg,a dog is sitting on a wooden bench,a blond dog runs down a flight of stairs to the backyard ||| a dog jumps off the stairs ||| a tan dog runs down a wooden staircase to the green grass ||| a yellow dog is jumping across a grassy yard in front of a wooden deck ||| a yellow dog jumping off of a porch,0.3356394816809218,0.7189154624938965,0.625,0.5175491695067657,0.1646584390020874,0.0972065420906982,0.3118881118881119,0.4347826086956521,0.2894245088100433,0.29890456601529153,0.4892153146647009,0.1903107486494094
3307147971_5b3abf61f9.jpg,a man in a red jacket is riding a bike in the woods,a man and a woman ride scooter like vehicles ||| a man and woman are riding scooters through a field of grass and clover ||| two adults a male and a female are standing on scooters in a field of yellow flowers ||| two people on scooters in a field of flowers ||| two people wearing helmets ride over the yellow and white flowers,0.0748580239627953,0.5973731726408005,0.498594426961247,0.2773923314831912,0.0865226175434564,0.0494874892252419,0.2127659574468085,0.3636363636363637,0.271363765001297,0.1921071992357843,0.3822712405803462,0.19016404134456194
2693539377_5442430f81.jpg,a man in a red shirt and red shirt is riding a red and red toy,a boy and girl riding a roller coaster ||| children on a ride at an amusement park ||| the children are smiling whist sitting on a fairground ride ||| two children swing around on a carnival ride ||| two little kids having fun at a roller coaster,0.0254767097238352,0.6216014921665192,0.25,0.1290994448735805,0.0491934073403098,0.0309345882943137,0.3586647727272727,0.3333333333333333,0.1505999863147735,0.14091802765162864,0.330363882673679,0.18944585502205036
3220161734_77f42734b9.jpg,a man in a black shirt is jumping into a stage,a blond haired child in a black outfit and red belt doing karate ||| a child with a red sash practices martial arts ||| a girl in a black outfit with a red sash and a black headband has one hand on her waist and one extended straight out ||| a young boy wearing a black uniform with a red sash taking part in a martial arts exposition ||| a young child with a red belt does a demonstration,0.0614952960821824,0.6214876472949982,0.4545454545454545,0.3015113445777636,0.216166439082676,0.1060031337951259,0.15625,0.3333333333333333,0.2542886435985565,0.2019514919040102,0.391325657891391,0.1893741659873808
3084018061_df66d98325.jpg,a man in a red shirt is waiting to a man in a red shirt,five people are sitting in a bar while a tv plays nearby ||| older men at bar drinking alcohol ||| three men drink at a reflective bar ||| three men stand at a bar with drinks ||| three men stand in a bar with a purple counter,0.0023922222027012,0.5160896480083466,0.2,0.1195228609334393,0.0478982378104294,0.0309345882943137,0.1428571428571428,0.24,0.1944518387317657,0.08359003122226313,0.27257650359665986,0.18898647237439672
2561849813_ff9caa52ac.jpg,a man is walking on the beach,a baby sits on an empty beach under a big blue sky ||| a toddler sits on a sandy beach ||| baby sitting at a beach ||| the baby sits on the sand in the front of the scene while the ocean is in the distance ||| the baby sits on the sandy beach,0.5701235603730461,0.7412990927696228,0.7142857142857143,0.3450327796711771,0.1335314515048662,0.0878360261971396,0.3650793650793651,0.4285714285714285,0.2521236538887024,0.2965074743112132,0.4849892817939303,0.1884818074827171
3084034954_fe5737197d.jpg,a woman in a pink dress is standing in a colorful dress,a man at a casino hugging two colorfully dressed show girls ||| a man in a white suit is standing with two women ||| a man stands in the middle of two woman dressed in brightly colored costumes ||| a white suited man stands between two showgirls in a casino foyer ||| two women in very colorful costumes stand next to a man dressed in all white,0.1420568809351198,0.5519544333219528,0.6666666666666666,0.3481553119113956,0.1066224564261435,0.0605795280361928,0.4018018018018018,0.4347826086956521,0.4685560762882232,0.2743421130300706,0.462388545147114,0.18804643211704342
979383193_0a542a059d.jpg,a group of children in a wedding wedding and children on a wedding,a group of six children sit at a wooden table ||| a group of young asian children pose for a picture at a table ||| six children all with black hair sit at a table for a picture ||| six children at a table ||| six small children sitting at a desk,0.1987712086956465,0.6685569137334824,0.4615384615384615,0.2773500981126146,0.1912293963810261,0.0914462689237286,0.3931623931623932,0.4615384615384615,0.2764635980129242,0.2544803604043326,0.44167989468011315,0.18719953427578057
3242808166_8638150274.jpg,a person in a red jacket is climbing a rock in the woods,a bike rider in red rides through the trees down a snowy hill ||| a person is riding a bike in a wooded area at night ||| bike rider riding downhill in forest ||| cyclist in snowy forest at night ||| the rider is biking in the snow and wearing a red jacket,0.2603390289379247,0.6299363076686859,0.6923076923076923,0.5370861555295747,0.2970970982645299,0.1272546930010142,0.4224058769513315,0.48,0.5017074942588806,0.356677107764818,0.5437008291386656,0.1870237213738476
427683329_95d510a087.jpg,a woman with a blue shirt and a blue shirt is wearing a blue shirt,an older woman in sunglasses sits behind a man in a yellow shirt ||| an older woman with big sunglasses sits behind a man in a yellow shirt perhaps at a ball game or other event ||| an old whitehaired lady wearing sunglasses is sitting behind a man in yellow ||| closeup of the side of an old woman s face with oversized sun blocking glasses gray hair and a gold earring ||| older woman wearing sunglasses and a golden earring,0.1149558513310324,0.6177349016070366,0.6,0.2927700218845599,0.0870368742857023,0.048415247130346,0.2298850574712644,0.3243243243243243,0.2645036578178406,0.20736471883878418,0.3943665996622851,0.18700188082350092
3425573919_409d9e15b2.jpg,a group of people are standing on a park,a group of people watching a chess game ||| many people are sitting in a park watching a chess game ||| people gather around a life size chess game ||| several people are at a park watching a chess game played with giant pieces ||| the crowd is watching an over sized chess match,0.649699518254679,0.7408476620912552,0.7777777777777778,0.6972166887783963,0.5178720843256431,0.3900578865534526,0.5975308641975308,0.5882352941176471,0.6275442242622375,0.5187964501617762,0.7056795783361431,0.18688312817436692
1765164972_92dac06fa9.jpg,a woman in a red shirt is wearing a red shirt and a red shirt,a girl with a nose ring earring and mohawk ||| a person with spiky hair looks to the left ||| a profile of a young person with a punk hairstyle and pierced ear and nose in a cowboy shirt ||| a young person with a mohawk and a nose piercing in a plaid shirt ||| the person is posing in a red flannel shirt with a mohawk,0.108387177659491,0.5612315610051155,0.6,0.358568582800318,0.2146513902753822,0.0952807062842842,0.2482269503546099,0.3703703703703704,0.4148940443992615,0.2517594053708975,0.4381434659482232,0.18638406057732565
3002920707_5d2e6e6aac.jpg,a woman in a white shirt is standing in a white and white and white shirt,a boy and a girl dancing ||| a boy and girl are dancing ||| a boy in brown shorts is dancing with a girl wearing a green hood in a wooden floored room whilst other children look on ||| a little girl and a little boy are facing each other ||| two children facing each other are doing a dance,0.0044776076934566,0.5476923286914825,0.4375,0.1707825127659933,0.0592815550748344,0.0355798286793877,0.2142857142857142,0.25,0.2455581426620483,0.1416888412900131,0.32770985358470955,0.18602101229469645
3690348036_a01f243fb0.jpg,a man in a helmet riding a bike on a dirt bike,a bmx biker is in midair attempting a trick ||| a boy does a trick on a bike in the woods ||| a person is in the air with a trick bike ||| a person riding a bike doing a very high jump ||| the young man is performing a bicycle trick high in the air,0.4394560891258179,0.6949286162853241,0.6666666666666666,0.4264014327112209,0.2629535894329295,0.119219885465362,0.3841341341341341,0.4545454545454545,0.3617365658283233,0.32685722314169763,0.5127855931440883,0.1859283700023907
1321723162_9d4c78b8af.jpg,a man in a red shirt and a black shirt and a black shirt and a black shirt and a woman in a red shirt and a black shirt and a black shirt and a woman in,a little girl holding hands with her ice skating instructor ||| an older girl helps a younger girl ice skate ||| the two girls hold hands with one another while they skate on the ice ||| two girls are ice skating with each other ||| two people go ice skating in a rink,5.202354912122054e-09,0.4833296313881874,0.054054054054054,0.0387492129146064,0.0162487232637995,0.0105985072774939,0.091743119266055,0.0888888888888888,0.1099160015583038,0.010924087647991533,0.19684273991852194,0.18591865227053042
3441701164_6dbbdf1bce.jpg,a person in a red jacket is wearing a red helmet and a red jacket,a dirt bike rider holds up his finger ||| a man wearing a sponsor covered motorcycling suit sits on a motorbike raising his hand ||| a motorcycle racer is gesturing at somebody ||| a race car driver stands up with his hand pointing in the air ||| the person in the blue jacket has a colorful helmet on,0.1944810631307361,0.4452565684914589,0.6,0.2927700218845599,0.0870368742857023,0.048415247130346,0.3263157894736841,0.3846153846153846,0.5393354296684265,0.23410187226910217,0.419516305088999,0.18541443281989684
3614582606_16bd88dab2.jpg,a little girl in a pink dress is holding a little girl in a pink dress,a girl in black hat holding an african american baby ||| a lady with a black hat holds a little girl with a crown of flowers ||| a woman holding a baby after a wedding ||| a young woman holds a baby with flowers on its head ||| the red hair woman wearing a black tartan hat holds a baby with flowers on her head,0.1099459010025363,0.6498029828071594,0.5,0.3651483716701107,0.2119679665896652,0.0925159978069645,0.4203270712258413,0.4516129032258064,0.3346452116966247,0.2757724573029233,0.4610767064888641,0.1853042491859408
3279524184_d5e2ffbaed.jpg,a dog runs on the sand with a ball in its mouth,two black and white dogs and one has something blue in its mouth ||| two black and white dogs run through a field ||| two white dogs are running through a field ||| two white dogs run along a light colored field and one has a blue toy ||| two white dogs with black spots jumping through the grass,0.2244971469075125,0.6457073986530304,0.5366925752004387,0.2996303802372612,0.2021436770302332,0.0958598382693107,0.3034013605442177,0.32,0.2727618217468261,0.23634202927131903,0.42139437079776254,0.1850523415264435
2992999413_018f48aabc.jpg,a group of people in red attire and a crowd,a boy visits a amish community ||| a group of amish people are standing outside of a church ||| a group of people waiting to go into a white building ||| amish looking people are outside a building standing near a tree ||| a religious sect gathered together,0.3204646078694323,0.6349536776542664,0.4524187090179797,0.3693983290609162,0.3136896126247754,0.2513293635022765,0.4440366972477064,0.4761904761904761,0.4308064579963684,0.3211044449088747,0.5059299825564154,0.18482553764754073
3327487011_1372c425fb.jpg,a group of people sit at a table,a classroom full of students is looking in the same direction inside a bamboo structure ||| a group of children mostly wearing white uniform shirts sit and wait ||| a group of students in uniforms listens attentively to the front of the class ||| a large group of girls are all staring in the same direction ||| the young girls are listening with books in front of them,0.2522088305436942,0.5917453393340111,0.4295557992443576,0.2904327290997419,0.2129902925934901,0.1073525213116119,0.2720905172413793,0.4,0.3316596448421478,0.23068736050280383,0.41331403036785364,0.1826266698650498
2591486448_48d5438343.jpg,a brown dog is laying on a bed,a brown dog is wanting food from a plate held by a person ||| a brown dog looking at a plate with food someone s hand taking from it ||| a brown dog resting his head on the lap of a person who is eating some food ||| a dog s head is in the lap of a person eating off a small plate ||| the brown dog with the red collar is staring at the plate of food,0.1887584688642264,0.649014338850975,0.4014460713892427,0.3034647056285194,0.2542262296391074,0.204792597091288,0.3568,0.4761904761904762,0.3229315280914306,0.2709637042911667,0.45355475776173987,0.1825910534705732
3263741906_6e4508d1c8.jpg,a dog is running in the sand,a dirty dog is running down a vacant road ||| a dog is running on a pathway ||| a dog running down a paved road ||| a yellow dog runs down a dirt path ||| blonde dog running down road,0.8622328494842774,0.7587584108114243,0.5714285714285714,0.5345224838248488,0.4852855006405174,0.4111336169005197,0.5357142857142857,0.5714285714285714,0.4917483925819397,0.4574425060497422,0.6399153008647611,0.18247279481501893
3631810528_7233c0f421.jpg,a man in a red shirt and a blue shirt and a blue shirt and a blue shirt and a black shirt,a man sits next to a woman on a bus ||| the back of two people sitting on one seat in a bus ||| two people are sitting on a tram during the nighttime ||| two people are sitting on the bus at nighttime ||| two people being photographed from behind sitting on a bus,0.0018198335738577,0.5894573777914047,0.2272727272727272,0.1471224715841249,0.0476550953600047,0.0274722105909385,0.1785714285714286,0.25,0.1085225939750671,0.09815067396415456,0.28011773383524413,0.18196705987108958
2460797929_66446c13db.jpg,a group of people are playing on a park,a group of boys are wearing yellow life vests and are on a makeshift raft ||| a group of people on a boat ||| boys in life jackets on a watercraft ||| several young people in life jackets are sitting on something floating in water ||| the boys in life jackets smile and laugh while riding in a boat,0.5950989100734645,0.5866555497050285,0.7777777777777778,0.6236095644623236,0.4807498567691361,0.3688939732334405,0.8179012345679012,0.75,0.2732953131198883,0.5567691124795556,0.37491591308571576,-0.18185319939383987
3262793378_773b21ec19.jpg,a man in a red shirt is performing a trick on a ramp,a bicyclist is attempting a trick on a wire in a tropical location ||| a biker lets go of the handlebars while flying over the ground ||| an extreme cyclist in red shirt and helmet jumping his bike over a guidewire ||| a person on a bike leaps high in the air at a beach ||| person in orange shirt balancing bicycle on wire,0.3308564803795147,0.7265575230121613,0.7692307692307693,0.5661385170722979,0.3876986054269914,0.2762935071062246,0.4092548076923077,0.4615384615384615,0.4438437223434448,0.4044173455642869,0.5861930577807917,0.1817757122165048
3591458156_f1a9a33918.jpg,a group of people are riding a horse in a park,a cowboy gets kicked off a horse that is bucking ||| a cowboy is thrown from the horse he was riding while the judge stands by with his hand on a yellow flag ||| a man at a rodeo is thrown off a horse ||| the horse is kicking up its hind legs at the cowboy whist another man stands ad watches ||| two men in western attire with a brown horse kicking into the air,0.601503902013733,0.6033426523208618,0.5454545454545454,0.2335496832484569,0.0846262997471468,0.0524634102286145,0.198019801980198,0.2857142857142856,0.2551093399524688,0.19604791628696638,0.3774308236327749,0.18138290734580853
1626754053_81126b67b6.jpg,a black and white dog is running in the grass,a black and white dog is going after an orange frisbee ||| a black and white dog leaps to catch an orange frisbee ||| a black and white dog prepares to catch a frisbee ||| a dog about to jump to catch a frisbee ||| dog jumping for frisbee,1.324718357265477,0.7593879848718643,0.6,0.5773502691896258,0.5503212081491045,0.5169731539571706,0.6412656805841602,0.5714285714285713,0.6012482047080994,0.5239425069513314,0.7048877737107921,0.18094526675946077
2141713971_e25eb12712.jpg,a person in a red jacket is walking down a snowy hill,a woman and a girl ride a sled down a hill standing up ||| a woman and a younger girl both wearing blue jackets and knit caps slide down a hill on a snow sled a dog running at their side ||| a woman and a young girl riding a sled down a snowy hill while standing ||| a woman and girl riding downhill on a sled with a dog running alongside them ||| two people on a sled riding down a snowy hill,1.0361616458646667,0.6323237717151642,0.4600222073146616,0.3397489162917924,0.2769395505398903,0.2158640436647829,0.4745098039215686,0.4545454545454545,0.4452965557575226,0.3325700766095326,0.512377833996008,0.17980775738647542
542269487_5d77b363eb.jpg,a boy in a pink shirt is jumping on a concrete road,a man and a woman in blue jog on the sidewalk while a man stretches on a park bench ||| an older couple jogging by the water ||| two ladies jogging on a path near the waterfront ||| two people wearing blue are jogging on a sidewalk in front of a lake with mountains in the backround ||| two women jogging down a sidewalk in front of a person leaning on a bench in front of a lake with another person,0.0086931553702498,0.5855824425816536,0.4166666666666667,0.1946247360403807,0.0723544685119367,0.0452937617079388,0.2032786885245902,0.3225806451612903,0.2063953280448913,0.1550672120865035,0.3346748064552671,0.17960759436876358
292780636_72e1968949.jpg,a man in a red jacket is sitting on a bench with a cigarette,a man in a black coat and hat sits by an old building ||| a man with a black hat sits against a brick building ||| an old man in a black coat and hat leans against a brick building ||| old man in black coat and hat sitting against brick building ||| white haired man in black hat and coat sitting against brick wall,0.1923828528988423,0.6933730095624924,0.5,0.3922322702763681,0.2948798731084673,0.2197281387499715,0.283969465648855,0.4,0.2795749306678772,0.2838219682220591,0.4631760797876216,0.17935411156556252
3474406285_01f3d24b71.jpg,a black dog is jumping over a obstacle,a brown dog jumping over a blue and yellow stick ||| a brown dog jumping over a hurdle ||| a brown dog jumps over an obstacle ||| a dog jumps over a hurdle at a competition ||| the brown dog is jumping a hurdle over a yellow and black pole,1.3800300561083865,0.7687187939882278,1.0,0.7559289460184544,0.5753695826647881,0.2484377990259066,0.6281690140845071,0.6666666666666666,0.6977818608283997,0.5899056803982277,0.7691206037323599,0.17921492333413225
3669564923_8fcb1a6eff.jpg,a woman in a red dress is playing with a woman in a red dress,the girls are both eating and the girl wearing the color red has cake icing on her upper lip ||| two girls are eating cake and one has blue icing on her face ||| two girls play with their food for the camera ||| two little girls are eating and making a mess ||| two young girls having fun while eating,0.008543169145669,0.466557964682579,0.2,0.0377964473009227,0.0222323925770618,0.0173957973756422,0.1953124999999999,0.1666666666666666,0.2089452147483825,0.06286638985735744,0.2418614019687445,0.17899501211138708
3087485737_cb09bc80b6.jpg,a woman in a pink shirt is walking on the beach,a man in blue shorts stands on a surfboard in shallow water ||| a man on a beach with his foot on a boogie board ||| a man standing on the shore ||| a man wearing a blue bathing suit stands on a red surfboard at the beach ||| a young man with a mohawk style haircut and surfer shorts stands on a boogie board at the beach,0.2260452974313387,0.6593465059995651,0.4980549361539613,0.3015872407613089,0.0973570413344859,0.0569682265132554,0.3931623931623932,0.3846153846153846,0.2379649728536605,0.23392396279387717,0.4117135550906723,0.17778959229679514
3112821789_1f7c3bbb99.jpg,a man plays guitar while a man plays guitar,a man blows into an electrical instrument by a microphone ||| a man blows into a tube while standing in front of a man at the drumset onstage ||| a man plays an instrument next to a drummer ||| a musician plays a strange pipe instrument whilst standing next to a drummer on a stage ||| two men perform a song together onstage,0.1727942360815564,0.5692534893751144,0.6666666666666666,0.5,0.3293168780041747,0.1561969968460128,0.3506944444444444,0.4444444444444444,0.5328027606010437,0.33686190395550175,0.5139247981137298,0.17706289415822807
3064097919_e536ab9693.jpg,a man in a red shirt is performing a trick on a ramp,a skateboarder is doing a trick at the top of a ramp while another person watches ||| a skateboarder is doing a trick off of a ramp while a guy looks on ||| a skateboarder is in midair in the middle of a trick ||| a teenage boy does a skateboard trick on a half pipe while another boy watches from the top ||| young man doing a trick jump on a skateboard,0.8576310018842236,0.6347932666540146,0.7692307692307693,0.5063696835418333,0.2856587748743974,0.1235622127262679,0.598404255319149,0.4545454545454546,0.5588850975036621,0.4043090446417209,0.5812157049201749,0.17690666027845403
3461110860_37ef15af8e.jpg,a man in a red shirt and a crowd in a crowd,a man in a grey shirt is standing in a crowded street at night ||| a man stands in a crowd holding a white object ||| a man with glasses and a grey shirt is on a crowded street ||| man wearing pass on a lanyard and standing in a crowd of people ||| one man with his eyes closed standing in a crowd,0.748524788850412,0.6618496775627136,0.6900333109719925,0.58846238483385,0.4572171241121471,0.3144006510201675,0.5089447463768116,0.6153846153846153,0.6236933469772339,0.4642287386389798,0.6408143183030277,0.17658557966404792
3407357681_5aeaab5b59.jpg,a brown dog is running in the water,a dog is running in a large body of water causing it to splash ||| a dog jumps through water ||| a dog running in the water ||| a dog running through water ||| a dog sprints across the water,1.881112336294796,0.8860261738300323,0.875,0.7905694150420949,0.7469007910928608,0.6389431042462724,0.907258064516129,0.8571428571428571,0.7993666529655457,0.7457293007403761,0.9218879864622134,0.17615868572183724
2701895972_8605c4e038.jpg,a man in a red shirt is sitting in a carnival,a band is playing music underneath a white canopy ||| a band performs at on an outdoor stage ||| a band performs onstage ||| band performs at outdoor event ||| people gather to hear musicians play various instruments upon a stage,0.0009715138036694,0.5340278148651123,0.2727272727272727,0.0522232967867093,0.0311765953881872,0.0248084150017018,0.1630434782608695,0.3,0.1658808588981628,0.0939442585772782,0.26996805280928854,0.17602379423201034
2715035273_8fc8b1291c.jpg,a man in a red dress and a woman walking down a street,a group of women walk down a street at night ||| three women out for the evening in a big city ||| two girls pass two boys by a tree in a neon lit street ||| two women walk down a city street at night ||| women are walking at night under neon lights,0.3864805718425322,0.6110811978578568,0.4615384615384615,0.3396831102433787,0.2189030136322372,0.1012019324419439,0.4699029126213592,0.4347826086956522,0.381877064704895,0.28261942598090306,0.458203796899586,0.17558437091868295
2242863004_3a9f82a31f.jpg,a dog is running in the grass,a dog attempting to chew on a red ball ||| a dog with a red ball ||| a german shepherd is playing with a red ball ||| a german shepherd is playing with a red ball ||| a german sheppard dog bting a large red ball,0.1997989047808232,0.6379124522209167,0.4285714285714285,0.2672612419124243,0.1126247880443606,0.0773055175693945,0.2904040404040404,0.3076923076923076,0.1970179378986358,0.19505473654523844,0.37061959440257775,0.1755648578573393
2760716468_b541e9fd0f.jpg,a man in a red shirt sits on a bench with a man in a red shirt,a man sits on a step with two duffel bags and a plastic bag by his sides ||| a man wearing sandals sits on the sidewalk near some bags ||| bald older man sits in gray stone area with bags clapping hands ||| man with duffel bag sitting on a concrete curb ||| man with grey beard sitting on the sidewalk with bags on either side of him,0.206641615799809,0.6632533669471741,0.4705882352941176,0.2970442628930023,0.1805165505978112,0.0805111000764593,0.3795918367346939,0.4117647058823529,0.2491905689239502,0.24600457248567137,0.42141898687302515,0.17541441438735378
1813777902_07d1d4b00c.jpg,a man in a blue shirt and a blue shirt and a blue shirt and a blue shirt and a blue shirt and a blue shirt and a blue shirt and a blue shirt and a man,a boy dressed as a pirate smiles largley ||| a boy with a skeleton on his shirt laughs ||| a child dressed like a pirate smiles ||| a young boy dressed as a pirate and running ||| the boys enjoys his pirate costume,2.0421999455724777e-07,0.4925884306430816,0.1081081081081081,0.0173291748303345,0.0095023110093323,0.0070876489890461,0.1271186440677966,0.1304347826086956,0.1045084670186042,0.026386996036785727,0.20099543387464464,0.1746084378378589
1388373425_3c72b56639.jpg,a man is sitting on a bench with a woman in a blue shirt,a woman in a black shirt is sitting next to a florescent green bag ||| a woman sits on a stone wall and talks on her phone ||| a woman speaks on her cellphone with her purse and a yellow bag on the ledge next to her ||| a woman with a backpack sitting outside a building with others ||| this woman is smiling and talking on the phone while sitting on a stone wall,0.5032664185754251,0.8036750555038452,0.7142857142857143,0.6201736729460422,0.4581301635370895,0.3057690288450511,0.4508928571428571,0.3571428571428571,0.344011127948761,0.41407224056278186,0.5885193186331416,0.1744470780703597
186346360_541047336f.jpg,a woman in a blue shirt is standing on a beach,a girl in a bikini top and shorts poses for a picture on a mountain overlooking a lake ||| a girl in a bikini top stands in front of a beautiful view ||| a girl in a bikini top with a great view in the background ||| a woman poses for a picture while in front of a lake ||| woman in white bikini top and blue shorts with body of water in the background,0.1576131352189139,0.5280359089374542,0.5810640921796215,0.4606821198071898,0.1291297456871511,0.0704087924356703,0.3126050420168068,0.4166666666666666,0.4637860059738159,0.2664512700945083,0.44062692762171585,0.17417565752720754
2053441349_a98b5fc742.jpg,a brown dog is running in a field,a dog in a field of colorful flowers ||| a large brown dog is running through a field of flowers ||| a tan dog walks through a field of colorful flowers ||| dog runs through field of flowers ||| the brown dog walks through the flowers,1.2683904102859032,0.8138827234506607,1.0,0.8451542547285166,0.709491705985192,0.5169731539571706,0.6284569902727446,0.7368421052631579,0.7602099776268005,0.66802296970823,0.8416661574520281,0.17364318774379806
1390268323_2c8204e91c.jpg,a little girl in a blue shirt is sitting on a bed,two children climb into the back of a vehicle from the front seat ||| two children in swim trunks climb through a car ||| two small boys wearing only their underwear climbing a bench in a van ||| two young boys are climbing over the seat in a vehicle ||| two young boys wearing just underwear climb around a vehicle,0.0039235333091594,0.5766299366950989,0.25,0.1507556722888818,0.0610261222235142,0.0398635712826801,0.1351351351351351,0.24,0.1096697300672531,0.09770811103031833,0.27062872766801227,0.17292061663769392
439037721_cdf1fc7358.jpg,a man in a red shirt is walking on a hill in the desert,two men sitting on the bank of a lake with an ice chest ||| two people having a picnic by a lake ||| two people having a picnic by the shore ||| two people sitting on grass in front of a lake looking at the sky ||| two people with hats looking at a lake while sitting on a yellowgrassed hill,0.0830921887930093,0.5642379820346832,0.4285714285714285,0.1815682598006407,0.0650079102582409,0.0397536017626395,0.2254464285714285,0.2857142857142857,0.2182708084583282,0.1532087514786391,0.32475378945344174,0.17154503797480264
1683444418_815f660379.jpg,a group of people are playing in a park,a man in a camouflage tank top standing next to a man in a grey tshirt with a fountain in the background ||| two man standing in front of a huge fountain with several background people ||| two men are posing for a photograph in front of a fountain in a city ||| two men are standing in front of a fountain smiling ||| two men standing in front of fountain while other people sit on the grass,0.1117222164109514,0.5557156354188919,0.596559544542913,0.2583178602221185,0.0948386352048136,0.0597224235874147,0.2583333333333333,0.3333333333333333,0.326060950756073,0.21024106122380307,0.3814676416455249,0.1712265804217218
3107592525_0bcd00777e.jpg,a woman in a red jacket and a blue jacket and a blue jacket and a woman in a red jacket and a blue jacket and a blue jacket and a woman in a red jacket and,a couple posing for the camera with rain jackets on ||| a couple stands covered in plastic she smiles and he scowls ||| a lady and a man wear rain ponchos ||| a man and a woman in plastic coverings ||| the man and woman are wearing a protective plastic raincoat,9.381651838277528e-07,0.5531291663646698,0.1351351351351351,0.1061190899945022,0.0863342250727669,0.0659580058881643,0.3412844036697248,0.2222222222222222,0.1588509529829025,0.1097865019565986,0.2809647134092744,0.1711782114526758
1794818900_e0ffdd268e.jpg,a boy in a red shirt is riding a red toy on a tire,a girl plays on a red toy ||| a little girl in a blue coat is rocking on a red playground toy ||| a little girl is playing on a toy outdoors ||| a little girl is riding a toy tricycle on springs ||| the girl wearing a blue coat is standing on the wooden rocking toy in the playground,0.5907943443455625,0.7499579340219498,0.6428571428571429,0.5447047794019222,0.3670487142916158,0.1456111423696915,0.5792207792207792,0.5,0.3882884383201599,0.4009845997409026,0.5720244939054286,0.17103989416452603
3477315700_52a4d740a5.jpg,a man in a orange shirt is swinging on a swing,a little girl in a harness is in midair on a sunny day ||| a little girl in a pink jacket and hat is swinging in a harness attached to yellow ropes ||| a young child jumps in a bungee seat in front of a blue sky and tree ||| little girl in pink coat on a swing ||| the little girl wearing pink is having fun bungee jumping,0.3853826322476005,0.7153331488370895,0.7272727272727273,0.5393598899705937,0.3185455882118027,0.141777136045218,0.4518072289156627,0.4999999999999999,0.3976953029632568,0.37920932531700824,0.5501266483067022,0.17091732298969398
944788251_a0bcd4b960.jpg,a man in a red jacket is standing in the water,a boy and a dog on a dock are watching another dog swim away ||| a boy and a dog stand on a dock watching another dog ||| a boy and a large dog stand on a dock watching another dog swim in the water ||| a boy and his dog are watching an object in the water ||| a boy in a white shirt and a black dog looking at another dog in the water,0.2368695654726502,0.6722287088632584,0.4980549361539613,0.3693674263995535,0.2401031108601999,0.1121128813683962,0.3151260504201681,0.4285714285714285,0.2657230794429779,0.2675467712071681,0.4382653903436164,0.1707186191364483
3607489370_92683861f7.jpg,a dirt biker rides his bike,a bmx racer comes down a hill everything around him is a blur ||| a dirt biker rides down a trail ||| a man in blue is riding a bicycle on a track ||| a mountain biker is giong down a hill on his bike ||| a mountain biker on a blue mountain bike gets air time,1.1951366495881586,0.7138103991746902,0.846481724890614,0.7571162714266755,0.6236930675040936,0.5115078115793242,0.5434782608695652,0.6153846153846153,0.7479895949363708,0.5846268613981459,0.7551736556382354,0.17054679424008945
2824922268_3fafb64683.jpg,a dog is running in the grass,a brown dog is splashing water in a yard ||| a dog is on the grass shaking himself dry ||| a dog splashes water while on green grass ||| a dog tries to drink water from a sprinkler ||| a tan dog shaking off some water on a lawn,0.5625556305546715,0.6746155023574829,0.7430381997858699,0.5675047991270782,0.382216121553221,0.1865117667134929,0.5499999999999999,0.6250000000000001,0.5578093528747559,0.44160710076919624,0.6121373727230288,0.17053027195383258
3232030272_b2480a5fe7.jpg,a man in a blue shirt is standing on a bench,a woman is walking in front of a fastfood restaurant ||| a woman walking down the sidewalk beside a cheeseburger advertisement ||| a woman walking near a fast food restaurant ||| a woman wearing a white jacket walks past a billboard that is advertising hamburgers ||| a woman with a white jacket and black pants is walking down the sidewalk in front of a banner advertising hamburgers,0.0031820366330347,0.5688909441232681,0.4545454545454545,0.0674199862463242,0.0369639411310129,0.0281878015762964,0.198019801980198,0.2857142857142856,0.1668732017278671,0.12808940797707086,0.2981778256376347,0.17008841766056382
130211457_be3f6b335d.jpg,a group of people are standing in a parade,a girl in a red and black leotard with white writing is standing next to a man in a cap and a girl in a hot pink and black and white checkered outfit ||| a man has his arms around two women who are posing for a picture with him ||| a man with a backpack and cap posing with two girls dressed in tight uniforms ||| two blonde models pose with a man under an umbrella ||| two woman posing with a guy,0.0068705958552614,0.502932071685791,0.4971329537857609,0.2358108650835347,0.0892465726576343,0.0570613591495714,0.1041666666666666,0.24,0.291363775730133,0.149252495289655,0.31921230995839056,0.16995981466873555
3515358125_9e1d796244.jpg,a brown dog is running in a field,a brown dog is chasing a ball on the grass ||| a dog trailing a leash chases a tennis ball across a grassy area ||| a dog with a red leash still attached chases over the grass toward a tennis ball ||| a german shepherd dog is running toward a tennis ball ||| a large brown dog runs after a tennis ball in a field,0.7106172662100584,0.6962236016988754,0.7788007830714049,0.7210294186861093,0.6462695539990597,0.4528187132526333,0.5471498944405349,0.7000000000000001,0.7309630513191223,0.5617024710302025,0.7312126632207416,0.1695101921905391
3726076549_0efb38854b.jpg,a man in a red shirt is riding a bicycle on a hill,a boy in jeans black tshirt and blue cap on a bike leaps over steps ||| an asian man in a black shirt and jeans rides his black and red bicycle down a railing ||| a teenager performs a railgrind on his bicycle ||| man sliding down stair handrails on a bike ||| this man has balanced his bicycle on a handrail,0.4152472240133322,0.578661784529686,0.5276331810218101,0.3883275066603749,0.2864659629813918,0.1191519452495031,0.3989361702127659,0.4516129032258064,0.4524386525154114,0.30472068303453687,0.4740614464625913,0.16934076342805443
2750867389_4b815f793a.jpg,a man is driving a toy in a car,a man and a boy behind the wheel of a car ||| a man drives a truck while a child sits on his lap and steers ||| a man drives a vehicle with a child on his lap ||| man and little boy driving a large brown suv ||| there is a man with a small boy on his lap sitting in the drivers seat of a jeep,0.5307712855371707,0.6661029905080795,0.8888888888888888,0.5773502691896257,0.1682390865739974,0.0943859526823111,0.412962962962963,0.5,0.4616697132587433,0.3795668118730681,0.5487849572851523,0.1692181454120842
1417882092_c94c251eb3.jpg,a man in a red shirt and a red hat is wearing a red shirt,two guys standing side by side ||| two male spectators ||| two men are watching something ||| two men wearing black in a city ||| two young men dressed in black stand next to each other looking at something,0.0101316529136128,0.503661036491394,0.2,0.1195228609334393,0.0478982378104294,0.0309345882943137,0.1923076923076923,0.1818181818181818,0.1746715307235717,0.0822927479209278,0.25108142913168474,0.16878868121075694
210839948_bbd5bfa3b6.jpg,a man in a red shirt is climbing up a rock,a girl in a red shirt is rock climbing ||| a woman climbs up a steep rock face ||| a woman wearing red climbs up the giant rock ||| a young girl with a determined expression climbing a cliff edge ||| blond woman in red top rock climbing,1.495419363532287,0.7470786571502686,0.9090909090909092,0.674199862463242,0.5331122821307175,0.4411629359322706,0.6861413043478259,0.7000000000000001,0.7324663996696472,0.6038303597711698,0.7723952899151396,0.16856493014396978
2402793046_3385554e81.jpg,a man in a blue shirt is swinging on a swing,a boy climbs a rigging on a boat ||| a boy climbs a sailboat mast ||| a boy wearing climbing gear climbs by a wooden pole ||| a small child climbs ropes hung near a large pole ||| the boy is climbing up a rope ladder,0.0058620044053508,0.611463338136673,0.4545454545454545,0.2132007163556104,0.0796363970529507,0.0501257871573906,0.3802710843373494,0.4210526315789474,0.2382669150829315,0.207454864818469,0.3739488036384741,0.1664939388200051
2312747482_20a81b2230.jpg,a little boy is sitting in a tree,a child peeks his head out from some flowers ||| a child with blue eyes sitting amid flowers ||| a kid playing in a bunch of flowers ||| the brown haired toddler is holding onto the edge of a flower pot in a garden ||| this small child is in a garden with flowers all around,0.0590852385165252,0.6596782803535461,0.625,0.2988071523335984,0.1141677850990735,0.073860999559306,0.3194444444444444,0.375,0.2264532595872879,0.23927650644299264,0.4051983441383736,0.16592183769538094
3244734844_c318c29c23.jpg,a man in a red shirt is skateboarding on a skateboard,a boy wearing a blue parka green pants and white shoes is leaping in a ramp ||| a man performs a large jump ||| a man wearing a blue jacket jumping from one concrete wall to the other ||| a person in a blue jacket jumps off of a tan cement wall ||| someone in a blue coat and white sneakers is airborne,0.0362149148987068,0.6398077309131622,0.5454545454545454,0.3302891295379082,0.1066224564261435,0.062389860721175,0.24658203125,0.3529411764705882,0.2079085409641266,0.21378393860856723,0.37853380783725565,0.16474986922868842
269898095_d00ac7d7a4.jpg,a man in a black shirt is jumping off a large wooden wall,a woman is sitting near a flower bed overlooking a tunnel ||| two adults sit on a bench ||| two guys sit by some flowers and water ||| two people on a bench ||| two people sit on a bench at a park,0.0010039894172711,0.5699840560555458,0.3076923076923076,0.0506369683541833,0.0285658774874397,0.0219728138749971,0.1785714285714285,0.2499999999999999,0.0956353321671485,0.09277027140078256,0.25709907630896806,0.1643288049081855
2180886307_5156460b2c.jpg,a black dog is swimming in the water,a brown dog is swimming and splashing in the water ||| a dog swimming through the water ||| a dog swims in the aqua water ||| a tan dog swimming in some water ||| brown dog splashing into the water,1.6779128323392034,0.7964307069778442,0.875,0.7905694150420949,0.5928155507483438,0.2540663740773073,0.7198748043818466,0.7999999999999999,0.6929288506507874,0.6240250080794191,0.7882220160345956,0.16419700795517655
3344233740_c010378da7.jpg,a man in a red shirt is standing in front of a man in a black shirt,a man is standing on a sidewalk in the background with a blurry image of another man in the foreground ||| a man stands at a busy bus stop ||| a man stands next to a bus ||| people in the city ||| people walking down the street and past an open bus,0.1068689305745579,0.5396420881152153,0.493072607307647,0.2783786809358703,0.0756566013256287,0.0401275885055827,0.39453125,0.4324324324324324,0.3657233119010925,0.22799141255615635,0.39208423005445314,0.1640928174982968
3482237861_605b4f0fd9.jpg,a man in a red shirt is jumping down a concrete road,a boy is riding a scooter down the concrete path ||| a child on a scooter moving down the sidewalk ||| a youth rides a scooter on a sidewalk near a building ||| the boy is riding his scooter on the sidewalk ||| young boy rides his scooter on drive,0.2140304162551135,0.5454833060503006,0.5,0.0674199862463242,0.0356882927751804,0.0266583768170288,0.2450980392156863,0.3636363636363636,0.2436469942331314,0.16087975030549803,0.3248341419346821,0.16395439162918404
1215334959_b1970965f7.jpg,a man in a red shirt is standing on a bench,a family sits on a bench near a beach ||| a family sits on a bench overlooking the beach ||| a man woman girl and boy sit on a concrete bench by a beach ||| family sitting on a bench near the beach ||| taking a break while vacationing at the beach,1.0421384253229111,0.6525477766990662,0.5454545454545454,0.4045199174779452,0.2629535894329295,0.1227826014909611,0.4076086956521738,0.4,0.371206521987915,0.32094279263025877,0.4847790124578133,0.16383621982755453
1204996216_71d7519d9a.jpg,a young girl in a blue shirt is sitting on a dock,a boy lays on a picnic table bench ||| a child is laying down on a wooden bench ||| a child is on a bench with arms stretched out ||| a little boy in a red shirt sitting on a wooden picnic table bench ||| a little boy lies down on a picnic table bench,0.1404440438588058,0.6594336032867432,0.6666666666666666,0.4264014327112209,0.2629535894329295,0.119219885465362,0.4599230996746525,0.5384615384615384,0.3961993753910064,0.34158625681433497,0.5049511461717885,0.16336488935745352
2206960564_325ed0c7ae.jpg,a dog is running in the grass,a beige puppy walks across the floor ||| a small puppy rungs towards the camera ||| a white puppy is running on a tiled floor ||| puppy running on the floor ||| the white dog ran across the tile floor,0.2123216165514544,0.6124662235379219,0.7142857142857143,0.3450327796711771,0.1335314515048662,0.0878360261971396,0.2904040404040404,0.375,0.3281964957714081,0.26490419603025817,0.4276941157615681,0.16278991973130996
3436418401_b00ceb27c0.jpg,a boy in a blue shirt is standing on a lake,a small child running on the beach ||| a young boy in swim trunks runs along a sandy beach ||| a young boy runs through the water on a beach near trees ||| a young child is running through a large puddle at a beach surrounded by trees ||| young boy walking along the beach,0.1804371598919721,0.6178824976086617,0.6363636363636364,0.3567530340063378,0.1122442959954951,0.0648411507139764,0.4054545454545455,0.3636363636363636,0.3171198070049286,0.2631514953872609,0.42546399602309304,0.16231250063583214
582788646_dc40748639.jpg,a girl in a pink dress is playing in the sand,a blond boy wearing water wings bends down at the beach ||| a blond haired child with blue and red floaties playing in the ocean ||| a child in red and blue floaties looking down at the water ||| boy with floaties with his feet in the sand on the beach ||| small child with blue floaties on bending over at the beach,0.2547083684056235,0.6505286693572998,0.4545454545454545,0.3692744729379982,0.311765953881872,0.1395079696792913,0.29296875,0.3333333333333333,0.2635574340820312,0.2575639736082179,0.4197951842428337,0.16223121063461576
1600208439_e94527b80f.jpg,a black dog runs in the grass,a brown dog playing in mud ||| a dog enjoys playing in the water at the edge of a field ||| a dog is playing in water ||| a dog runs through muddy water ||| a dog splashing though a large puddle in a field,0.4175313959710013,0.7077933102846146,0.7142857142857143,0.4879500364742665,0.1682390865739974,0.1044552273072038,0.6147540983606558,0.4615384615384615,0.3646292388439178,0.3626812429492963,0.5246827621095151,0.16200151916021882
3556485995_9cd40269e9.jpg,a girl in a blue shirt is swinging to a swing,two cricket players holding their sticks in the air ||| two field hockey players with their sticks in the air ||| two men each carrying a stick playing a sport competition ||| two men playing hockey ||| two men play lacrosse or field hockey,0.0004570766964196,0.5048737674951553,0.2727272727272727,0.0522232967867093,0.0311765953881872,0.0248084150017018,0.099009900990099,0.1904761904761905,0.1350554227828979,0.06707367476350595,0.22871639078181563,0.16164271601830968
3559374748_f18c7caa55.jpg,a man in a red shirt is riding a wheelie in a dirt road,a blue and grey race car driving on a dirt track ||| a person driving a drag racer on dirt ||| a person is in a race car on a track with a lot debri ||| a race car driver is driving his car through the mud ||| the blue and gray vehicle is racing through the gravel,0.1183465393388368,0.5326870828866959,0.5,0.2773500981126146,0.0862233979611117,0.0491327054814442,0.2793141592920354,0.3571428571428571,0.3278324902057647,0.20278232080556008,0.3642629426091557,0.16148062180359563
2629445284_83390e83af.jpg,a dog jumps over a obstacle,a black and white dog jumps over a hurdle ||| a black dog jumps over hurdles ||| a black white and brown tricolored midsized dog jumps over a red and white jump in a field with tents and cars nearby ||| a dog is jumping over a barrier at a agility competition ||| a dog jumping over an obstacle course fence,1.4135560652256065,0.8047658205032349,1.0,0.8944271909999159,0.7368062997280773,0.6042750794713536,0.625,0.7142857142857143,0.7928582429885864,0.692398620513732,0.853665271576282,0.16126665106255
3373481779_511937e09d.jpg,a hockey player in a red uniform is wearing a red uniform,a man is guiding the hockey puck across the ice while an opposing player races towards it ||| hockey player in white uniform with stick ||| two hockey players wearing yellow and black uniforms skate on the ice ||| two ice hockey players ||| two people in hockey uniforms on the ice,0.7744899305618878,0.5210765078663826,0.5833333333333334,0.3256694736394648,0.2197107811492718,0.1041904464013639,0.5,0.4210526315789474,0.5325254201889038,0.3148385956484879,0.4755861470597908,0.16074755141130292
2674784195_704f6b79d0.jpg,a boy in a bikini swim trunks is jumping into the water,two boys are laying in the ocean close to the beach ||| two boys playing in dirty water ||| two children are playing in deep muddy water ||| two children are rolling in muddy water ||| two muddy boys swim,0.1138588083523203,0.5595481395721436,0.3333333333333333,0.055048188256318,0.0311765953881872,0.0240885627048535,0.2272727272727272,0.3333333333333333,0.1533335149288177,0.12213241846351798,0.28280242305789915,0.1606700045943812
240696675_7d05193aa0.jpg,a brown dog runs in the grass,a brown dog is running in a grassy plain ||| a brown dog runs along a path in the grass ||| dog running in field ||| dog running on narrow dirt path ||| the dog is running along a path that has been made through the uncut grass,0.9659263124227992,0.7873429358005524,1.0,0.9128709291752768,0.7937005259840997,0.5946035575013605,0.6932463707132337,0.8235294117647058,0.8523662686347961,0.7144747092985954,0.8748977946952226,0.1604230853966272
2695085448_a11833df95.jpg,a man in a red jacket and a black jacket and a black jacket and a black jacket and a black jacket and a woman walking on a bench,a woman in a black dress crouching in front of a brick wall talking on a cellphone ||| a woman in all black crouches against a wall while making a phone call ||| a woman on the phone next to a brick wall ||| the woman crouches against a brick wall speaking on her cellphone ||| woman talking on pink cellphone in front of a brick wall,0.004409706578802,0.5524975433945656,0.2758620689655172,0.198516666794186,0.0526514167401105,0.0273724839151772,0.3468406593406593,0.3043478260869565,0.2056477814912796,0.14782751607351058,0.308018236202557,0.16019072012904645
2109479807_eec8d72ca7.jpg,a man in a red shirt is riding a bike on a motorcycle,a group of girls ride an atv ||| four females wearing helments are riding on an atv ||| four girls are sitting on a blue atv in field ||| four girls ride sit on a riding tractor on a farm ||| four girls sit on an atv in a yard,0.0967003523095109,0.5829103663563728,0.3846153846153846,0.2531848417709166,0.0835271324808894,0.0491327054814442,0.3064320388349515,0.3333333333333333,0.2212297171354293,0.18116668138683223,0.3412919613175926,0.16012527993076037
2967549094_d32422eb01.jpg,a man in a red shirt is standing on a train,a man inside of a white subway train ||| a man sits by a window on a train ||| a man sits by the window in a train ||| a man sits in the window of a train ||| the side of a subway cart with one man in the window,1.591937084389639,0.7455147802829742,0.5810640921796215,0.5150582679537894,0.2996835928343692,0.1323897613070298,0.6114130434782608,0.6,0.4238979518413543,0.42948240527677956,0.5894706643172656,0.15998825904048602
866841633_05d273b96d.jpg,a man in a black suit is jumping into a lake,a man wearing a orange vest is canoeing in the blue water ||| a person paddles a boat while another has fallen into the water ||| one person kayaks as another kayer sinks their boat ||| two kayakers one paddling and one in the water ||| two small canoes are out in the middle of the water,0.0697402231888859,0.5901345610618591,0.5454545454545454,0.2335496832484569,0.0846262997471468,0.0524634102286145,0.2100840336134454,0.3478260869565217,0.226068302989006,0.18994874390523572,0.34986536431211746,0.15991662040688173
2089122314_40d5739aef.jpg,a dog is running in the grass,a dog running with a newspaper in its mouth ||| a dog runs down the street carrying a newspaper ||| a dog with a newspaper in his mouth runs down a paved path ||| a fluffy tricolored dog is running down the road with a paper in its mouth ||| an australian shepherd dog carrying a newspaper in his mouth,0.3292575236530662,0.6631894409656525,0.6441233940645307,0.4919573683654302,0.3313347087027163,0.1616829286072885,0.3599374021909233,0.5,0.3970809280872345,0.34864409525549617,0.5084463242484737,0.15980222899297752
239807547_4923efc821.jpg,a man is sitting on a stone road,two dogs fight next to rocks ||| two dogs playfully wrestle in a rocky setting ||| two dogs playing next to rocks ||| two dogs play on the dry ground ||| two dogs sit in the shade and lick each other s face,0.0031762489549513,0.4909263178706169,0.25,0.0597614304667196,0.039044833280954,0.033031643180138,0.0806451612903225,0.1333333333333333,0.1307510286569595,0.0554175627704398,0.21513002541385393,0.15971246264341413
2823075967_be4c350e9e.jpg,a dog is running in the grass,a black and white dog is playing with a tan dog ||| the black and white dog is biting the brown and white dog ||| two dogs appear to be kissing with one another on flat ground ||| two dogs either fighting or playing together ||| two dogs play around at nighttime,0.2083148615695164,0.5729386955499649,0.5714285714285714,0.3086066999241838,0.1239596188482187,0.0830701847441279,0.2977594339622642,0.3333333333333332,0.3176578879356384,0.23047779763215417,0.3901674314061577,0.15968963377400355
756004341_1a816df714.jpg,a woman in a red shirt and a woman in a blue shirt and a woman in a blue shirt and a woman in a blue shirt and a woman in a blue shirt and a woman,two children in a yard wearing sunglasses with a play structure behind them ||| two children in orange sunglasses ||| two children wearing sunglasses sit outside of a plastic tent ||| two little girls sitting in the grass wearing sunglasses ||| two young children wearing sunglasses,2.02043207512626e-07,0.4640442132949829,0.081081081081081,0.0474578997876249,0.0186001449433789,0.0117291763798148,0.1659451659451659,0.12,0.1283266544342041,0.032925019970643725,0.1924012205396114,0.15947620056896766
3506468593_7e41a6d9f1.jpg,a young boy is sitting on a tree,a girl swings on a vine over water ||| a girl tries holding onto a vine so she so nt fall into the water ||| a girl wearfing pink swings over a creek ||| the girl is swinging on a rope over a small pond ||| woman swinging above water while holding a vine,0.0155140956147548,0.6418240815401077,0.5,0.2672612419124243,0.1059839832948326,0.0698534205658009,0.3194444444444444,0.375,0.1937558650970459,0.21263563799957666,0.37179845063205175,0.1591628126324751
3532587748_7e64bb223a.jpg,a man in a red jacket is running in the air,a boy is standing on one hand on the pavement ||| a kid in sportswear is attempting a onehanded stand on a trampoline ||| a small boy does a handstand on one hand ||| a young boy does a onearmed handstand on a concrete ||| the boy is doing a handstand on the pavement,0.0073460204934695,0.5839647352695465,0.4545454545454545,0.0674199862463242,0.0369639411310129,0.0281878015762964,0.1680672268907563,0.2857142857142856,0.1205057948827743,0.12366596256611816,0.2828210946120329,0.15915513204591475
3173461705_b5cdeef1eb.jpg,a dog is running in the snow,one dog is jumping up at another dog by a fence on a snowy day ||| two blond dogs sniff one another ||| two dogs in snow ||| two dogs play in the snow ||| two tan dogs play in the snow,0.9441133122510228,0.7144462317228317,0.8571428571428571,0.6546536707079771,0.4409111383083693,0.215153445216728,0.7934426229508196,0.6153846153846153,0.63718581199646,0.5322420190423413,0.6904361093664986,0.15819409032415732
3681651647_08eba60f89.jpg,a woman in a red shirt is holding a red shirt in a red shirt,a man in a bowler hat a low cut vest and flowers waves in a parade ||| a man wearing makeup and wearing a skimpy vest ||| a person is dressed in a black vest and hat with lots of flowers attached ||| a person wearing a colorful costume waves to a crowd ||| people in red and black clothing are walking in a parade,0.0259699238280369,0.5560608208179474,0.5333333333333333,0.2760262237369416,0.0836859296929693,0.0470104082139191,0.3214535290006988,0.3870967741935484,0.3104814887046814,0.21498558455930442,0.3725679630054974,0.15758237844619297
2198484810_50a893824a.jpg,a brown dog is jumping over a brown dog in a blue toy,a brown dog is running through an obstacle course ||| a brown dog jumps over an obstacle ||| a dog runs through an obstacle course ||| a small dog jumping over hurdles ||| the brown dog is jumping over a low rail in a grassy yard,0.8730400353298164,0.7997022569179535,0.6153846153846154,0.5991446895152781,0.5464455780897927,0.5054464897599292,0.6619183285849952,0.6153846153846154,0.504359245300293,0.5222340035784343,0.6797844129986135,0.15755040942017917
47870024_73a4481f7d.jpg,a man in a red shirt is riding a trick on a ramp,a boy in yellow is riding a scooter on the street ||| a boy on a scooter ||| a boy wearing a helmet rides a scooter in a suburban neighborhood ||| a child on a scooter is jumping the curb ||| a young boy wearing an orange helmet riding a scooter,0.2806133540812515,0.727752298116684,0.6153846153846154,0.4529108136578383,0.2651821159361019,0.1168579258757333,0.4406130268199234,0.4999999999999999,0.2804107069969177,0.3333604110187554,0.49091027160692713,0.15754986058817172
105342180_4d4a40b47f.jpg,a boy in a blue shirt is jumping into a lake,a girl paddling down a large river as seen from behind her ||| a woman kayaking down a river ||| a woman paddles a boat down a river ||| a woman with a paddle ||| a woman with a paddle sits in a boat on the water,0.0025814861790113,0.5612940341234207,0.3320366241026409,0.1741214746376982,0.0675036022466866,0.0432864914530547,0.2409638554216867,0.3157894736842105,0.1805698424577713,0.14280906679482888,0.3002226437731221,0.1574135769782932
2280525192_81911f2b00.jpg,a black dog is running through the grass,a brown and black dog jumping through a field of long blades of grass ||| a dog runs through the tall grass ||| a dog wearing a red harness runs across a field ||| black and brown dog with red harness in high grass ||| dog running through the weeds,0.9237757969507366,0.6955581903457642,0.875,0.6123724356957945,0.3968502629920499,0.1880301546543197,0.9132075471698112,0.7999999999999999,0.7164202928543091,0.5649710428755896,0.722122601662196,0.15715155878660636
937559727_ae2613cee5.jpg,a man in a black shirt and a black shirt is standing on a camera,a blonde fisherman standing in the water prepares his hook ||| a fisherman wearing a waterproof jumpsuit looks at something in his hand ||| a man hooking a line ||| a man in fishing overalls in the water ||| the fisherman stands in water while looking at something small in his hands,0.0442264995468312,0.5455128476023674,0.3333333333333333,0.2182178902359923,0.154150800490952,0.0743299818451363,0.25,0.3,0.2410910874605178,0.16661360762654212,0.32335263012877746,0.15673902250223534
1329832826_432538d331.jpg,a man in a red shirt is walking in the street,people stand on a street corner at dusk with a pharmacy in the background ||| people stand outside of the rite aid pharmacy on broadway ||| people waiting to cross the street in front of a pharmacy with lit up sign ||| some people look to cross the street in front of a drug store ||| this is a picture of a broadway rite aid pharmacy that has a bright neon sign and people are prepared to cross the street in front of it,0.2325187778306031,0.5582983419299126,0.5454545454545454,0.3302891295379082,0.1066224564261435,0.062389860721175,0.2715328467153285,0.32,0.3124431073665619,0.21895017008320042,0.3754959737159953,0.15654580363279488
500678178_26ce0f4417.jpg,a young boy is sitting on a tree,a child lies in the hay with only a head and arm showing ||| a young child is covered in straw except for the head and left arm ||| child playing and hiding underneath hay ||| girl hides in hay ||| the child is playing hide and seek in the hay,0.0207645213643705,0.6085790693759918,0.5,0.2672612419124243,0.1059839832948326,0.0698534205658009,0.1119402985074626,0.2727272727272727,0.1525040119886398,0.1652390500052075,0.32116603071258976,0.15592698070738226
3465000218_c94e54e208.jpg,a woman in a red shirt is holding a red shirt in a red shirt,a shirtless man and a woman wearing at a park wearing face paint and laughing ||| people wearing body paint outside ||| the man with his shirt off has paint under his eyes ||| the people have paint on them ||| two friends in a park with face paint on their faces,0.0469833200550173,0.5463990569114685,0.4,0.2390457218668787,0.0760337130876986,0.0437481143122464,0.1644736842105263,0.2,0.185540497303009,0.1355042114546458,0.2913466174260408,0.15584240597139498
3375134059_7e9eb2ef01.jpg,a dog is running in the grass,one dog on the ground and another dog standing above it ||| two beige dogs play in the grass ||| two dogs in a field facing each other ||| two dogs play with one another on the grass ||| two tan dogs play in the grass,0.7369696315686886,0.6470437347888947,0.7142857142857143,0.4879500364742665,0.3624601243342975,0.1857505799913359,0.6914285714285714,0.5714285714285714,0.5691189169883728,0.4417587325575679,0.5969486368489634,0.15518990429139545
2379150102_157d718d1d.jpg,a dog is walking on a bench with a black dog,a dog pees on the side of a fountain another dog sniffs the wall and one is being walked ||| several dogs are walking around on a brick street ||| three dogs are on a cobblestone road ||| three dogs are together outdoors checking out a fountain ||| three dogs walk near the fountain,0.0975658877261398,0.6352636218070984,0.6363636363636364,0.3567530340063378,0.1122442959954951,0.0648411507139764,0.217391304347826,0.3999999999999999,0.2379586845636367,0.23744074306567658,0.3926266187984829,0.1551858757328063
3385246141_a263d1053e.jpg,a man in a white shirt is jumping over a large large building,a camera man videotapes a skier climbing a tree stump ||| a man on ski has jumped in a tree while another man is watching ||| a person in skis is jumping off the side of a tree while someone records it ||| a skier doing a trick on pole while being photographed by another man ||| a skier jumps through the air next to a tall tree while a man videotapes him,0.0988090535066037,0.6127431988716125,0.5384615384615384,0.3668996928526714,0.1069631055661771,0.0591460168684858,0.2369426751592356,0.3703703703703704,0.2396528273820877,0.22093677141988668,0.37577898951833927,0.15484221809845258
3430779304_43a2146f4b.jpg,a man is jumping down a dirt road,two cowboys on horseback lasso a young calf to the ground ||| two cowboys on horses wrangle a calf in a rodeo ||| two cowboys rope a steer from horseback in an indoor corral ||| two men ride horses and a calf runs between them ||| two people on horses chasing cow in an arena,4.285175824428525e-06,0.4818961769342422,0.2206242256461488,0.0527392772809048,0.0344569444323738,0.0291503227937514,0.1020408163265306,0.2222222222222222,0.1516888290643692,0.06577967812879684,0.22030275605601665,0.1545230779272198
3697359692_8a5cdbe4fe.jpg,a young boy in a red shirt is sitting on a chair,a boy is sitting in a car seat in the backseat of a car ||| a boy making a face while sitting in his car seat ||| a boy sitting in a car making a surprised face ||| a young boy is buckled into a car seat making a silly face ||| the young boy with a silly face is buckled in a car seat,0.3671638187809216,0.7012118399143219,0.6666666666666666,0.4923659639173309,0.2894178740477467,0.1281101041965245,0.4437588989084005,0.4545454545454545,0.3359460532665252,0.3481719358490406,0.5025789284144444,0.1544069925654038
2923497185_c64004ff2d.jpg,a brown and white dog is running in the grass,a brown and white dog is running through a white marker in a grassy field ||| a brown and white dog runs through an obstacle ||| a brown dog is running between two grey poles that are very close together ||| an australian shepherd dog runs through an obstacle ||| longhaired dog moves quickly beneath two poles,1.1519085512343457,0.7087165862321854,0.8,0.7302967433402215,0.6933612743506347,0.6606328636027614,0.647130647130647,0.64,0.7931616902351379,0.6233878173814158,0.7777347026453117,0.15434688526389595
3350786891_6d39b234e9.jpg,a group of people in colorful costumes and a woman in a red shirt and a woman in a red shirt and a woman in a red shirt and a woman in a red shirt and a,a group of dark skinned children are sitting beside a red metal container ||| a group of kids sitting against a large red dumpster ||| a group of people sitting outside in the dirt on the ground ||| a large group of people sitting near a shipping container ||| two sub saharan african girls in purple dresses sit on the ground,3.585022005105894e-05,0.5072586610913277,0.1891891891891892,0.1449862787336133,0.1063013025035843,0.0770964196975391,0.3511811023622047,0.2127659574468085,0.2230111062526703,0.12808061716034952,0.2823945710236969,0.1543139538633474
124972799_de706b6d0b.jpg,a dog is laying on a bed,a cat under the bench hissing with a dog growling and trying to get it ||| a dog toys with a cat hiding under a bench ||| a snarling brown and black dog corners a brown longhaired cat under a wooden bench ||| a snarling dog approaches a hissing cat ||| black and brown dog growling at brown cat hiding under wooden bench,0.0535946717354625,0.627027228474617,0.4285714285714285,0.2672612419124243,0.1126247880443606,0.0773055175693945,0.2142857142857143,0.4285714285714285,0.1791907399892807,0.19748874199175223,0.35149749079733006,0.15400874880557783
3050976633_9c25cf6fa0.jpg,a boy in a red uniform runs on a soccer ball,a group of men playing against each other in a football match ||| five men playing in a soccer game ||| people outside playing soccer ||| rugby players competing in a match ||| these people are playing a soccer type game,0.4593690530226305,0.5966013297438622,0.3320366241026409,0.2462449509330356,0.0850492094143313,0.0514766036194771,0.4265202702702703,0.3333333333333332,0.2289526164531707,0.20309392307389657,0.3566879067515486,0.15359398367765204
1105959054_9c3a738096.jpg,a young girl in a blue shirt is sitting on a table,a child painting a picture ||| an artist paints clouds onto a canvas ||| a young girl painting a picture ||| a young girl with braids is painting with water colors on a white paper on the wall ||| the child paints on a large paper with water colors,0.1684679635827038,0.702662318944931,0.5,0.3692744729379982,0.238909191158852,0.1109466047156616,0.4782196969696969,0.4444444444444444,0.2378868013620376,0.29253548140851365,0.4459908992281146,0.15345541781960093
1999444757_1b92efb590.jpg,a group of people are playing in a park,a girl in white is swinging a sword ||| a lady shows her sword ||| a woman is swordfighting with an unseen opponent ||| boy in martial artsstyle uniform holding a sword ||| two women watching people in white shirts one of those persons holding a sword,0.020966168263645,0.5731356889009476,0.5555555555555556,0.0833333333333333,0.046292768690652,0.0358589075361213,0.1851851851851852,0.3529411764705882,0.1782048344612121,0.15722447199452677,0.30821343044776206,0.1509889584532353
311619377_2ba3b36675.jpg,a woman in a blue shirt is sitting in a table,a black haired woman in a parka is looking at burning incense sticks ||| a woman looks at a plate filled with steam ||| a woman stands and watches incense burn with the smoke billowing ||| a woman stands over a copper bowl holding many burning incense ||| the woman is looking at a smoky exhibit,0.1879399053760096,0.6629255414009094,0.4545454545454545,0.3692744729379982,0.2474488015799764,0.11731175160264,0.290625,0.4166666666666666,0.2223843485116958,0.2555545109420954,0.40537568896744824,0.14982117802535283
3414734842_beb543f400.jpg,a man in a red jacket is walking down a path,a couple holding hands and another woman are walking down a wooded trail ||| a couple holding hands and a woman standing beside them pose on a tree lined dirt road ||| three friends on a stroll in the forest ||| three people stand on a path through the woods ||| two women and a man posing on a rural path,0.5338906258846414,0.6486816704273224,0.7272727272727273,0.5393598899705937,0.3185455882118027,0.141777136045218,0.29296875,0.380952380952381,0.3868883550167084,0.34135566942408163,0.4909489959207528,0.14959332649667118
3673970325_4e025069e9.jpg,a man in a red shirt is standing on a store,a girl in a white shirt kneeling down lighting a candle ||| a girl is amid many candle lanterns ||| a girl kneels down by a rows of candles ||| a young girl kneels beside rows of candles while others walk by ||| young girl kneels on a grassy field filled with candles,0.0409246818885053,0.3662280738353729,0.6363636363636364,0.3567530340063378,0.1122442959954951,0.0648411507139764,0.3381818181818182,0.4545454545454545,0.1251493841409683,0.2624748286725198,0.11302110915495936,-0.14945371951756045
3219065971_702c4e8c34.jpg,a little boy in a blue shirt is sitting on a bed,a boy and a person offcamera playing a card game ||| a small boy holding a hand of cards with uno cards in the foreground ||| boy sitting on the couch playing a game of uno ||| the boy is playing uno ||| three uno cards in reds and yellows in the foreground with a young boy holding additional cards in the background,0.1468675658457627,0.6204342842102051,0.6666666666666666,0.2461829819586654,0.0846262997471468,0.0509411079633964,0.309436274509804,0.3636363636363636,0.2347790300846099,0.23002026943871545,0.3790036948364716,0.14898342539775616
2089542487_b4c1ee7025.jpg,a man in a red shirt is walking on a hill,a hiker is ready to take on a rugged outdoor trail ||| a lone hiker on a dirt hiking trail with a hat and sunglasses on with trees in the background ||| a man in shorts is hiking in a dry region ||| a man stops for a picture with the scenery during his hike ||| the man is posing for a picture in the desert wearing a green shirt and hat and holding a metal detector,0.0858477929919174,0.636146292090416,0.7272727272727273,0.5393598899705937,0.3185455882118027,0.141777136045218,0.2869318181818182,0.4761904761904761,0.4006714522838592,0.34044882968673423,0.4891314864018631,0.14868265671512887
2517082705_93bc9f73ec.jpg,a woman in a red shirt is walking down a path,a boy poses on a shadowdappled lawn ||| a boy running through green grass ||| a child runs through the grass ||| a young child in a white shirt is standing in a field of green grass ||| the boy wearing the blue shirt is running on the grass between the trees,0.1711705990314038,0.6153387948870659,0.4152547563801129,0.2514492420389833,0.0811717173077936,0.0474974250929946,0.2920471841704718,0.4615384615384615,0.1990612298250198,0.2052662876330305,0.3539353616276393,0.14866907399460877
1056249424_ef2a2e041c.jpg,a man in a black shirt is jumping into the water,the children are playing in the water ||| two boys one with a yellow and orange ball play in some water in front of a field ||| two boys play in a puddle ||| two children play with a balloon in mud on a sunny day ||| two kids are running and playing in some water,0.1866586636651031,0.573955848813057,0.415045780128301,0.275310224701184,0.0916164835610108,0.0544298814067556,0.3453453453453453,0.3333333333333332,0.244609847664833,0.19979894481443336,0.34796266223126965,0.1481637174168363
3184206563_5435f2b494.jpg,a boy in a red shirt is running in the sand,a woman in a blue shirt runs through a field of dry grass ||| a woman in the blue sweater is running through a brown field ||| a woman jogging on an open field ||| a woman runs outside in a blue coat ||| the woman in the blue jacket ran through the field,0.1607588109396076,0.6103313714265823,0.6363636363636364,0.4369314487526514,0.1284876442714151,0.0717585291477213,0.4295051353874883,0.4166666666666666,0.347749263048172,0.28937521268622574,0.43751515185837514,0.1481399391721494
319851847_7212423309.jpg,a man in a black hat is sitting on a street,a man is using a chainsaw on a statue ||| a man weilding a chainsaw carves a log into a gnome ||| a man with a chainsaw is carving wood into a statue of a man ||| the fellow with the chainsaw and brown coveralls is carving a statue with a chainsaw ||| the man is carving a santa out of wood,0.080205565468864,0.4340975731611252,0.5454545454545454,0.3302891295379082,0.1066224564261435,0.062389860721175,0.5555555555555555,0.5,0.0750724524259567,0.2852596660229604,0.13731542952984113,-0.14794423649311925
2985679744_75a7102aab.jpg,a man in a black shirt is sitting on a subway,a bearded man on a train ||| a man is sitting on a train resting his hand against his face ||| a man sitting on a subway ||| a man sitting on a subway looking at the camera ||| a man sitting on public transportation,1.846889302001557,0.6721597164869308,0.6363636363636364,0.5640760748177662,0.4733525286819944,0.403527863746399,0.8653846153846154,0.7058823529411764,0.7450365424156189,0.5725684900073806,0.7204309699489275,0.1478624799415469
3521201948_9049197f20.jpg,a man in a black and white dog is running through a grassy field,a dog race where all the dogs have mussels ||| five large dogs run through a fenced grass area while wearing muzzles ||| five large dogs with long tails play together on a grassy field with blue and red balls ||| five muzzled greyhounds are running in a grassy field ||| muzzled greyhound dogs running in a pack,0.4808776233097429,0.5689606443047523,0.5714285714285714,0.4193139346887672,0.2446991428610772,0.1074301457116313,0.4694736842105264,0.3478260869565217,0.4284611642360687,0.3048324763731546,0.45225631133626415,0.14742383496310957
171488318_fb26af58e2.jpg,a person is walking down a rock,a dog is walking along some dry cracked earth ||| a dog walking along a cracked and ashen surface ||| a dog walking on mud flats ||| a dog walks across the rocky ground ||| a dog walks through some mud,0.1932494109620547,0.5832511559128761,0.5714285714285714,0.3086066999241838,0.1239596188482187,0.0830701847441279,0.2904040404040404,0.375,0.2910628914833069,0.23536410277832975,0.38267984563044266,0.1473157428521129
3147913471_322ea231d9.jpg,a basketball player dribbles the ball,a basketball player gets ready for the shot ||| a basketball player is looking up and set to throw the ball ||| florida men s basketball player shooting basketball ||| the basketball player is holding a basketball getting ready to take a shot ||| the florida basketball player is preparing to shoot the ball,1.2270230180248851,0.6922663748264313,0.7054014374088451,0.5985529678206387,0.423240862445307,0.2150625425656631,0.4807692307692308,0.5714285714285715,0.5149050354957581,0.4535531697310967,0.6008617868223617,0.14730861709126497
2747640247_b54bfa6886.jpg,a man in a blue suit is jumping into the water,a girl is playing on a homemade swing that hangs from a tree over water ||| a girl is sitting on a crudely made swing above the water ||| a girl is swinging over waves on a rope swing ||| a girl swinging from a tree on a rope over crashing waves ||| a girl swings on a tree over breaking waves,0.0700437380972607,0.5964827537536621,0.4545454545454545,0.2132007163556104,0.0796363970529507,0.0501257871573906,0.3126050420168068,0.3478260869565217,0.1923434287309646,0.18784429622900775,0.3350384208037096,0.14719412457470185
2833560457_24aedf3bef.jpg,a brown dog is running in the grass,a beige and white dog is running quickly across the grass ||| a dog running in the grass ||| a dog running on grass ||| a lightcolored dog runs through the grass ||| the shorthaired dog is running across a grassy yard,2.001570478007786,0.8052058517932892,0.875,0.7905694150420949,0.6786044041487267,0.5,0.907258064516129,0.8571428571428571,0.8136206865310669,0.7199196719455999,0.8662388992105738,0.14631922726497393
406248253_27b5eba25a.jpg,a little girl in a red jacket is playing in the snow,a little girl in a green coat and a boy holding a red sled walk in the snow ||| child wearing a green bay coat carrying a red sled behind a child in a green and black coat ||| two children and walking through the snow carrying a sled ||| two small children in snow clothes are walking through the snow while one carries a red sled ||| two young kids walking towards the sidewalk out of the snow,0.6285828016367019,0.7345840334892273,0.75,0.6908492797077574,0.5758051389118684,0.4538407873007613,0.4945366822761458,0.6,0.5631260871887207,0.5166406583389289,0.6627868265023792,0.14614616816345027
265528702_8653eab9fa.jpg,a man in a red shirt and a backpack is standing on a rock,a man in sunglasses and a neatly trimmed beard overlooks a woody valley ||| a man posing with large grassy mountains off in the distance ||| a man wearing sunglasses stands before a forested landscape ||| a man with a beard and sunglasses is standing in front of treecovered hills ||| bearded man with sunglasses in the mountains,0.125450360574342,0.6430266052484512,0.5714285714285714,0.4193139346887672,0.2446991428610772,0.1074301457116313,0.3901611535199322,0.4444444444444445,0.3113513588905334,0.29605330216760356,0.441991673247053,0.14593837107944946
291952021_f111b0fb3d.jpg,a dog is standing on a bed,a brown and white dog carries a brown and white dish towel in his mouth ||| a brown and white dog with big brown eyes with a dishtowel in his mouth on a hardwood floor ||| a dog looking at the camera with a piece of cloth in its mouth ||| pink eyed boxer dog carrying a pillowcase ||| pitbull holding a plaid dish towel in its mouth,0.0415398803953304,0.6494202464818954,0.5714285714285714,0.4364357804719847,0.156179333123816,0.0987876547423074,0.1921470342522974,0.3076923076923077,0.1902688145637512,0.23025165430984584,0.375764459089358,0.14551280477951217
2934573544_7ffe92a2c9.jpg,a black dog is running in the grass,a black dog running on grass ||| a black dog with a stubby tale is running on a green lawn with houses in the background ||| a large black dog runs along the green grass ||| black and brown dog runs over grass houses in background ||| the black dog is running on the grass,2.064756563027574,0.7830598950386047,1.0,0.9258200997725514,0.7539474411291538,0.5410822690539396,0.7361111111111112,0.75,0.8655620217323303,0.7344190349193646,0.8792735936608145,0.14485455874144992
3169394115_2193158cee.jpg,a little boy is walking down a wooden bench,a dog stands on a bench in the snow ||| a dog stands on a bench while snow is falling ||| a jack russell terrier stands on a bench in the snow ||| a white and brown dog stands on a stone wall at night whilst snow is falling ||| the dog stands on something while the snow falls around him,0.4525261682930721,0.5766262859106064,0.4444444444444444,0.0745355992499929,0.0429743996463099,0.0339132609103075,0.202020202020202,0.3333333333333333,0.1536615639925003,0.15222820027874587,0.2965282708503456,0.14430007057159974
3629664676_36bcefe6b7.jpg,a dog is jumping in a grassy area,a black dog pulling a green rope ||| a black dog pulling on a green rope in the grass ||| a black dog tugs on a rope ||| a dog pulling a rope ||| the black dog is tugging at a green rope,0.1573798324999351,0.5625368282198906,0.625,0.4225771273642582,0.143842395666197,0.0878360261971396,0.4821802935010481,0.4615384615384615,0.4311659634113312,0.3050204377886314,0.44875867959988963,0.14373824181125822
492341908_1ef53be265.jpg,a man in a red shirt is riding a motorcycle on a motorcycle,two girls are riding a wheeler ||| two girls are sitting on an atv on the sand in front of a bridge ||| two girls riding an atv ||| two kids are posing on a black atv that is on top of sand ||| two young girls drive an atv,0.0694800899849339,0.5073502659797668,0.3561388764008908,0.2344393091820821,0.0773428736879039,0.0454949729642133,0.1492537313432835,0.2222222222222222,0.2083684802055359,0.13055151067349763,0.27384556562859985,0.14329405495510222
2254913901_569f568926.jpg,a man is sitting on a bench with a building,a louis vuitton store window at night ||| a woman looks at clothes in a louis vuitton store window ||| a woman widow shops outside of a louis vuitton store ||| the woman in black is looking at outfits in a clothing store window ||| woman on the street window shops in front of the store louis vuitton,0.0025894330317829,0.5423512309789658,0.4,0.0666666666666666,0.0381571414184444,0.0298474589600982,0.1,0.2,0.0953548178076744,0.09182204907413671,0.2350377087153618,0.1432156596412251
344841963_8b0fa9784c.jpg,a group of people are standing on a street,a woman wearing black a woman wearing white and a man wearing a grey suit sit on a green bench in front of dupar s restaurant ||| three people are sitting on a bus stop bench in between two tropical palm trees ||| three people on a bench in front of a restaurant ||| three people sit on a bench under palm trees ||| three people sitting on a bus stop bench,0.1881374613617947,0.5978060886263847,0.6666666666666666,0.408248290463863,0.1335314515048662,0.0793688092608621,0.3155006858710563,0.3529411764705882,0.3150329887866974,0.26521729033770514,0.40832676530444056,0.14310947496673543
3491607076_922ec561d9.jpg,a man in a red uniform is jumping to a crowd of a crowd,a man holds a trophy on the stage ||| a race car driver accepts his trophy ||| a racer holds up his trophy ||| the racing winner accepts his trophy ||| winning racer displaying his trophy and waving to the crowd,0.0523913009451269,0.4389922320842743,0.3571428571428572,0.165748386032949,0.0611747857152693,0.0379822922682767,0.1744186046511628,0.2727272727272727,0.2963607907295227,0.1285091459099139,0.27148874452085003,0.14297959861093612
944374205_fd3e69bfca.jpg,a group of people walking in front of a grassy field,a group of boys play soccer on the grass while another looks down from a rock ||| a group of young boys are playing soccer in front of a small hill ||| children play soccer in a field ||| eight boys playing soccer in the grass ||| similarly dressed children are playing soccer in a rocky field in front of a building,0.4603148478294147,0.6466654688119888,0.5536730085068172,0.4590814064410916,0.376765736661028,0.2670976496992394,0.504990317294801,0.56,0.4562140703201294,0.3877262522840202,0.5301704123095896,0.14244416002556942
2934022873_3fdd69aee4.jpg,a group of people are playing in the air,a group of downhill skateboards going down a hill ||| a man in a white helmet crouches while he skateboards ||| two downhill skateboarders round a curve while others watch ||| two skateboarders wearing helmets are going around a turn ||| two skateboarders wearing their helmets riding down a street,0.1754552294620135,0.6159105896949768,0.5555555555555556,0.372677996249965,0.2707217536049034,0.1348511185950368,0.2839506172839506,0.3333333333333333,0.2852193117141723,0.2627306373253359,0.40511841606069565,0.14238777873535974
3429465163_fb8ac7ce7f.jpg,a boy in a red shirt is walking down a swing,a child in a red and grey coat in front of a wooden shed ||| a child s shadow is shown behind him ||| a little boy in a thick jacket stands with his hand high over his head ||| the little boy in the red jacket is casting a shadow ||| this boy is waving around his arms outside,0.2299394768185226,0.6760140508413315,0.6363636363636364,0.4369314487526514,0.3487691251251089,0.1517508132551253,0.3381818181818182,0.4545454545454545,0.3127027153968811,0.3268890838133554,0.46892654535593903,0.14203746154258362
280706862_14c30d734a.jpg,a black dog is running in the snow,a black dog emerges from the water onto the sand holding a white object in its mouth ||| a black dog emerges from the water with a white ball in its mouth ||| a black dog on a beach carrying a ball in its mouth ||| a black dog walking out of the water with a white ball in his mouth ||| the black dog jumps out of the water with something in its mouth,0.4548424044094422,0.5396149680018425,0.3790816623203958,0.256305983839713,0.1879632734943416,0.0947382675421442,0.2776119402985075,0.4,0.3147602379322052,0.22027172669039202,0.3620556309198758,0.14178390422948378
2049051050_20359a434a.jpg,a woman in a red shirt is standing on the beach,a girl in a black jacket and hat is covered in a pink blanket ||| a woman derssed in a black sweater gloves hat and a scarf sits on the beach near a boulder ||| a woman in a black cap and outfit sits in the sand ||| a woman wearing a black hat sits on the sand with a rock behind her ||| the girl sitting by a rock is wearing a black coat black hat black gloves but is covered by a pink blanket,0.2916146396095584,0.6956470012664795,0.6640732482052818,0.550620449402368,0.4518913559317277,0.3203558799120807,0.314532406369141,0.4666666666666667,0.3867722749710083,0.3869407222060892,0.528095890821175,0.1411551686150858
3507076266_8b17993fbb.jpg,a horse horse in a red horse,a man in a brown jacket is leading a black shire horse ||| a man walking a large black horse ||| man in brown jacket leading black horse ||| man leads a black show horse as crowd observes ||| the man is walking with a draft horse,0.4143004151308885,0.6067843362689018,0.5714285714285714,0.3086066999241838,0.1239596188482187,0.0830701847441279,0.2142857142857143,0.4285714285714285,0.2557194828987121,0.2394676233418612,0.3805172605293411,0.1410496371874799
1287931016_fb015e2e10.jpg,a dog is running in the snow,a black and a white dog on the snow ||| a black dog and a white dog are standing on snow ||| two dogs one black and one white face the camera in a field of snow ||| two dogs standing in the snow ||| two dogs stand in the snow,1.471201291224082,0.6420648097991943,0.7142857142857143,0.4879500364742665,0.3624601243342975,0.1857505799913359,0.6147540983606558,0.6153846153846153,0.5849609375,0.4612948568927083,0.6023311433297649,0.14103628643705657
275516348_cbccebc125.jpg,a dog is running in the grass,a brown and white dog jumping on a sandy beach ||| a brown and white dog moving forward with two forelegs in the air and two hind legs on the ground ||| a dog takes off running on the sand ||| dog running on two legs ||| the white dog is running on the sand in front of fallen bushes,0.4881290918835334,0.6440911442041397,0.7430381997858699,0.6552980970848462,0.4206832755744671,0.2004199364416065,0.3995253164556961,0.5333333333333333,0.5149652361869812,0.42214873746481124,0.5627232677087832,0.14057453024397198
3054997030_797096dd12.jpg,a man in a blue shirt is holding a baseball bat,a boy in blue shorts with yellow stripes down the sides is leaping ||| a boy jumps behind a fence ||| a child jumping on the other side of a green fence ||| the boy is leaping into the air ||| young boy leaps from a platform at a fenced in playgroud,0.0209297156377368,0.5691047012805939,0.4545454545454545,0.0674199862463242,0.0369639411310129,0.0281878015762964,0.15625,0.3333333333333333,0.1179814040660858,0.12975230488859485,0.2695596667880231,0.13980736189942827
2125216241_5b265a2fbc.jpg,a group of people are sitting on a large large lake,a blue and white sailboat sits by a dock ||| a few people park their boat at a dock ||| three men stand atop a boat from seattle washington ||| three people are standing on the dock of a boat looking at something off camera ||| three people stand on a boat that is docked,0.1056039731654724,0.5249018967151642,0.5454545454545454,0.3302891295379082,0.1066224564261435,0.062389860721175,0.2777777777777777,0.3076923076923076,0.3147754371166229,0.21377052434511779,0.3504059692212068,0.13663544487608903
3095225232_2e6e6dc92e.jpg,a group of people are sitting on a bench,people are standing on an escalator moving up ||| people go up the escalator ||| people ride up an escalator ||| people travel up the elevator together ||| several people ride up an escalator,0.1833357428219272,0.5710306391119957,0.3333333333333333,0.2041241452319315,0.0841195432869987,0.0561222232430572,0.3155006858710563,0.3529411764705882,0.1862461119890213,0.17472977981425503,0.311280105109582,0.13655032529532696
2276120079_4f235470bc.jpg,a man in a red shirt is walking on a grassy road,a boy runs as others play on a homemade slip and slide ||| children in swimming clothes in a field ||| little kids are playing outside with a water hose and are sliding down a water slide ||| several children are playing outside with a wet tarp on the ground ||| several children playing on a homemade water slide,0.0122758106646095,0.5422013998031616,0.3333333333333333,0.2461829819586654,0.0846262997471468,0.0509411079633964,0.2232142857142857,0.25,0.1729126274585724,0.14434184208955428,0.2805850990850697,0.1362432569955154
3352199368_b35f25793e.jpg,a person in a red jacket is snowboarding in the snow,a hiker is walking up the mountain on a snowcovered road ||| a man in black carrying an orange backpack stands next to a red backpack that is laying in the snow ||| a man stands at dusk on an almostpristine snowy road lit only by headlights ||| a person stands in the snow at the edge of a mountain ||| a traveler on a snowy road,0.2083322446355173,0.6339283287525177,0.8181818181818182,0.5720775535473553,0.331300762471962,0.1460139432915947,0.3677192408376963,0.5161290322580645,0.4558340311050415,0.3839584569489238,0.5198537581633249,0.13589530121440113
989851184_9ef368e520.jpg,a woman in a red dress is carrying a red toy,a black dog has a dumbbell in his mouth ||| a black dog has a dumbbell in his mouth looking at the person wearing blue ||| a black dog holding a weight in its mouth stands next to a person ||| a black dog holds a small white dumbbell in its mouth ||| the black dog has a toy in its mouth and a person stands nearby,0.0900568770221539,0.5532462894916534,0.4545454545454545,0.0674199862463242,0.0369639411310129,0.0281878015762964,0.1630434782608695,0.2399999999999999,0.113040342926979,0.11850573058266968,0.2540841882903915,0.1355784577077218
1075881101_d55c46bece.jpg,a man in a blue shirt is being other in the water,a boy cleans the bubbles off his face ||| a boy covered in suds has his face wiped clean ||| a boy is covered in bubbles ||| a child covered in foam is climbing on a black inflatable ramp ||| a person covered in soapy water is getting cleaned off,0.0307136673019274,0.548212081193924,0.5,0.0674199862463242,0.0356882927751804,0.0266583768170288,0.2272727272727272,0.3333333333333333,0.1681839525699615,0.14735402856549815,0.28256370358397576,0.1352096750184776
1478294229_7e1c822fea.jpg,a man in a helmet rides a bike on a bike,a closeup of a bicycle rider s leg ||| a man in shorts on a black bicycle ||| a man wearing white socks is pedaling a bicycle ||| a man wears white socks with beat up brown shoes on a black bicycle ||| closeup of man s legs on a bicycle peddal,0.0850910279856426,0.6346412748098373,0.4545454545454545,0.3692744729379982,0.2474488015799764,0.11731175160264,0.5373493975903614,0.5263157894736842,0.3226854503154754,0.3068391482333486,0.4420206770505333,0.13518152881718465
3504881781_6a842e043b.jpg,a man in a black shirt is sitting on a camera,a group of men are changing the shells on a cannon ||| group of men loading a cannon ||| several men loading a metal cannon ||| several people work on a machine ||| some men try to load what looks like a cannon,0.0105877655921108,0.4860861599445343,0.2727272727272727,0.1651445647689541,0.0671679386213985,0.044116293593227,0.2884615384615385,0.2727272727272727,0.2278351634740829,0.13339934425087152,0.26845792927157597,0.13505858502070445
3600403707_527aa0596e.jpg,a man is sitting on a bench in a park,a garden shop is being perused by shoppers with a sitting shop owner waving ||| a man waves to the camera from inside a greenhouse section of a farm products store ||| a man wearing a grey shirt waving in the middle of a plant nursery ||| people browse for herbs at a greenhouse ||| racks of plants at the farm products store,0.0407860801147866,0.3750320523977279,0.7,0.2788866755113585,0.0990653658793855,0.0610473583580784,0.2735294117647059,0.4166666666666666,0.1050595790147781,0.24261151364640332,0.10816846833235082,-0.1344430453140525
3639684919_cb6fbf5638.jpg,a woman in a formal dress is talking in a wedding party,a bride in a white dress is holding a purple bouquet whilst standing next to her groom ||| a couple pose on their wedding day ||| a man and woman in a dark suit and formal white dress smile for a picture ||| a wedding photo of a bride with purple flowers and her groom ||| a young couple in wedding outfits poses for a picture,0.6051962460497602,0.6366570293903351,0.75,0.5222329678670936,0.3010067189543958,0.1319384917132592,0.2584175084175084,0.5,0.3954372704029083,0.3540623700525759,0.48645430215622254,0.13239193210364664
3356494271_6103d0b556.jpg,a black and white dog is running in the grass,a man and a woman watch two dogs ||| one huge dog and one little dog are on a path with a tall man and shorter woman ||| two dogs and two people in the woods ||| two dogs are on a trail in the woods while two people are looking at them from behind ||| two women with their dogs on a forest path,0.0428686112397355,0.5116810649633408,0.5,0.2357022603955158,0.0885548807652176,0.0561222232430572,0.3849085365853658,0.3333333333333332,0.3149705827236175,0.20795737116204102,0.3400447080571806,0.1320873368951396
2456907314_49bc4591c4.jpg,a man in a blue shirt and jeans is standing on a bridge,a man is docking a boat ||| a man is using a long pole to push two boats apart ||| a man on a boat is using a large stick to push another boat away ||| a man on a fishing boat pushing a wooden pole into the water ||| a man standing on a boat is pulling another boat close by with a bamboo stick,0.1146467573749084,0.6122422218322754,0.5384615384615384,0.3668996928526714,0.2304450251853144,0.1051781439830431,0.3646171844533991,0.4210526315789473,0.2877612113952636,0.273214430257735,0.4037082811103757,0.1304938508526407
214543992_ce6c0d9f9b.jpg,a black and white dog jumps to catch a ball,a black and white dog is playing with a ball on a lawn ||| a black and white dog jumps up as a ball is thrown over his head ||| dog jumping looking up and small white ball in air passed by ||| the black and white dog is attempting to catch a ball in the garden ||| the dog jumps up waiting to catch something being thrown,1.8224841818867568,0.8436991274356842,1.0,0.9428090415820634,0.8735804647362989,0.785629301801026,0.5836397058823528,0.6666666666666666,0.7769554853439331,0.7449850354236184,0.8751523936587045,0.13016735823508607
3124549928_10904a5a83.jpg,a woman in a red jacket is standing in front of a snow,a boy in a brown jacket holds a large chunk of snow ||| a boy wearing blue mittens gets ready to throw snow ||| a child preparing to throw a snowball ||| a young boy grins as he holds up a clump of snow ||| a young boy in a brown jacket playing with snow,0.506594949729601,0.526595339179039,0.5384615384615384,0.2118296364340808,0.074164075183866,0.0449412542808265,0.2892561983471075,0.48,0.3290585875511169,0.23034591938018556,0.36015778329743464,0.12981186391724908
3424927725_c4d1fcfac3.jpg,a man in a red shirt is riding a rock in the water,a man in yellow sits on a rock ledge overlooking a forest ||| a person in a yellow raincoat is sitting on the edge of a rock looking down ||| a person in a yellow raincoat seating on a cliff ||| a person is sitting on the edge of a rock cliff ||| a person sitting on the edge of a rock outcropping looking down,0.690548159367998,0.6675371527671814,0.6153846153846154,0.4529108136578383,0.2651821159361019,0.1168579258757333,0.4563492063492063,0.4137931034482758,0.3184458911418915,0.3358907717306144,0.46559105435607806,0.12970028262546368
541046380_513e295384.jpg,a little girl in a colorful shirt is playing with a colorful toy,an exited girl in a bright pink shirt is observed by another girl in a light pink shirt ||| two children in pink shirts in front of a store with a bear on the sign and on the window ||| two girls are standing outside of buildabear ||| two little girls in front of the build a bear workshop ||| two young girls play together in a mall,0.1012602877951101,0.6189267709851265,0.6153846153846154,0.4529108136578383,0.2651821159361019,0.1168579258757333,0.3348214285714286,0.3870967741935484,0.3115835189819336,0.29367187447129944,0.4230317043962558,0.12935982992495637
3638631362_af29bbff01.jpg,a man in a red shirt is riding a large mountain,a man holding up a big yellow tent ||| a man holding up a yellow tent ||| a man holds a tent on a mountain campsite ||| a person is picking up a yellow tent by his or herself in the great outdoors ||| the man holds his tent up over his head,0.170840245232493,0.6058739125728607,0.6363636363636364,0.2522624895547565,0.0890883567703394,0.0545246911963086,0.4043478260869566,0.5,0.2782257199287414,0.264022933647248,0.39304753744195675,0.12902460379470876
2855910826_d075845288.jpg,a man in a red uniform is jumping to catch a ball,a football player in a blue and yellow uniform is tackling another player in a white and gold uniform ||| players on a football team scuffle in an attempt to get the ball ||| two football players are tackling an opposing football player with a referee nearby ||| two football players are tackling a third while a referee watches ||| two football players tackle another football player,0.1508858233727326,0.6211060658097267,0.6666666666666666,0.3481553119113956,0.1066224564261435,0.0605795280361928,0.2883720930232559,0.3870967741935484,0.2322235852479934,0.24991451528598788,0.37803136486733824,0.12811684958135036
3661659196_6ed90f96c0.jpg,a man in a black shirt and a black shirt and a black shirt and a black shirt and a black shirt and a woman walking on the sidewalk,a girl in a green sweatshirt sitting down and a girl in a dress leaning on blue lockers ||| a girl is on a stool while another girl is reading and leaning on some lockers ||| two girls are in a school hallway ||| two teenage girls conversing next to lockers ||| two teenage girls hang out in a school hallway by blue lockers,0.0012690872783982,0.4616778343915939,0.2413793103448276,0.1313064328597225,0.0399701778566623,0.0222617203859385,0.1832460732984293,0.2978723404255319,0.1986517459154129,0.10430614419021585,0.23193359077926157,0.12762744658904573
3136688093_568b053bdf.jpg,a group of people are sitting in front of a fire,a man stands onstage with a fireworks going off beside of him ||| a performer on a concert stage ||| a person onstage with a light show in pink and blue ||| fireworks light up the night as a man stands onstage ||| person standing onstage with fireworks shooting behind them,0.0037199433602544,0.5013995617628098,0.3636363636363636,0.0603022689155527,0.0343142832800059,0.0266583768170288,0.1538461538461538,0.2352941176470588,0.1337724775075912,0.09814680023911884,0.22520803699438652,0.12706123675526768
2921112724_5cb85d7413.jpg,a man in a red helmet is riding a motorcycle on a motorcycle,a man riding a three wheeled vehicle topples over ||| a person on a tricycle ||| i man is riding a wheeled pedal bike and is airborne ||| person in a driving on wheels ||| someone is riding a threewheeled vehicle throught a sandy playground,0.2232772594636059,0.6597962230443954,0.5384615384615384,0.4736654667156709,0.2732227890448963,0.1195054441226406,0.4406130268199234,0.3636363636363637,0.2666670083999634,0.30309032894509336,0.42896969745609614,0.1258793685110028
490390951_87395fcb1c.jpg,a boy in a blue shirt is holding a skateboard on a park,a closeup of grey and white shoes on the shore near the beach water ||| a person wearing grey converse shoes took a picture of the water barely touching their shoes ||| a person wearing grey tennis shoes is standing right where the waves stop on the sand ||| a shot of shoes in water ||| the person wearing tennis shoes is standing on the sand,0.0079774539005187,0.5094041675329208,0.3561388764008908,0.0524222231929226,0.0284933582861603,0.0215132444663655,0.1492537313432835,0.2105263157894736,0.1067526936531066,0.0898712314983662,0.2156415961768691,0.1257703646785029
339658315_fbb178c252.jpg,a man is sitting on a bench with a man in a blue shirt,two ladies next to a stroller inside a building ||| two woman stand near a stroller in a dark building ||| two women with a baby carriage in a building next to a table and chairs ||| two women with a baby stroller in a fancy restaurant ||| two women with strollers standing next to a table and chair,0.0202166219109294,0.5454057082533836,0.3325224213228653,0.2182444817914707,0.071762036399353,0.0420549998517503,0.3605769230769231,0.3333333333333333,0.1958002150058746,0.17124258958218222,0.2966004218531447,0.1253578322709625
1785138090_76a56aaabc.jpg,a man in a red shirt is standing on a bench,a female walking wearing a string bikini towards a man in a striped shirt ||| a woman in a skimpy bathing suit walks away ||| a woman in a swimsuit walks along the street next to three trees ||| a woman wearing a skimpy bathing suit is walking with a towel in a parking lot ||| three big trees and the back side of a girl in bikini,0.0992947195342256,0.4595936834812164,0.5810640921796215,0.3989624188222926,0.318461337968875,0.2464051103353782,0.3112327656123276,0.4,0.1155188828706741,0.305332531517634,0.1813334000124917,-0.1239991315051423
1937262236_cbf5bfa101.jpg,a dog is running in the grass,the dogs fight over the red and pink ball ||| two dogs both pull on the same orange ball while playing in the sand ||| two dogs fighting over a pink and red toy ||| two dogs play tug of war with a ball ||| two dogs tug on a pink and orange ball from opposite ends,0.0045424297939435,0.5041145533323288,0.3220616970322653,0.2008407546162877,0.0846349708527539,0.0580933410828325,0.281954887218045,0.2857142857142857,0.2146602869033813,0.15137469233726644,0.2749862149086008,0.12361152257133437
516214924_c2a4364cb3.jpg,a dog with a blue collar is laying on a toy,a brown dog chews on an orange ball ||| a dog bites a big orange ball ||| a dog has an orange ball in its mouth ||| a dog playing with a ball ||| the brown dog has an orange ball in its mouth,0.1418046647879832,0.6026299297809601,0.4545454545454545,0.3015113445777636,0.1003355729847986,0.059609942732681,0.3846153846153846,0.4705882352941177,0.2282987684011459,0.23747971410791519,0.3610799720926966,0.12360025798478141
3547499166_67fb4af4ea.jpg,a girl in a pink dress is standing in a park,the three people are dancing on a wood floor in kitchen clothing ||| three dancers dancing in housekeeping clothes ||| three people dance together to prepare for a show ||| two girls and a boy perform a dance ||| two girls dressed like waitresses dance along with a man dressed as a chef,0.000376545308025,0.490465797483921,0.2490274680769806,0.0476851297025655,0.028467371580196,0.0226525815078815,0.180722891566265,0.32,0.1361709982156753,0.09480421318038317,0.21795639342193715,0.12315218024155399
414773731_c3f5bf43d5.jpg,a dog is running in the sand,a black dog is running in snow ||| a brown and black dog running through snowcovered ground ||| a dog is standing in the snow watching the camera ||| a dog running on snow and ice ||| a dog with black and brown fur runs in the snow,1.1309087368716733,0.6862057745456696,0.8571428571428571,0.8451542547285166,0.7539474411291538,0.5721248424548514,0.6914285714285714,0.7142857142857143,0.4183231294155121,0.6622851689359359,0.5391918547240668,-0.12309331421186909
3381788544_2c50e139dd.jpg,a man in a red shirt and a black shirt is smiling,a group of asian girls are standing together ||| a group of asian women in sports attire and one woman in the center is wearing a baseball cap ||| four teenagers in dark clothes looking in various directions ||| there are several asian people one wearing a baseball cap ||| two girls laugh while other girls look on,0.0020957353267302,0.4554560407996177,0.4166666666666667,0.0615457454896663,0.0335839693106992,0.0254705539816982,0.1366120218579235,0.2580645161290323,0.2026727646589279,0.10693650908943343,0.22937103270521778,0.12243452361578434
2497074804_b4f3e7fd90.jpg,a man in a red shirt is walking down a road,a man in a white tshirt is standing outside on a busy street ||| a man stands on a busy street with buildings and shops in the background ||| a picture of a young man in front of some interesting buildings ||| man poses on street corner ||| man with white shirt and green shorts poses for a picture,0.198887140931772,0.6219048798084259,0.6363636363636364,0.4369314487526514,0.3487691251251089,0.269855346668251,0.4394531249999999,0.4999999999999999,0.415935218334198,0.3653558385304815,0.48683393794876995,0.12147809941828847
1346051107_9cdc14e070.jpg,a man in a red shirt is sitting on a bench with a red cart,a man is playing a saxophone next to a fire hydrant ||| a man plays saxophone next to a yellow fire hydrant ||| a man stands by a wall playing a saxophone ||| man playing musical instrument standing beside a yellow and red fire hydrant ||| the man is standing next to a fire hydrant and playing a saxophone,0.0497876913125941,0.5450200289487839,0.4,0.1690308509457033,0.0603479980702305,0.0367876324992777,0.219298245614035,0.3846153846153846,0.1684354543685913,0.15938496688260434,0.28018241168821134,0.120797444805607
3182258223_5b9c8a8c55.jpg,a group of people are playing in a table,a woman in shadow looks at the camera while the one in the sun looks at a book ||| girl stands reading a notebook ||| two girls stand up against a red wall ||| two young girls with headscarves stand near a door while one reads a book ||| two young women wearing black head scarves and colorful skirts stand near a red door,0.0001588472768961,0.507165789604187,0.3333333333333333,0.0645497224367902,0.039044833280954,0.0315598453911294,0.0925925925925926,0.2222222222222222,0.0913722068071365,0.08408290377523493,0.2048118634443021,0.12072895966906717
3545586120_283d728a97.jpg,a man in a white shirt is holding a guitar,the taller man is trying to block the shorter man ||| two boxers fiercely attacking each other ||| two boxers with white gloves are fighting ||| two men wearing white boxing gloves are in a ring ||| two men with white gloves box in a dimly lit boxing rink,0.064995389723512,0.5086708068847656,0.5,0.2357022603955158,0.0885548807652176,0.0561222232430572,0.15,0.2,0.2043677568435669,0.1520969934614417,0.27253632990685694,0.12043933644541524
532457586_bddfc5251d.jpg,a man in a brown shirt is sitting on a bench,a shirtless man with a brown and white dog looking at a woman in jeans and a bikini top who is relaxing on a bench ||| a shirtless man with a dog next to him talking to a shirtless girl slouching on a bench ||| a woman in a bikini top is on the bench and a man with no shirt is talking to her ||| a woman is sitting on a bench while talking to a shirtless man ||| a woman with a hat is sitting on a skateboard which is on top of a bench and speaking with a shirtless man,0.724503576526498,0.7253529131412506,0.8337529180751805,0.7457312805019667,0.5366530611903694,0.4236571615434708,0.4931640625000001,0.4999999999999999,0.527916431427002,0.5146113273334977,0.634740622764095,0.12012929543059736
2564663851_3a9832e4fc.jpg,a man in a red shirt is standing on a sidewalk,a little boy playing in a water spout ||| a little boy plays outdoors in water spurting up from an inground fountain ||| a small boy plays in the sprinkler ||| a young boy plays in the fountains shooting up from the ground ||| boy plays in outdoor water sprays,0.0042412015619642,0.5062355846166611,0.2490274680769806,0.1507936203806544,0.061331092866402,0.0402826192796942,0.180722891566265,0.3157894736842105,0.1443956792354583,0.11645829090369933,0.23529504459083322,0.1188367536871339
3323661814_1e8e1ae88c.jpg,a little girl in a pink shirt is walking down a sidewalk,a group of young ballerinas are in a dance studio ||| a little girl jumps in ballet in class as two others look on ||| three little girls dressed in white pink and black are at a dance class ||| three young girls learn ballet ||| young girls are practicing dance,0.1911552858414709,0.5187420547008514,0.4600222073146616,0.3397489162917924,0.2198070669293111,0.1020758039907318,0.2695652173913043,0.3846153846153846,0.3332487344741821,0.23783488105084868,0.35640201764736934,0.11856713659652066
3422394336_e465f60b7c.jpg,a dog is running in the woods,a beaver on the shore of a stream ||| a brown furry animal stands behind some plants ||| a dog hides in the bushes ||| a dog hides in the tall grasses along a rocky shore ||| a dog makes it way through tall weeds,0.1253558339924604,0.6257849186658859,0.5714285714285714,0.4364357804719847,0.156179333123816,0.0987876547423074,0.6147540983606558,0.6153846153846153,0.3701325953006744,0.345435895103194,0.46293984319450593,0.11750394809131193
394136487_4fc531b33a.jpg,a man in a red shirt is riding a wheelie on a motorcycle,a firefighter preparing to put a car fire out ||| a firefighter responding to a car fire ||| a fireman pulling out a firehose next to a blue car engulfed in flames ||| the firefighter has a hose ready to tackle a car fire ||| the fireman is pulling the hose to a car fire,0.0007598334988926,0.5057112127542496,0.3561388764008908,0.0524222231929226,0.0284933582861603,0.0215132444663655,0.1438848920863309,0.2222222222222222,0.0979906693100929,0.09064051225049698,0.20755621676530403,0.11691570451480705
379006645_b9a2886b51.jpg,a dog is digging on a blue toy,a black and brown dog is running between two cement barriers with snow ||| a dog runs down the cold aisle ||| black and tan small dog walking with perked ears ||| the black and brown dog walks toward the camera in an enclosed snowy area ||| the brown and black dog is running through a snowy street,0.0941895317642995,0.6004397943615913,0.375,0.3273268353539885,0.1213213751601293,0.0773055175693945,0.2388369678089304,0.3157894736842105,0.1320092231035232,0.18681547420520306,0.30264913165124463,0.11583365744604157
750196276_c3258c6f1b.jpg,a man in a blue shirt is walking on a bench,a boy runs near some steps ||| a little boy is running on some concrete steps ||| a young boy in a green shirt and green sweat pants running on a concrete floor ||| a young boy runs down a cement stairway ||| the small boy is running and smiling,0.0359678534105383,0.5980322510004044,0.6363636363636364,0.3567530340063378,0.1122442959954951,0.0648411507139764,0.3297491039426523,0.4444444444444444,0.2574102282524109,0.25944897572235026,0.3745776366060558,0.11512866088370555
263233914_d25004e4cd.jpg,a young girl in a pink shirt is standing in the water,a girl with dreadlocks standing in a pool ||| a little girl in a pink bathing suit laughs by a pool ||| a small black girl in a bathing suit ||| a young girl in a pool ||| young africanamerican girl in a red bathing suit at the edge of the pool,0.9357404509208488,0.7637455314397812,0.6666666666666666,0.6030226891555271,0.5259071788658591,0.4692470064105599,0.6757575757575759,0.5555555555555556,0.4720200300216675,0.5172243191021157,0.6322510064864635,0.11502668738434774
2629346153_155ba73ae9.jpg,a man in a red shirt is riding a horse in the water,a brown and black attack dog being trained by a man holding a stick ||| a dog attacking a man wearing protective gear ||| a german shepherd bites the arm of a man who has on protective gear ||| a man trains an attack dog ||| the attack dog is biting the cloth the officer with the police baton is holding on to,0.0469589589706615,0.53660798817873,0.4273666516810689,0.181595908031715,0.0652335060966853,0.0400406596709022,0.1798561151079136,0.2222222222222222,0.1274836808443069,0.13504917257477098,0.24940428040803267,0.1143551078332617
2081446176_f97dc76951.jpg,a woman in a red hat and a black hat and a woman wearing a red hat and a black hat and a woman in a red shirt and a black hat,a guy with a scarf and woven toboggan ||| a man in black and white cap and scarf ||| a man wearing a scarf and knitted hat is smiling ||| a person wearing a hat and scarf looks to the right ||| the man has a poof on top of his woolen hat,0.0002308525442736,0.4335277900099754,0.25,0.1270001270001905,0.0377423570299931,0.0207501989236292,0.2212389380530973,0.2439024390243902,0.2072003930807113,0.10177137852585375,0.21466099873191752,0.11288962020606377
2312984882_bec7849e09.jpg,a group of people are sitting on a bench,a drummer and three saxophones players outside a storefront ||| a small band of guys are playing their saxophones and one man is playing the drums with buckets ||| four people play instruments on the sidewalk ||| three guys play saxophone while another drums on buckets ||| three men play saxophones while one man play makeshift drum on a corner,0.0442729950693546,0.5402844026684761,0.6666666666666666,0.2886751345948128,0.1059839832948326,0.0667409471904148,0.1488095238095238,0.25,0.223250612616539,0.19590562161538236,0.3087051303189684,0.11279950870358604
3433470650_a8b1c27173.jpg,a man in a red shirt is standing in front of a building,a group of men walk along a road divided with yellow ropes ||| a group of men walk on a street with yellow ribbon in front of a white and red building ||| a group of middle eastern men are walking down a street in front of a building ||| man in maroon turban standing in road while people walk past ||| many people are walking down a road in both directions some are wearing turbans,0.5486291384663762,0.4536318406462669,0.8461538461538461,0.6504436355879909,0.4868359440837191,0.3897574951973983,0.4283114519693227,0.4827586206896552,0.4261034429073334,0.47225158172018367,0.35948174786803977,-0.1127698338521439
3383037991_8f07784b81.jpg,a brown dog is digging a toy in the snow,a brown dog sits on a couch ||| a dog looks content sitting on a bed after ripping up some paper ||| a very large dog laying on a bed with pieces of paper all around him ||| the dog is lying on a bed with torn paper nearby and a person watching nearby ||| the large brown dog sat on the bed surronded by wrapping paper,0.1546283877956896,0.4486817866563797,0.4912384518467891,0.3661475238303925,0.2393983244820397,0.112551579941683,0.5136986301369862,0.4705882352941176,0.1404584199190139,0.3000874664517063,0.18737125726138087,-0.11271620919032543
2887798667_ce761d45e8.jpg,a man in a red shirt is jumping off a ramp,a guy doing a wallride on his bike ||| a person in a hooded sweatshirt is doing a bicycle trick off of a wall ||| a person in grey is riding a bike on a brick wall ||| a young person riding a bike on the side of a brick wall ||| a youth on a bicycle wearing a white sweater riding along a wall,0.0506257284031027,0.5972477421164513,0.4980549361539613,0.2132543830616615,0.0772723349154372,0.0479043774583581,0.2100840336134454,0.4615384615384615,0.1448607146739959,0.19526187871477277,0.30768672640482747,0.1124248476900547
2447289477_e888df561d.jpg,a woman in a pink shirt is sitting on a bed,a woman in jeans rests on a bench in a gallery or shop setting ||| a woman wearing a blue shirt sits on a white bench ||| the lady in the aqua shirt and blue jeans is sitting on a white bench ||| the woman in the blue shirt sits on a bench in a museum as others pass her by ||| woman sitting alone with drink on a bench as people walk by,0.4327829203240295,0.6287114322185516,0.8181818181818182,0.7006490497453707,0.5469655075928688,0.3781790427652474,0.5769944341372912,0.6363636363636364,0.2816362977027893,0.5250700046744055,0.41315209819859133,-0.11191790647581412
3503471307_464a8f588c.jpg,a man in a red shirt is riding a bicycle on a bike,a boy is doing a jumping stunt on a bicycle in a run down street ||| a boy is in the air on his bike ||| a boy performs a onehanded trick on his bicycle by a rundown building ||| a young man is pulling tricks on his bike in front of a warehouse ||| the boy does a jumps his bike into the air,0.5591757033795213,0.6002403050661087,0.7692307692307693,0.4385290096535146,0.1204669709295727,0.0646622768701772,0.3594805743243243,0.3703703703703704,0.3225850164890289,0.30281682813705346,0.4147022755010287,0.11188544736397527
2814406547_a237ef0122.jpg,a woman in a red shirt is riding a red cart,a man in a colorful outfit stands over a trashcan outdoors ||| a man in a robe leaning against a trashcan and watching pedestrians ||| a man wears a floral bathroom as he stands over a trashcan ||| a person wearing clothes with a floral pattern leans on a trashcan cage ||| person wearing a flowered robe holding a cup of coffee leaning on trashcan,0.0033862344974164,0.5819455161690712,0.3636363636363636,0.1906925178491184,0.0739278822620259,0.0474060425987813,0.2869318181818182,0.3636363636363636,0.112198069691658,0.1659941864838051,0.2763294721127446,0.11033528562893952
241346215_037e18403a.jpg,a man in a red shirt is standing on a sidewalk,a horse mascot gives high fives to some football fans ||| a horse mascot stands in front of several kids ||| a mascot at a sporting event waves to the crowd ||| a team mascot raising its hands toward people ||| oklahoma horse mascot in a sea of red fans,0.0237827060508,0.491289272904396,0.3636363636363636,0.1906925178491184,0.0739278822620259,0.0474060425987813,0.1630434782608695,0.3,0.1862415522336959,0.1378668252451331,0.24809050641237146,0.11022368116723835
3690431163_1d81e19549.jpg,a man in a black shirt is wearing a black shirt and a crowd,a cop is standing next to a person dressed like a clown ||| a female police officer stands next to a woman dressed as the joker in batman ||| a man with face makeup and a red piece of fabric hanging from her mouth is being escorted by a police officer ||| a policewoman standing next to a person wearing bright red glasses ||| policewoman with person streaked with colors and with red cloth in mouth,0.0217893197030021,0.5108729004859924,0.5320358741165845,0.2760598596896769,0.0839333869447942,0.0472985286950264,0.1639344262295082,0.3076923076923076,0.2277717143297195,0.17834531043607885,0.288061538586203,0.10971622815012413
494329594_6e751372a0.jpg,a woman in a blue shirt is jumping into a pool,a black woman in a pink bikini is sitting on a towel on a lounge chair ||| a girl with hot pink toe nails and bathing suit is laying on a hot pink towel ||| a woman in a pink bikini is laying on a deck lounge chair that is covered with a pink towel ||| there is a very oiled darker woman on a pink towel lounging on a lawn chair next to her flip flops and suntan lotion ||| woman in pink is suntanning,0.11883990041912,0.6404068320989609,0.3462198648765173,0.2567635238099693,0.2102886595636381,0.1648115892049806,0.4563492063492063,0.4444444444444444,0.1773993521928787,0.2516788091018291,0.3610446934986346,0.1093658843968055
3150315970_8f045c41a4.jpg,a group of people are playing in a park,a couple leaning over a concrete railing inside of a building ||| a man and a woman are looking at each other while standing on an elaborate indoor balcony ||| a man and a woman looking over a balcony at an elegant building ||| a man and woman are gazing at each other on a balcony inside a building ||| a man and woman stand at a balcony looking at each other,0.0189585280018473,0.4990162700414657,0.3558832901852479,0.0596834421682873,0.0344112091646952,0.0271556164657597,0.1388888888888888,0.3,0.1179537996649742,0.10530288862773583,0.21400546753596122,0.10870257890822539
429270993_294ba8e64c.jpg,a man in a red jacket and a red hat and a red hat and a red hat and a man in a red jacket and a red hat,a man in camouflage pants and a backwards cap carrying a toolbox and a backpack ||| a man wearing urban combat pants is walking down the street carrying a toolbox ||| man carrying a tool box on a sidewalk ||| man is carrying a tool box down the sidewalk ||| young man in camo pants carries a large metal box walks along the sidewalk,0.0019610665689675,0.5484548211097717,0.2758620689655172,0.198516666794186,0.1134340387042195,0.0486759245479813,0.467479674796748,0.3636363636363636,0.1902733892202377,0.18718958991106086,0.2957623327677046,0.10857274285664373
2115849046_2aa9fa8d13.jpg,a brown dog is running through the water,a brown dog running on shore with a boat in the background ||| a brown dog runs near the water ||| a dog is running on the grass beside a boat on the river ||| a large orange dog runs through the grass by the water where a large boat is sailing in the background ||| the dog is running in the grass next to the water,1.1194136078004562,0.6932970881462097,1.0,0.9258200997725514,0.6586337560083495,0.274941620352113,0.7922535211267605,0.7999999999999999,0.8106285333633423,0.6674483952128252,0.7758008151375937,0.10835241992476852
2180356743_b3a3c9a7f6.jpg,a boy in a blue shirt and jeans is sitting on a playground,a boy standing and watching a group of people on a basketball court ||| a boy standing in the foreground looking out over other people in a court ||| a boy stands overlooking a schoolyard where other children play ||| a boy watches his classmates play in a courtyard looking from above ||| a little boy is standing above a structure and watching the other boys play a game,0.1785774886155847,0.5633652955293655,0.6153846153846154,0.3922322702763681,0.111831629417172,0.0611538057690102,0.3931623931623932,0.3846153846153846,0.301483154296875,0.26586906681586087,0.37305778716551374,0.10718872034965288
3072782873_3278f3b3a7.jpg,a man in a red shirt and a blue shirt and a blue shirt and a black shirt and a black shirt and a black shirt,a man and a woman are kissing in a crowded street ||| a man and woman kiss in the street ||| couple kissing in the middle of a street ||| man and woman kissing on a public street ||| two people are kissing with old buildings on either side of them and people walking up in the background,0.0013333417199747,0.4952364414930343,0.2307692307692307,0.1664100588675687,0.0486835944083719,0.026613685332453,0.2399999999999999,0.2702702702702702,0.1352337300777435,0.11399798738644228,0.2211847786571963,0.10718679127075402
535309053_ec737abde8.jpg,a group of people sit in a camel in front of a camel,a campsite has been established amidst the trees and bushes ||| a campsite with tents and picnic tables ||| a group of people camp in tents near some trees ||| a woman at a campground ||| people are camping in a group,0.1366847724191668,0.4310081154108047,0.4615384615384615,0.3922322702763681,0.3035577449824848,0.2299751911289444,0.2985074626865671,0.4347826086956522,0.1509124785661697,0.28653384265587817,0.17952203247659718,-0.10701181017928099
3351586010_7ffaa90ea8.jpg,a boy in a red shirt is running on a road,a boy is rollerblading in a skate park ||| a young boy is rollerblading across a wide open space ||| a young boy rollerblading in a cement skate park ||| a young inline skater balances with outstretched arms as he skates over the pavement ||| a young inline skater takes a spin in the skate park,0.1238172932930328,0.5428276211023331,0.4545454545454545,0.3015113445777636,0.1003355729847986,0.059609942732681,0.3012048192771084,0.4210526315789474,0.2432601451873779,0.21644564174546824,0.3225020048929136,0.10605636314744535
3334537556_a2cf4e9b9a.jpg,a man in a red jacket is walking down a snowy hill,a group of people on skis with two dogs ||| a man dressed in a horned hat poses for a picture on skis with three other people and a dog ||| four people holding each others shoulders with a brown dog in front of them standing on snow ||| people dressed in costumes are on skis ||| people some dressed in costumes and dogs on a snowy mountain,0.1331033634655646,0.5084946751594543,0.5,0.3692744729379982,0.1108918233930388,0.062389860721175,0.2302302302302302,0.3125,0.2738717198371887,0.20758259638930304,0.31332076675737347,0.10573817036807043
3172384527_b107385a20.jpg,a group of people in a busy street,a large group of asian people are eating at a restaurant ||| diners sit at tables in a crowded restaurant lit in blue ||| many people are eating in a crowded restaurant ||| many people sitting at many tables ||| various people are eating at red tables in a crowded restaurant with purple lights,0.1721187800138597,0.5781381949782372,0.75,0.4629100498862757,0.1528553543664399,0.0919322715224918,0.3476635514018691,0.5263157894736842,0.373359739780426,0.3217374788380957,0.4270848117047217,0.10534733286662595
2603125422_659391f961.jpg,a man in a red shirt is standing on a skateboard with a shopping cart,a car is parked in a graffiti filled street ||| a graffiti defaced wall serves as the gathering of a few people nearby a car ||| four people huddle against a wall ||| some adults stand by a wall covered in art graffiti at night ||| two people talk to a street person in front of wall of graffiti,0.001598303184273,0.5003834888339043,0.3333333333333333,0.1543033499620918,0.0567896404549297,0.035148478313698,0.2083333333333333,0.25,0.1388534009456634,0.12215058509504739,0.22739455547914775,0.10524397038410035
3143991972_7193381aeb.jpg,a man in a blue shirt is standing on a bench,a woman and a baby waiting with luggage ||| a woman monitoring a baby as it plays with nearby luggage ||| near seats woman has spread out green blanket to sit on floor with baby ||| woman and baby sitting on floor in waiting room ||| woman and baby waiting at an airport,0.0043128660344129,0.4878715425729751,0.3636363636363636,0.0603022689155527,0.0343142832800059,0.0266583768170288,0.1204819277108433,0.2105263157894737,0.099637433886528,0.08921796239916388,0.19438971111879316,0.10517174871962928
1479513774_70c94cf9d3.jpg,a man in a red shirt is sitting on a bench,a girl wearing a green jacket is standing at a stop light ||| a longhaired woman in a green coat is standing and pushing a crosswalk signal button ||| a woman in a green jacket is pushing the button to cross the street ||| a woman in a green jacket is waiting to cross the street at a light ||| a woman in a green jacket presses the do not walk button so she can cross the road,0.0111594909528672,0.5903521552681923,0.415045780128301,0.1946737268161993,0.0727160511911879,0.0457698921576256,0.2547945205479452,0.3846153846153846,0.1022933349013328,0.17256373616823953,0.27715895987714245,0.10459522370890292
1093737381_b313cd49ff.jpg,a little boy in a red shirt is walking down a bench,a woman in a blue dress stands with a chalk portrait of two children playing by a stream ||| a woman standing in front of a chalk drawing ||| a woman stands next to a chalk drawing in front of a barnlike structure ||| a woman stands outside near an elaborate chalk illustration ||| a woman wearing a blue dress is drawing a picture of a boy and a girl on the sidewalk with sidewalk chalk,0.0071721105741965,0.5176994204521179,0.423240862445307,0.1804705101286116,0.0650843681111289,0.0401283487092543,0.1612903225806451,0.2857142857142857,0.1433991491794586,0.14002156750745337,0.24379220940891752,0.10377064190146415
351876121_c7c0221928.jpg,a dog is jumping over a brown dog,a big brown dog is sleeping next to a small black and white cat ||| a cat sleeps nestled up to a dog ||| a dog and cat are snuggling up during a nap ||| a dog and cat laying down together ||| a small cat laying with a large dog,0.1975087204425895,0.6105279549956322,0.625,0.5175491695067657,0.1646584390020874,0.0972065420906982,0.2776119402985075,0.375,0.2532471418380737,0.2797688984303722,0.3820279803134674,0.10225908188309518
2250870111_8402d2319d.jpg,a man in a blue jacket and a blue jacket and a blue jacket and a blue jacket and a blue jacket and a woman in a blue jacket and a blue jacket and a blue jacket,a person is reading a magazine on a snowing sidewalk ||| a person wearing jeans and a brown coat is reading and smoking on the sidewalk by a road covered with dirty snow ||| a woman reads on newspaper on a snow covered street ||| a woman smokes a cigarette and looks at a magazine in the middle of a snowy road ||| a woman smoking a cigarette is standing next to the road during a wintery day,0.0001779842586201,0.486920028924942,0.2162162162162162,0.1095993248702382,0.032497446527599,0.0178244935533701,0.2524167561761546,0.2222222222222222,0.103779561817646,0.094337217518917,0.19607462252195612,0.10173740500303913
61209225_8512e1dad5.jpg,a man is riding a motorcycle on a motorcycle,a civil war reenactment with cannon teams firing cannons ||| a group of men firing an old fashion cannon ||| a recreation of some battle ||| sveral men participating in a civil war reenactment ||| war reenactors fire a cannon,1.9321588252232245e-06,0.435187853872776,0.111111111111111,0.0372677996249964,0.0270721753604903,0.0239802967618271,0.0925925925925926,0.1428571428571428,0.0654165223240852,0.031364682250768036,0.13249394463280825,0.10112926238204022
3638459638_ec74e3ff89.jpg,a man in a black suit is standing in the water,a person is being swept to the ground by waves ||| a person wipes out in the water ||| a wave in the ocean crashes over a woman ||| a woman has been knocked down by strong waves in the ocean ||| someone with a wave rolling over them,0.0922209559274671,0.6165554746985435,0.5454545454545454,0.3302891295379082,0.2297111188608965,0.1109466047156616,0.5067567567567568,0.4444444444444444,0.2676562368869781,0.29425273575408617,0.39528826564624736,0.10103552989216119
1564614124_0ee6799935.jpg,a man in a red shirt is standing in the air,a closeup of a girl holding a heart necklace and looking at it ||| a girl playing with a stretchy charm bracelet ||| a girl plays with a necklace as the sun shines behind her ||| a girl with the sun behind her plays with some jewelry ||| a little girl examines a piece of jewelry,0.0010014856391381,0.472654141485691,0.2727272727272727,0.0522232967867093,0.0311765953881872,0.0248084150017018,0.1260504201680672,0.2608695652173913,0.1011518388986587,0.08220143930235813,0.1832231533002203,0.10102171399786217
3489774350_a94e6c7bfc.jpg,a woman with a blue shirt is sitting on a table,a child eating food and smiling at the camera ||| a little child in a green shirt eats a crust of bread smiling ||| a small child in a green jacket eating something ||| a small child looks and smiles as she eats ||| a smiling little boy in a green jacket eats a snack,0.0288926240885116,0.4801248013973236,0.3636363636363636,0.0603022689155527,0.0343142832800059,0.0266583768170288,0.15625,0.3333333333333333,0.1450611650943756,0.1146561419626805,0.21499674608344793,0.10034060412076744
1425919702_ddb761aeec.jpg,a man in a red shirt is walking on a motorcycle,a crowd of people are sitting in seats in a sports ground bleachers ||| a group of people sitting at a sporting event ||| a group of people sit watching an event behind a tim hortons sign ||| people wait patiently in the seats for the show to begin ||| two men wearing hats are shown at the front of a crowd of people,0.0024130143209819,0.4933856800198555,0.2727272727272727,0.1651445647689541,0.0671679386213985,0.044116293593227,0.1171874999999999,0.2499999999999999,0.1069619804620742,0.1034958075177517,0.20307180401734576,0.09957599649959406
3209966887_5b744bd050.jpg,a man in a red shirt is sitting on a bench,a man draws characters with his feel on the street ||| a man paints chinese characters ||| a person drawing chinese characters with his feet ||| a person paints asian characters on a banner ||| a person using a brush to paint chinese characters on a vertical banner,0.0374091391984668,0.6015310436487198,0.4545454545454545,0.3015113445777636,0.1003355729847986,0.059609942732681,0.3078982597054885,0.3333333333333333,0.1263784617185592,0.20090239585667305,0.3001984376402509,0.09929604178357784
957682378_46c3b07bcd.jpg,a black dog jumps to catch a ball in the grass,a brown dog and a black dog run into each other in the grass ||| a brown dog is grabbing the collar of a black dog ||| a dark black dog is playing with a light brown dog in a backyard ||| two dogs are wrestling in a field ||| two dogs are wrestling in the park,0.4013201026443862,0.597677044570446,0.6363636363636364,0.504524979109513,0.3838700926079122,0.163066861053727,0.4632802025919856,0.4799999999999999,0.4217629134654999,0.37205832931369814,0.4710671980167561,0.09900886870305797
2206594874_5e0087c6b7.jpg,a man is sitting on a table in a table,a couple sits at a cramped table in a busy restaurant ||| a couple sits at a table for lunch in a mall ||| a man and woman sit at a table in a restaurant ||| a man and woman sit at a table inside a fast food restaurant ||| the man wearing black makes a face as the woman across from him speaks,1.149631899919891,0.6770601123571396,0.5429024508215757,0.4672560334771453,0.3668935966431864,0.2826657746622342,0.5251825500842539,0.6666666666666666,0.4140239953994751,0.4306894502045479,0.5294135141665482,0.09872406396200034
2245348304_08bc5642f1.jpg,a man is sitting on a bench with a man in a black shirt,a man in a hat sits outside near some cardboard boxes ||| a man plays his guitar on the street ||| a man sits on a box and plays a guitar in the street ||| a man sits ourdoors next to cardboard boxes and plays an instrument ||| an older musician perfoms on the street behind a cardboard box,0.1085451955462999,0.6762941181659698,0.4285714285714285,0.3631365196012814,0.2801105939736676,0.2114214171430307,0.4283185840707964,0.5185185185185186,0.1982783079147339,0.3032139350939957,0.4017752639948653,0.0985613289008696
197142902_f05ff198c2.jpg,a girl in a pink dress is blowing a bubble in the bathtub,a man and a woman in glasses blow bubbles ||| a man and woman blow bubbles ||| a man in a black shirt and a woman in a brown shirt blow bubbles with pink wands ||| an asian man and an asian woman are blowing bubbles from pink plastic hoops ||| a woman and man are next to each other blowing bubbles,0.2542390239937984,0.5071192234754562,0.498594426961247,0.1961459986409111,0.0686730470537624,0.0416138522894127,0.2659574468085106,0.3636363636363637,0.2344789654016494,0.19070034578068934,0.2890363679098935,0.09833602212920417
2447284966_d6bbdb4b6e.jpg,a man in a red shirt is standing on a bench,a little boy is holding a skinny baseball bat while standing between two rows of blue seats ||| a small boy dressed in a black sweatshirt with a logo on it holds a red bat in front of blue stadium seats ||| a young boy in a team sweatshirt is in a sports stadium near blue seats swinging a red bat ||| a young boy practices his bat swing while in the stands with blue seats ||| the boy wearing a black shirt and blue jeans is holding a red baseball bat,0.1075172613110458,0.5512752383947372,0.6228821345701695,0.3079611696025472,0.0929184208947441,0.0525645415827375,0.2342796092796092,0.3333333333333333,0.2175085246562957,0.21629073645750116,0.31403330144210717,0.09774256498460601
3667404919_b273df57e4.jpg,a man in a helmet riding a bike on a bike,a dirt biker rounding a bend on a downhill course ||| a man in a white uniform rides a motocross bike down a forest trail ||| a person on a bike and wearing a helmet rides through a wooded area ||| bmx rider riding downhill on forest path ||| the motorbiker is biking on an off road trail,0.4098753792590796,0.6589841097593307,0.9090909090909092,0.7385489458759964,0.5665163349427047,0.3882726777522233,0.5474452554744526,0.64,0.6282922625541687,0.5438561594597989,0.6412514936913907,0.09739533423159175
1022454428_b6b660a67b.jpg,a man in a red shirt is riding a bicycle on a motorcycle,a couple and an infant being held by the male sitting next to a pond with a near by stroller ||| a couple sit on the grass with a baby and stroller ||| a couple with their newborn baby sitting under a tree facing a lake ||| a man and woman care for an infant along the side of a body of water ||| couple with a baby sit outdoors next to their stroller,0.012564950853637,0.5310897529125214,0.3846153846153846,0.1790287185098582,0.0662955289840255,0.0413155159110629,0.1785714285714285,0.2499999999999999,0.0998397693037986,0.13155871933965843,0.22875487787852322,0.09719615853886479
3318564834_4ccea90497.jpg,a woman with a woman and a woman and a woman in a red shirt and a woman and a woman and a woman in a red shirt and a woman and a woman and a woman,a boy pauses in drawing on a white balloon to smile at the camera and the girl next to him also smiles at the camera ||| a brunette boy and girl smile for the camera while drawing faces on a white balloon ||| a girl is smiling and a young man is drawing on a white balloon ||| two smiling people with dark hair ||| two young adults smile at the camera,8.107226641523147e-05,0.4086319357156753,0.1621621621621621,0.0671156055214024,0.0234347141452588,0.0139484200039977,0.1226993865030675,0.1568627450980392,0.1230575665831565,0.048201711355077406,0.1453901880941157,0.09718847673903828
390986651_c801db91a0.jpg,a man in a red jacket is sitting in a forest,a person peaks their head out of a tent set up in a snowy field ||| a woman emerges from her snow covered tent ||| a woman sticking her head out of her tent on the side of a snowy moutnain ||| a woman wearing glasses and a hat pokes her head through the door of a tent on a snowy day ||| the camper opens up to see snow all around,0.0014551305849968,0.5194467306137085,0.3636363636363636,0.1906925178491184,0.0739278822620259,0.0474060425987813,0.216181506849315,0.3076923076923076,0.140518769621849,0.14641999069927938,0.24348080443053907,0.09706081373125969
254527963_3f5824b0e8.jpg,a black dog is running in the sand,a black dog is running along the beach ||| a black dog running on a beach ||| a black dog running on the beach ||| a dog walking away at the beach ||| a large black dog is running in the sand on the beach,2.5314936825218566,0.9127786755561828,1.0,1.0,1.0,1.0,0.7361111111111112,0.8,0.8364371657371521,0.8698265858583077,0.9649137754945081,0.09508718963620033
3016708786_3591106cca.jpg,a man with a orange shirt is holding a guitar,a group of young men wrestle with each other wielding a floppy toy sword ||| teenagers are playing with a toy sword ||| the three people are playing around with a fake knife ||| three men with mouths open and one is holding a fake sword ||| two young men pretend to attack a third man with a colorful prop knife,0.1512746942034379,0.6697729974985123,0.6,0.5163977794943222,0.4054801330382266,0.1756720523942792,0.3177966101694915,0.3636363636363636,0.2366766780614853,0.32458955098871894,0.41921693876846794,0.094627387779749
2934379210_4e399e3cac.jpg,a man in a red shirt is jumping down a hill,a boy in a red shirt and jean shorts jumping off a swing ||| a boy is jumping off a swing ||| a boy is jumping off of a swing ||| a boy jumps off a swing ||| a boy jumps off a swing with his legs apart,0.4732802014941361,0.7105957716703415,0.7272727272727273,0.5393598899705937,0.4013422919391943,0.2998221389342337,0.4958545918367347,0.5833333333333334,0.3712012469768524,0.4364822851897029,0.5307730324251547,0.09429074723545183
684375286_09cc1aa778.jpg,a black dog is playing with a black dog in a blue toy,a small black dog is playing tug of war with a large brown dog wearing a yellow triangle ||| a small dog playing tug with a larger dog ||| two dogs one bigger than the other are playing tug of war ||| two dogs play tug of war ||| two dogs tug at the same item while wearing training gear,0.3158008194321285,0.626990795135498,0.6923076923076923,0.4803844614152613,0.3474868741188225,0.2545093860020286,0.438095238095238,0.5806451612903226,0.4102814495563507,0.3939637616826653,0.48753506328426444,0.09357130160159915
3443161359_65544fd732.jpg,a man in a red shirt and a backpack and a blue shirt and a blue shirt and a blue shirt and a blue shirt and a blue shirt and a blue shirt and a blue shirt,a male hiker is standing on top of a very large rock and is taking pictures ||| a man on a rocky peak ||| a man partially silhouetted on top of a large rock ||| a man with a hat is standing on a high rock with a cloudcovered sky in the background ||| a person standing a rocky ridge,2.6898658373092e-05,0.4465188086032867,0.1891891891891892,0.0724931393668066,0.0246703469349565,0.0144964517190226,0.1648351648351648,0.1818181818181818,0.0919093936681747,0.06362987749307542,0.15707160189461247,0.09344172440153706
140430106_2978fda105.jpg,a dog runs along the beach,a dog is running along a beach on a sunny day ||| a dog running at the beach in front of the ocean and a bright blue cloudy sky ||| a dog runs along the short at a beach ||| a lean dog runs along the beach ||| slender dog running in the sand on a sunny day,2.2888969384713223,0.8483968675136566,0.846481724890614,0.846481724890614,0.846481724890614,0.846481724890614,0.8534621578099838,0.923076923076923,0.8174454569816589,0.8093063502037147,0.9027154103940727,0.093409060190358
1115679311_245eff2f4b.jpg,a man is walking on the beach,a black dog is jumping over a log along a beach ||| a black dog runs along the beach and jumps over a wood barrior ||| a dog is running on the beach ||| a dog jumping over a small wall at a beach near the water ||| an animal is running on the beach,1.1245328600671427,0.7051725685596466,0.7142857142857143,0.4879500364742665,0.3624601243342975,0.1857505799913359,0.6371428571428571,0.7142857142857143,0.4314828515052795,0.46865088358007384,0.5619695654904767,0.09331868191040288
2831672255_d779807c14.jpg,a dog is running on a toy,a brown dog is running down a green and yellow obstacle ||| a dog at a competition runs down a ramp ||| a dog running down a ramp during a dog show ||| a light brown dog is walking down a blue and yellow ramp ||| the dog runs down the wooden ramp,0.4274211295340984,0.680142268538475,0.7142857142857143,0.5976143046671969,0.4149132666831218,0.2055668084502598,0.4207547169811321,0.5555555555555556,0.3697516024112701,0.4140596235595215,0.5057881796169371,0.09172855605741564
2452334314_a7c443a787.jpg,a man in a red jacket is jumping through a tree,an equestrian and horse make a jump on a course ||| a rider on a white horse is in the middle of a jump over a hurdle ||| a show jumper wearing a blue helmet rides a white horse over wooden fence that is decorated with red and yellow flowers ||| the rider is practicing jumps on a beautiful white horse ||| white horse with jockey jumps a barrier,0.0057989654172513,0.4929032176733017,0.5454545454545454,0.0738548945875996,0.0392800487936324,0.029502343631964,0.1935483870967741,0.3703703703703703,0.1828371882438659,0.1558964973814788,0.24736490037813608,0.09146840299665729
267325341_1a96ef436e.jpg,a black dog is running in the grass,a black dog is running through the grass carrying something red in its mouth ||| a dog holds an orange rag in his mouth while running ||| a dog running with a red item in its mouth ||| black dog running through grass with something orange in its mouth ||| on garden lawn black dog is retriving an object,0.94133531010989,0.6832917779684067,0.8824969025845955,0.745846012004108,0.6261242329413924,0.5425486407251953,0.5812733208955223,0.6363636363636364,0.6692444682121277,0.5938619167550928,0.6846255457556649,0.09076362900057211
3168796547_0c14b368f9.jpg,a man in a blue shirt is sitting on a bench,two children sit on an animal s back ||| two children sitting on a deer statue for a photo ||| two kids sit on a statue of a deer ||| two little kids riding on a fake reindeer ||| two young children sit on top of a deer statue,0.1167997409136271,0.3852783143520355,0.3636363636363636,0.2696799449852968,0.2006711459695971,0.1002515743147813,0.3547523427041499,0.3,0.1060961037874221,0.2074188674788208,0.11689789454377708,-0.09052097293504371
370713359_7560808550.jpg,a group of people sit in a table,an empty seat at a mexican themed restaurant ||| a red colored diner features dark red chairs ||| crowded mexican restaurant empty chair in foreground ||| many people sit in a mexican restaurant ||| people are sitting in a cheery mexican restaurant,0.6154967920105343,0.6552158296108246,0.5,0.4629100498862757,0.4149132666831217,0.345720784641941,0.5589788732394366,0.5333333333333333,0.3877331018447876,0.4061723526720459,0.4966240395848065,0.09045168691276062
3314180199_2121e80368.jpg,a boy in a red shirt is holding a baseball ball,a boy chasing a yellow ball ||| a child in a red and black striped shirt plays with a yellow ball on a wooden deck ||| a little boy in a red striped shirt about to head a soccer ball ||| a young boy is punching a yellow ball ||| a young boy moving towards a yellow ball,0.6179295582561496,0.6555189192295074,0.8181818181818182,0.5720775535473553,0.4174128044846463,0.3087818953963449,0.5126596715328466,0.64,0.5030238628387451,0.4747511985602487,0.5647475232687873,0.08999632470853858
3182558164_488b819f14.jpg,a basketball player dribbles the ball,a basketball player in the air about to make a shot ||| a basketball player jumps up with the ball as two others watch ||| a school basketball game is in progress ||| basketball player from eastern goes between two defenders for a shot ||| men playing a basketball game,0.962803709181441,0.6987153738737106,0.8333333333333334,0.7071067811865476,0.5,0.2540663740773073,0.424561403508772,0.5555555555555556,0.4627464711666107,0.4854358725313031,0.5752609468346925,0.08982507430338943
57422853_b5f6366081.jpg,a person in a red jacket is standing in the snow,a hiker in a tent on a mountain ||| a hiker pokes his head out of a tent high in the mountains ||| a man sits in his tent on a mountain ||| a person sticks their head out of a tent at the top of a mountain ||| someone is peaking out of a dome tent pitched near a snowy mountain,0.0495527731487247,0.5434588715434074,0.5454545454545454,0.4045199174779452,0.1220522444470285,0.0690457308327456,0.24658203125,0.3333333333333333,0.2284028977155685,0.22508247536829004,0.3142542443439581,0.08917176897566806
3287963317_186491ee78.jpg,a man in a red jacket is standing in front of a mountain,a group poses for a picture in front of a frozen waterfall ||| four people crouched near an ice formation ||| four people sitting in the snow at the base of a frozen waterfall ||| there are four people dressed in warm clothes sitting in the snow in front of a huge piece of ice ||| two couples pose for a picture in the winter,0.1651915912060835,0.4717619344592094,0.5384615384615384,0.3668996928526714,0.290342538074532,0.2224246939793677,0.4648760330578512,0.48,0.1922357529401779,0.32484023186404176,0.23614647026100705,-0.08869376160303472
3431671749_e8e3a449ac.jpg,a car car in a red car,a car is zooming off with fire coming out of its exhaust pipe ||| a race car has fire shooting out the back ||| a race car on a track has flames shooting from the rear ||| fire is coming out of the back of a race car ||| flaming are shooting from the rear of a race car,0.2473415496179918,0.4754355549812317,0.3220616970322653,0.2008407546162877,0.0846349708527539,0.0580933410828325,0.1304347826086956,0.3157894736842105,0.1757324039936065,0.14104751684552141,0.22934025204063563,0.08829273519511421
3486324591_9f5eeb24b9.jpg,a man in a black and white and white and white dog is playing in the grass,a boy with a mohawk chasing geese in a park ||| a child is playing with two white and black geese ||| a child laughs as he plays with a large bird ||| a young boy chases away two canadian geese ||| a young boy runs along the grass as two geese begin to fly away,0.1270791642329265,0.5052557587623596,0.5882352941176471,0.3834824944236852,0.0993420862158964,0.0514420122091352,0.3984942886812045,0.2222222222222222,0.2883157730102539,0.2310560022899293,0.3192589283152028,0.08820292602527349
3692836015_d11180727b.jpg,a group of people are playing on a park,a group of people in green shirts push a cannon in a parade ||| people in matching outfits next to a canon ||| several people dressed in like jerseys roll an old cannon during a competition ||| six men are pushing a large wooden wheel along the ground in front of an audience ||| young adults wearing uniforms wheel a contraption,0.2288783617185358,0.6562165915966034,0.6666666666666666,0.5,0.4149132666831217,0.3303164318013807,0.4056437389770724,0.4545454545454546,0.3480632603168487,0.3860187572807238,0.47405939897944094,0.08804064169871711
3117562746_62f57a02b5.jpg,a dog is walking in the snow,a dog chases another dog ||| two dogs are running through the snow with ball in their mouths ||| two dogs holding red balls in their mouth running in the snow ||| two dogs in the snow ||| two tan dogs run in the snow carrying red balls in their mouths,0.8527207570426878,0.6256894767284393,0.7142857142857143,0.5976143046671969,0.4149132666831218,0.2055668084502598,0.7211538461538461,0.6666666666666666,0.5668935775756836,0.49126186248952214,0.5787172794205488,0.08745541693102671
3376809186_4e26d880b7.jpg,a group of people are walking through the beach,a group of people are in the water ||| many people are in the water near a hillside ||| many people hang out in a body of water ||| many people swimming is a lake surrounded by trees and houses ||| several people bathe in a lake,0.9286850213242884,0.7252516597509384,0.6666666666666666,0.5773502691896257,0.5227579585747102,0.4671379777282001,0.7270233196159123,0.7058823529411765,0.5217563509941101,0.5437998151936025,0.6310333282072957,0.0872335130136932
2331510788_986809bbb4.jpg,a black dog is running in the snow,a brown dog is up to its knees in snow ||| a brown dog plays in the snow ||| a dog plays in the snow ||| a grey dog with a bobbed tail digs in snow ||| a large gray dog is playing in the deep snow,1.2720248549860118,0.670829713344574,0.75,0.5669467095138409,0.3769737205645769,0.180921760812233,0.907258064516129,0.7142857142857143,0.5764361023902893,0.532896875454265,0.6201049692252162,0.08720809377095118
2788945468_74a9618cfa.jpg,a man in a blue shirt is sitting on a table with a woman in a blue shirt,a man is posing in front of a brick wall that has framed pictures on it ||| a man is standing in front of an interior brick wall with pictures along the top ||| a middle aged man is standing next to a white wall underneath some catholic theme pictures ||| a smiling man in a check shirt stands below a row of religious pictures ||| pictures on a white brick wall with a smiling man standing in front of the wall,0.0807572158194105,0.5994705110788345,0.5,0.3834824944236852,0.2094709013842742,0.0884748757476627,0.2960443436633913,0.375,0.1834083348512649,0.24562659674935938,0.3321449220252052,0.0865183252758458
3349451628_4249a21c8f.jpg,a man in a blue shirt is standing on a tree,a boy in a dusty alley playing stickball ||| a boy swings a piece of wood ||| a child swings a bat next to a stone wall ||| a young boy wearing a blue visor swings a bat ||| a young boy with a visor on plays ball with his bat in the street,0.0627840966983608,0.4096266999840736,0.5454545454545454,0.3302891295379082,0.1066224564261435,0.062389860721175,0.3125,0.380952380952381,0.1171023994684219,0.2290776766158533,0.1426720291093916,-0.08640564750646168
3320411267_df70b90501.jpg,a person in a red jacket is riding a rock in a forest,a man in a blue jacket is climbing on a rock in the woods ||| a person in a blue jacket climbs a large rock in a dark forest ||| a person is climbing a rock in a forest ||| a rock climber in the forest ||| a woman in blue is climbing up a big rock,2.0780982305511126,0.7418044656515121,0.7835055280819597,0.6954593800287637,0.5882625436275437,0.4876485015882737,0.7978723404255319,0.7407407407407408,0.6701836585998535,0.6452629472353552,0.7315438895614179,0.08628094232606276
3270083123_fcc1208053.jpg,a dog is swimming in the water,a swimmer comes up above the surface of the water for air ||| a swimmer wearing a black cap surfaces for air ||| a swimmer wearing a black hat and goggles is doing the butterfly stroke ||| person in goggles and black swim cap swimming ||| young man swimming wearing swimming cap and protective goggles,0.4357565486703879,0.5758393555879593,0.7430381997858699,0.3276490485424231,0.1230085359949233,0.0796940544566811,0.2222222222222222,0.3157894736842105,0.2247717082500457,0.25182676231093665,0.33777443314401984,0.08594767083308319
340425915_490293058f.jpg,a black dog is running in the snow,a black and brown dog wearing a red coat rolls in the snow ||| a black and tan dog in a orange jacket laying in the snow ||| a brown and black dog lies in the snow with an orange vest on ||| a dog wearing a jacket rolls in the snow ||| a dog wearing an orange jacket is laying in the snow,1.0744979568867985,0.679350420832634,0.772184789761521,0.6240195441936914,0.3854660271440975,0.178309867450127,0.5011235955056179,0.631578947368421,0.4408985376358032,0.46403578552736846,0.5470521079434527,0.08301632241608425
2531531628_b4a5041680.jpg,a little girl in a pink shirt is walking down a swing,a girl sticks out her tongue on a bench ||| a little girl in a blue dress sitting on a park bench sticking out her tongue ||| a little girl sticking her tongue out in a bench ||| the little girl in the blue dress is sitting on a wooden bench ||| the little girl is sitting on an old bench and making a face,0.5374513769918032,0.6880113482475281,0.5366925752004387,0.4237413474305422,0.3673194382424458,0.3172721878690518,0.4310570381998954,0.4545454545454545,0.2537380754947662,0.3607331876418732,0.4437147427794695,0.08298155513759631
2268596214_ca532f5c63.jpg,a man with a red shirt is holding a drink,a cameraman checks the settings on his camera ||| a man with a camera studies his work ||| a man with a headset is looking into a video camera ||| the man in the purple hat is operating a video camera ||| the man wearing a hat and headset is taking a photo,0.2737947737301737,0.5354736745357513,0.5429024508215757,0.4046555950627599,0.3333449549192914,0.2630501434025343,0.5160550458715595,0.5714285714285713,0.191258504986763,0.3686761037471877,0.2860561329281073,-0.0826199708190804
3134644844_493eec6cdc.jpg,a man in a white shirt is holding a man in a red shirt,a man is playing a guitar for a little girl in a hospital ||| a man is playing the guitar for a child in a hospital bed ||| a man plays a guitar for a sick child in a hospital ||| a man plays guitar for a girl in the hospital ||| a man with a guitar playing to an ill little girl in a hospital bed,0.0871547180323981,0.555863231420517,0.5,0.2773500981126146,0.0862233979611117,0.0491327054814442,0.3661006387287739,0.4615384615384615,0.2104609012603759,0.23126575848495254,0.3135191710485275,0.08225341256357496
3667908724_65c7d112f2.jpg,a man in a black shirt and a black shirt is standing in front of a man in a black shirt,a girl dances on a stage ||| a girl dancing onstage ||| a girl in white dances ||| a young girl in a white dance outfit and black shoes is dancing in front of music equipment ||| the blonde girl is dancing onstage in front of the sound equipment,0.0595881914652011,0.4273908585309982,0.4285714285714285,0.253546276418555,0.1501252087392717,0.0658448923426912,0.319098697969372,0.4615384615384615,0.0862328186631202,0.22056482859517126,0.13857227588918752,-0.08199255270598374
3204686006_88f04547b9.jpg,a skier in a red jacket is skiing down a snowy hill,a few sledders are chased by a dog ||| a group of people go sledding on a snowy hill and a dog chases one as he slides ||| children sled and a dog plays on a snowy hill ||| four people and a dog play in the snow ||| four people in various stage of sledding on a snowy hill while a dog playfully chases one of them,0.4768158849334452,0.4939291998744011,0.5,0.3015113445777636,0.2087064022423232,0.1002515743147813,0.3676470588235294,0.3636363636363636,0.3378640115261078,0.25761441207413094,0.33945783627039483,0.08184342419626389
3426144752_28d63615ca.jpg,a woman wearing a hat is wearing a hat and a hat is wearing a red hat,a little girl plays with a plane ||| a young blonde boy holding a toy airplane ||| a young blonde child holding an airplane ||| the blonde haired child is holding the small plane ||| the blond haired and blue eyed child holds the wooden airplane in his hands,0.0011137394998557,0.4495206102728843,0.2352941176470588,0.0383482494423685,0.0214026036723665,0.0162673926003057,0.125,0.1666666666666666,0.0561826415359973,0.05704028109469456,0.13841427650598315,0.08137399541128859
3690189273_927d42ff43.jpg,a woman in a blue shirt is holding a basketball,a female runner in a race ||| a woman athlete wearing orange and black is running whilst carrying an orange beverage bottle ||| a woman in an orange top and black shorts is running ||| a woman is running a race carrying a plastic bottle ||| a woman jogger,0.2200681024131526,0.596894659101963,0.6,0.4472135954999579,0.2924017738212866,0.1374708101760565,0.372,0.4000000000000001,0.2856309413909912,0.30902283585485096,0.3902925951269466,0.08126975927209562
862054277_34b5a6f401.jpg,a girl in a pink dress is running in the water,a little girl in a swimsuit and braids is in front of the water in the grass with her arms crossed in front of her chest ||| a young girl in a bathing suit and pigtails crosses her arms ||| a young girl in a pink swimsuit ||| a young girl sitting in the grass near a lake ||| ypoung girl with arms crossed over her heart wearing a bikini setting in tall grass in front of a body of water,0.4222275049912273,0.6888112425804138,0.8181818181818182,0.6396021490668313,0.4496443130226091,0.3264971028628052,0.5027027027027028,0.5555555555555556,0.4354599416255951,0.4705153662811492,0.5513465951313363,0.08083122885018712
2354064281_10afa38206.jpg,a brown dog is running in the water,a black and brown dog with a brown dog in a grassy field with patches of white ||| a black dog is facing a brown dog in an open outdoor space ||| two dogs are standing in a field of grass and dirt ||| two dogs greet each other in a snowy grass field ||| two dogs in a grassy field,0.2175040286340704,0.6159961596131325,0.625,0.5175491695067657,0.3547458529925959,0.1728603923209705,0.3568,0.380952380952381,0.2973109483718872,0.3316631893997259,0.4123057893330962,0.08064259993337031
387078972_514a38dc33.jpg,a white dog is running in the water,a dog walking along the side of a house in the snow ||| a white dog is walking by a building in the snow ||| a white dog next to a basement window ||| a white dog walking on some rocks along a house in the snow ||| a white dog walks in the snow,0.9649868084788518,0.6201673299074173,0.75,0.6546536707079771,0.5227579585747102,0.4111336169005197,0.6816901408450705,0.6666666666666666,0.3848869502544403,0.5476957324357729,0.46717585508933546,-0.0805198773464374
2867845624_22e4fe0a23.jpg,a black dog is running in the snow,a black and white dog frolicks in the water ||| a black and white dog leaps through the water ||| a blackandwhite dog running in the water ||| a black and white dog runs through the white water at a beach ||| the black and white dog is running through the ocean,0.921267884608473,0.6049283593893051,0.875,0.7905694150420949,0.5928155507483438,0.2540663740773073,0.6281690140845071,0.6666666666666666,0.4338742792606354,0.5641467049783244,0.483944311083667,-0.08020239389465744
1721637099_93e9ec2a2f.jpg,a man in a blue shirt is sitting on a bed,a boy laying on clothes ||| a brownhaired boy is laughing with his eyese clothes whiel lying on a pile of clothes ||| a child in a blue shirt laying on his side with his mouth open ||| a child with and adult hand ||| a little boy laughs as he is tickled,0.2118905298827551,0.6051371619105339,0.6363636363636364,0.504524979109513,0.3838700926079122,0.2899784414715207,0.3112327656123276,0.4799999999999999,0.3601057231426239,0.3608627416424475,0.440674765792061,0.07981202414961347
1213336750_2269b51397.jpg,a man in a red shirt walks down a sidewalk,a man in a black jacket is taking a photo of a man in a red jacket ||| a man in a black outfit is taking a photograph of a man in a red jacket ||| a man takes a picture of another man in an open area just off of a busy street ||| a young man taking a picture of another young man outdoors ||| young man takes picture of another young man in front of church,0.3016062401487884,0.6508885324001312,0.5429024508215757,0.4672560334771453,0.4199883255790728,0.3720090803840515,0.2615882753919563,0.3703703703703703,0.2570329904556274,0.33664374421665083,0.4162387400962807,0.07959499587962987
3708266246_97a033fcc7.jpg,a black and white dog is jumping over a obstacle,a black and white dog is going through an obstacle course ||| a black and white dog jumps over a bar ||| a black dog leaping over a hurdle ||| a border collie jumping over a hurdle ||| black and white dog jumping over a blue obstacle,2.2247256818080414,0.8199498057365417,1.0,0.8819171036881969,0.7862823300527556,0.6756000774035172,0.8722527472527472,0.8421052631578948,0.8031933307647705,0.7924781961089927,0.871782344003468,0.07930414789447526
3312779887_7682db7827.jpg,a group of people sit on a hill,a person does a handstand with a snowboard on a yellow ramp ||| a snowboarder doing a handstand on a ramp ||| a snowboarder hangs upside down from his board during a maneuver in front of a crowd of people ||| a snowboarder is performing a stunt in front of a crowd of spectators ||| the snowboarder does a trick off of a yellow pyramid,0.0348753964206908,0.4503583908081054,0.625,0.4225771273642582,0.143842395666197,0.0878360261971396,0.3194444444444444,0.375,0.133092314004898,0.2626617886052528,0.18436262477910503,-0.07829916382614777
359082432_c1fd5aa2d6.jpg,a man in a red shirt is jumping over a tree in a forest,a lab dog is standing on a fallen tree trunk with a guy in the background ||| a man and a dog are standing on a tree that has fallen over to the ground ||| a man watches his yellow dog hunt for something from on top of a fallen tree ||| a man watching his dog standing on a dead tree trunk ||| a tan dog climbing over a bare tree trunk with a man standing in the background,0.5723484801200335,0.4831001907587051,0.4953587998572467,0.3147950234345495,0.0894562730204631,0.048735947271888,0.3035391371738569,0.3333333333333333,0.2869256138801574,0.22293500940240593,0.3008843693319315,0.07794935992952559
2739332078_13d9acce59.jpg,a man with a black shirt and a black shirt is wearing a black shirt,a girl with blond hair offers a dimpled smile from under her black umbrella ||| a lady posing while holding an umbrella ||| a young blonde woman in black smiles under her black umbrella ||| blond woman with a black shirt is holding a black umbrella over her head ||| the blonde haired woman is holding a black umbrella,0.4245758780133882,0.5694811046123505,0.4666666666666667,0.408248290463863,0.3375531905895819,0.2829559628326351,0.4059921841076856,0.4827586206896552,0.3614814579486847,0.3355430672351328,0.4132310047168918,0.077687937481759
143688283_a96ded20f1.jpg,a man in a blue shirt is standing on a tree,a man in a harness climbing a rock wall ||| a man with a white shirt and helmet is climbing a mountain ||| a man in a white shirt and helmet is using climbing equipment ||| a young man wearing a white helmet climbing up a rock wall ||| man rock climbing looking up the rock,0.3461281323754538,0.7020671665668488,0.5810640921796215,0.3989624188222926,0.318461337968875,0.2464051103353782,0.5260869565217392,0.5217391304347826,0.2334150671958923,0.3652479802355781,0.4428863399892975,0.07763835975371941
2370221025_be4d9a4431.jpg,a little boy in a blue shirt is holding a red toy,a man wearing a green jacket is holding onto a baby in an orange bonnet ||| a small baby in winter clothing is being held upright to take a picture ||| a small child in winter gear is being held steady by an adult ||| a toddler girl wears a jacket and stands with a man ||| the small child is wearing winter clothes and a hat,0.0667386390784674,0.522017814218998,0.5,0.2132007163556104,0.0768880959828629,0.0474060425987813,0.2900604686318972,0.3703703703703704,0.1843364536762237,0.19389948257553383,0.27131802285290213,0.0774185402773683
33108590_d685bfe51c.jpg,a man is sitting in a colorful dress in a colorful dress,a young couple inspect merchandise from a street vendor ||| people are gathering around a table of food and outside a taxi wisks by ||| three people prepare a table full of food with a police car in the background ||| two people look at a street vendor ||| two women and a man at a food counter in dim lights,0.0076999147202838,0.5004844069480896,0.3333333333333333,0.1740776559556978,0.0671679386213985,0.0428361950754725,0.1666666666666666,0.3333333333333333,0.1123777404427528,0.13447979032881804,0.21188562727930724,0.07740583695048919
3304030264_da3dd18c7b.jpg,a man in a red shirt is walking down a bench in front of a building,a boy in black pants and green tshirt jumps high with his skateboard ||| a guy on a skateboard jumping off some steps ||| a person in a green shirt on a skateboard jumping off of a short set of stairs ||| a skateboarder in a green shirt is taking a jump of a step in front of a pink building ||| he is in the air on his skateboard,0.239598497162785,0.4872738569974899,0.6458464806842646,0.4497097658590147,0.3005207039467559,0.2104428180131085,0.5124408892031644,0.6285714285714286,0.2955538630485534,0.38569181481299947,0.3092718966749878,-0.07641991813801169
3187096035_65dc416291.jpg,a woman in a black shirt is sitting on a table,a group of friends are laughing and playing the wii on a red couch ||| a group of laughing people on a red couch ||| four happy people sitting on a red couch ||| four people laughing and sitting on a couch ||| people sitting on a couch laugh,0.3014399231652509,0.4388328641653061,0.3636363636363636,0.2696799449852968,0.2006711459695971,0.1002515743147813,0.452991452991453,0.3529411764705882,0.108398325741291,0.2367697135296322,0.16068997325392098,-0.07607974027571121
857914283_270d7d1c87.jpg,a baby in a baby is sitting on a bed,two blonde boys are playing on a bed ||| two boys fight ||| two boys with blonde hair wearing stripped shirts on a bed ||| two little blond boys play on a bed in a room with wood paneling ||| two little boys are playing together on the bed,0.8985145424334531,0.6226120516657829,0.5,0.408248290463863,0.2751606040745522,0.1313454947212079,0.3590785907859078,0.3333333333333332,0.2183037996292114,0.2950424457069464,0.37102872155604666,0.07598627584910028
3052038928_9f53aa2084.jpg,a group of people are sitting on a table,a group of five young adults lounging indoors ||| a man and a woman sit on a couch and look at each other while three other men stand by ||| a small group of people standing while two sit on the couch ||| there are four men and one woman ||| three men are setting up a scene by measuring the lights for a couple sitting on a low couch,0.3299166326253265,0.6533960998058319,0.8888888888888888,0.7453559924999299,0.6197980942410934,0.2509862124397896,0.4807692307692308,0.5714285714285715,0.5332956910133362,0.5062148238569499,0.5808894878821635,0.07467466402521361
3430782104_34da558eba.jpg,a man is riding a horse in a park,a cowboy on a horse ropes a steer ||| a cowboy trying to rope a bull while on a horse ||| a cowboy wrangles a calf in a rodeo ||| a girl on a horse trying to catch a bull with a rope ||| a person attempts to rope a black cow while riding a horse,0.9619515218051052,0.5657713860273361,0.6666666666666666,0.5,0.3293168780041747,0.1561969968460128,0.3896604938271605,0.4705882352941176,0.4237082302570343,0.37304934372388227,0.44693061655665434,0.07388127283277207
3497234632_6ec740fc1e.jpg,a man in a red shirt is standing in a crowd of people,a group of basketball players stand on the basketball court ||| a group of men play basketball ||| boys play basketball on a wood floor near clear glass doors ||| several men around an indoor basketball hoop ||| young boys playing indoor basketball one team has black and white uniforms the other has orange and white,0.0078007396726977,0.3968191146850586,0.1538461538461538,0.0358057437019716,0.0226727519869782,0.0184768604205221,0.1492537313432835,0.2105263157894736,0.1119609400629997,0.05563650832313745,0.12949602528653825,0.0738595169634008
3507670136_2e5f94accf.jpg,a biker in a helmet is riding a bike on a dirt road,a dirt biker is taking a large jump wearing a yellow suit ||| a man in yellow performs a bike trick ||| a motocross bike is jumping through the air over a dirt track ||| a person wearing yellow is taking a jump on a dirt bike ||| the motorcycle racer in a yellow uniform is in midair,0.6960390066538564,0.5970004945993423,0.6923076923076923,0.4803844614152613,0.2758005147606801,0.1203500581119844,0.4730983302411874,0.48,0.3702715337276459,0.3665841449318727,0.4402129248730894,0.0736287799412167
2742426734_291df6da08.jpg,a man in a red shirt is walking on a grassy path,a group of friends posing together in a park ||| a group of people posing for a picture on the grass ||| a group of people posing for a picture with the sun behind them ||| a group of young people pose for a picture in a field ||| young people pose for their picture in the countryside,0.0082446989894927,0.4306566342711448,0.4166666666666667,0.1946247360403807,0.0723544685119367,0.0452937617079388,0.1666666666666666,0.2857142857142857,0.2155086696147918,0.1437200820759896,0.21727782171240512,0.07355773963641551
2603334363_cfa32c4482.jpg,a little boy in a red shirt is playing with a toy,a girl wearing a fairy costume rides a tricycle ||| a girl wearing a fairy costume rides her tricycle ||| a small girl dressed in a green fairy costume is riding a big wheel bicycle ||| a young blonde girl in a fairy outfit is riding a pink and purple tricycle ||| a young girl wearing a green fairy costume riding a bigwheels,0.0055365406783883,0.5273796617984772,0.4166666666666667,0.1946247360403807,0.0723544685119367,0.0452937617079388,0.2530612244897959,0.3703703703703704,0.1299442052841186,0.17000619169675774,0.2435405305918959,0.07353433889513816
3419916411_72934edcdb.jpg,a brown dog is running in the grass,a brown dog is lying on a grassy field as the wind blows through his fur ||| a dog playing in the grass ||| a golden retriever is running in a grassy field ||| a yellow dog is running in a field near a mountain ||| the dog is running through the grass in the sun,1.6158163530878626,0.8091002702713013,0.8824969025845955,0.8824969025845955,0.8304613807080156,0.6705526390607728,0.907258064516129,0.7142857142857143,0.7283816337585449,0.7456309599286911,0.8191359893503933,0.07350502942170223
3426964258_67a0cee201.jpg,a group of people are gathered in a crowd,a crowd of people are gathered in the street waving irish flags ||| a large crowd of people some with green white and tan striped flags ||| a parade has many flags and people ||| crowd gathered in streets waving brightly colored flags ||| people hold flags in a crowded block,1.2112569595800944,0.6759206205606461,0.7777777777777778,0.7637626158259734,0.6299605249474366,0.537284965911771,0.5913134484563056,0.5714285714285715,0.6257995367050171,0.5807762282531349,0.6532042346356672,0.07242800638253233
390671130_09fdccd52f.jpg,a black and white dog is running in the grass,a black and white dog stands on the grass with a baseball in his mouth ||| a closeup of a small black and white dog with a baseball in its mouth ||| black and white dog holding a baseball in mouth ||| brown and white dog with baseball in mouth field and building ||| brown and white dog with a baseball in its mouth,1.1892066588329806,0.6432640552520752,0.8,0.6666666666666667,0.5503212081491045,0.4671379777282001,0.618131868131868,0.56,0.6167798638343811,0.5501040158654988,0.6220164390765108,0.07191242321101199
2966552760_e65b22cd26.jpg,a man in a red shirt is sitting on a bed,a child in a red shirt is sitting against a wall with a map while eating ||| a little girl eats an apple and sits in front of a map of the world ||| a smiling child sits against a wall on a blanket and eats a snack ||| a young child sits on the floor and leans against a map to eat ||| little girl sitting down eating ice cream,0.3965120153961101,0.5613149330019951,0.6228821345701695,0.5334043925099478,0.4583130630766773,0.4071631883019393,0.453125,0.5925925925925926,0.2890066802501678,0.435879453633195,0.36408692315261526,-0.07179253048057976
1807169176_7f5226bf5a.jpg,a group of people sit around a fire,a group of people sit around a blazing fire at night ||| a large campfire at night with several people sitting around it ||| people are clustered around a bonfire at night ||| people sitting around a campfire at night ||| several people are sitting around a fire at night,1.8970636837862624,0.8749162405729294,1.0,1.0,1.0,0.9457416090031758,0.741822429906542,0.8421052631578948,0.811177134513855,0.8484321996062334,0.9200385189192906,0.07160631931305717
2324979199_4193ef7537.jpg,a young boy in a blue shirt is sitting on a bed,a girl and boy hug each other near a doorway ||| a young boy and girl hug and smile ||| two children are hugging each other indoors ||| two children hug ||| two children hug one another,0.1145289337767466,0.5323127657175064,0.3333333333333333,0.2461829819586654,0.1823218358642896,0.0905875234158776,0.3042328042328042,0.3,0.1499677896499633,0.18764300341783233,0.25923941979936993,0.0715964163815376
3569979711_6507841268.jpg,a woman in a pink shirt is walking on the beach,a boy does a flip on the beach ||| a boy doing a flip in the air at the beach ||| a man doing a back flip on the beach ||| a person in midair doing a flip along the beach ||| a teenage boy is doing a back flip in midair on the beach,0.7067778303336338,0.5359749495983124,0.6363636363636364,0.3567530340063378,0.2418230050509015,0.1153056832378949,0.5373493975903614,0.5263157894736842,0.1841927915811538,0.3520046006977878,0.28229304321907933,-0.06971155747870844
3037558954_20115165e3.jpg,a woman in a blue shirt is jumping into the water,a man is wind sailing in the ocean ||| a man stands on a sailboat in the water ||| a man windsurfs near the beach ||| a person is windsurfing in the water ||| a windsurfer in near the beach,0.1412029009163667,0.5595763400197029,0.5454545454545454,0.2335496832484569,0.0846262997471468,0.0524634102286145,0.5027027027027028,0.4444444444444444,0.2192670404911041,0.2519687322675855,0.3216464952011557,0.0696777629335702
1361420539_e9599c60ae.jpg,a black dog is running in the grass,a black dog is running in the grass ||| a black poodle is running through the grass ||| a small black dog is in the grass ||| the black dog is running through the grass ||| the black dog is walking through the tall grass,4.307702481981552,0.8264926075935364,1.0,1.0,1.0,1.0,0.9990234375,1.0,0.8940518498420715,1.0,0.9304644357326266,-0.0695355642673734
2471297228_b784ff61a2.jpg,a woman in a red dress is standing in front of a tree,two girls holding sacks are standing in a field ||| two girls pillow fight in a school play yard ||| two girls playing with plastic bags in a park ||| two girls swinging bags ||| two young girls htting each other with sacks on a field,0.0496605904110339,0.4536304995417595,0.2307692307692307,0.196116135138184,0.0704495119733688,0.0432422707546321,0.2718676122931442,0.2727272727272727,0.1550457030534744,0.1306592768449039,0.19988161535319804,0.06922233850829415
524310507_51220580de.jpg,a man in a red and red car is riding a toy in a car,a man in a large red truck ||| a man in a red truck is staring out the driverside window ||| a man looks mysterious in a blue shirt and a red truck for a company called wilbert ||| a truck driver is looking out of the window of his purple truck ||| the truck driver pauses for a photo opportunity,0.1651570709503976,0.5800196528434753,0.6,0.4140393356054125,0.3407378427295782,0.284955776032203,0.4769230769230769,0.4545454545454545,0.3650121688842773,0.35505659965795905,0.4236606173648978,0.06860401770693875
2642474867_4e6346f809.jpg,a woman with a red shirt and a woman with a red shirt,a blond caucasian woman in a blue shirt wearing a straw hat ||| a long haired woman is wearing a grass cowboy hat and a stripped shirt ||| a woman in a blue and white shirt is wearing a cowboy hat ||| a woman wearing a hat ||| woman in a blue and white striped shirt with a straw cowboy hat on,0.317679922747146,0.5816037580370903,0.5384615384615384,0.3668996928526714,0.1069631055661771,0.0591460168684858,0.4406130268199234,0.4444444444444445,0.2190737277269363,0.27077896782656297,0.33898715852398553,0.06820819069742257
1348947380_14f0fc1237.jpg,a woman in a red jacket is walking on the beach,a man and a dog stand on a hill overlooking water ||| a man walks his dog near the ocean ||| an elderly man is walking a brown dog using a red leash ||| an elderly man takes his dog for a walk near the water ||| an old man holding a camera while walking a small brown dog,0.2138627452522316,0.5541503429412842,0.6363636363636364,0.3567530340063378,0.1122442959954951,0.0648411507139764,0.3747899159663866,0.3157894736842105,0.2243109792470932,0.2521189087165492,0.320316821172732,0.06819791245618284
3154528397_89112faf4b.jpg,a person in a helmet is riding a bike in a dirt bike,a man in skiing gear is airborne ||| a man is skiing in midair ||| a skier in colorful clothes midair in a wintry scene ||| a skier is airborne in front of some trees ||| a skier flies through the air,0.0047402363310424,0.5074461922049522,0.3846153846153846,0.1790287185098582,0.0662955289840255,0.0413155159110629,0.3064320388349515,0.3478260869565217,0.1400113552808761,0.16604653961779212,0.23367283349366852,0.0676262938758764
350443876_c9769f5734.jpg,a man in a blue shirt is sitting on a bench,a little baby climbing up the ladder after someone ||| a little girl is climbing a ladder ||| a person on a ladder with a baby underneath ||| a person stands at the top of a ladder as a young girl begins to climb ||| a person stands on a ladder and a small child climbs at the bottom of the ladder,0.0104800785027159,0.4021507874131202,0.4545454545454545,0.2132007163556104,0.0796363970529507,0.0501257871573906,0.217391304347826,0.3333333333333332,0.0579514242708683,0.16910570055003835,0.10191997586778968,-0.06718572468224866
2402744031_11f9f2f2b8.jpg,a man in a red shirt is walking on a table,hooded women at event one seated next to a table with large glasses on it ||| people shopping at an outdoor marketplace ||| three women in headscarfs look at somthing out of frame ||| two woman wearing black shoes stand together while a person sits behind them ||| two women in black coats standing in front of a person sitting on a box on the ground,0.1474439612837942,0.5105698853731155,0.4545454545454545,0.3015113445777636,0.1003355729847986,0.059609942732681,0.1750380517503805,0.2758620689655172,0.1496277302503585,0.17534404132364578,0.2418101735459513,0.06646613222230552
3707738261_777075e885.jpg,a group of people are sitting on a bench,a girl in a pink coat plays in the leaves ||| a girl in a pink coat throws leaves in the air ||| a little girl in a pink jacket throwing some leafs up in the air ||| a little girl in a pink jacket throws leaves over her head in front of a fence ||| a young girl in a pink coat throwing leaves into the air,0.001725465150129,0.4570955783128738,0.2982797722714565,0.0577616295258946,0.0349388519382598,0.0282409904885654,0.101010101010101,0.2307692307692307,0.0579553097486496,0.07940725292160397,0.14546041626402303,0.06605316334241906
3188044631_ca3a9cc737.jpg,a group of children in a dress,a man and a woman in a apron stand near a fireplace and christmas tree ||| a man and a woman posing in front of a christmas tree ||| a man and a woman stand in front of a christmas tree contemplating a single thought ||| a man and woman with their hands on their chins are standing next to a christmas tree ||| a young couple thinking about their christmas decorations,0.0061534754112522,0.523725338280201,0.4953587998572467,0.267524327879111,0.1074578540409768,0.0720117072828492,0.1739130434782608,0.3157894736842105,0.1384686827659607,0.1807760258709446,0.24566407218031994,0.06488804630937534
365759754_6cf7068c9a.jpg,a black dog is running in the grass,a black dog carries a white toy in his mouth and walks on the snowy field ||| a black dog is running through the snow with something in its mouth ||| a black dog retrieves in the snow ||| a black lab in the snow is holding something in its mouth ||| the black dog carries an object in the snow,0.8407594025256828,0.6692636013031006,0.875,0.7905694150420949,0.6786044041487267,0.5946035575013605,0.6816901408450705,0.6666666666666666,0.4869092404842376,0.6309273568117374,0.5661504785583686,-0.06477687825336875
1858963639_4588cd4be9.jpg,a man in a helmet is riding a bike on a bike,a girl with a red helmet carying a lot of rope ||| a smiling woman wearing a red hardhat has a long length of rope around her shoulders ||| a woman wearing a red helmet is holding a rope and smiling ||| a woman with a helmet and climbing rope smiles at the camera ||| the smiling woman in the red helmet is outdoors holding a very long rope,0.5443027781332065,0.5583644658327103,0.5,0.3015113445777636,0.0968729306151464,0.0563756031525929,0.31,0.4166666666666667,0.1859288364648819,0.23694599788594112,0.3010566402355332,0.06411064234959207
2396669903_5217a83641.jpg,a man in a red jacket and a red jacket and a red jacket and a black jacket and a woman in a red jacket and a red jacket and a red jacket and a woman in,a man carries two grocery bags a sign of a funny man is by the pole near him ||| a man dressed in a brown coat and bomber hat is carrying shopping bags and walking towards an intersection ||| a man is carrying bags nearby an elevated roadway and crosswalk ||| a person in a cap with earflaps carries two grocery bags down a city street past a poster of a mustached man ||| sombody has stuck the face of groucho marx on a walk do nt walk button,0.0001837329183473,0.3837288543581962,0.2432432432432432,0.1162476387438192,0.0337987064062765,0.018357153089008,0.1702127659574468,0.2142857142857142,0.1639339476823806,0.08588656763811062,0.1497250859081375,0.06383851827002687
375392855_54d46ed5c8.jpg,a man in a red jacket is walking down a hill,a woman in a yellow and black outfit is skiing ||| a woman skier in yellow and black races down the slope in front of the snowcovered trees ||| a woman skiing down a slope ||| a woman snow skiing in a yellow jacket and black pants ||| the woman in the yellow jacket is riding on snow skates,0.3087714438477308,0.561443418264389,0.5454545454545454,0.4045199174779452,0.1220522444470285,0.0690457308327456,0.3931623931623932,0.380952380952381,0.2211225181818008,0.2634375356821468,0.32421847174513563,0.060780936062988844
516725192_c9cdd63878.jpg,a boy in a pink shirt is walking on the beach,a fisherman stands on the beach on a gray day ||| a man holding a fishing pole and tackle box walking in from the ocean ||| a man in a yellow cap is on the beach carrying a fishing pole ||| a man with a fishing pole standing on a beach ||| a person is standing in the ocean fully clothed holding a fishing pole in one hand and a tackle box in the other,0.4286214651269102,0.632551908493042,0.7272727272727273,0.4670993664969137,0.2894178740477467,0.1319384917132592,0.4178459705049902,0.56,0.3042466044425964,0.36877753057785173,0.42950825597810993,0.0607307254002582
3640407952_bb38fb9d55.jpg,a man in a blue shirt is jumping into a pool,a man doing a skateboard trick on a skateboard ramp ||| a man in a red shirt make a skateboard jump on a ramp with graffiti ||| a skateboarder is performing stunt on a graffiti covered skateboard ramp ||| a skateboarder on a ramp ||| man skateboarding off of a ramp,0.1063477638717644,0.6231580674648285,0.6363636363636364,0.4369314487526514,0.3487691251251089,0.269855346668251,0.3284875594073246,0.5384615384615385,0.2872003614902496,0.35139339660001073,0.4120277483969536,0.060634351796942876
437054333_5c2761b8cd.jpg,a man in a black shirt is standing in a store,a bus filled with passengers in chicago at night ||| a bus full of people waiting at a stop ||| people are sitting on a bus ||| people in a bus which is heading to peterson ||| there are people sitting on a bus that is labeled peterson,0.0044346257169723,0.3866171091794967,0.3636363636363636,0.1906925178491184,0.0739278822620259,0.0474060425987813,0.2777777777777777,0.3,0.0655140429735183,0.1546982926641642,0.0940639949158839,-0.060634297748280316
3321956909_7b5ddf500f.jpg,a little boy in a red jacket is sitting on a tire,a baby girl in a brown snowsuit plays in the snow ||| a little girl smiles in her snowsuit while playing in the snow ||| a small child stands in the snow and smiles ||| a toddler in a beige suit is smiling whilst playing in the snow ||| smiling child standing in the snow,0.0505039887033086,0.5239852517843246,0.4166666666666667,0.2752409412815901,0.0911609179321448,0.0538636636883186,0.1550387596899224,0.32,0.1028634011745452,0.16430729577229616,0.22490560156052025,0.06059830578822409
3373870185_f79163fa51.jpg,a white bird is flying over the grass,a bird swooping over water ||| a bird wings outstreached over the water ||| a black and white bird is flying over water ||| a white bird spreads its wings and jumps into the water feet first ||| a white bird with a black beak begins to land near the water,2.134217811085019,0.7243364304304123,0.875,0.8660254037844386,0.7937005259840997,0.668740304976422,0.66167290886392,0.7058823529411765,0.5630409121513367,0.7150416150076673,0.6546164932830585,-0.06042512172460879
1418503947_953d373632.jpg,a man in a blue shirt is holding a guitar,a man in an orange hat pulls a cigarette out of a box ||| a man reaches into his pack for a cigarette ||| a man takes out a cigarette ||| a man with a orange hat and a brown jacket has a cigarette in his mouth ||| there is a man with a brown hat lighting a cigarette,0.0951402740624623,0.6270772963762283,0.6,0.3651483716701106,0.2554364774645177,0.1242188995129533,0.3511811023622047,0.4347826086956522,0.1737886220216751,0.28804040509159184,0.34835639201954577,0.060315986927953924
514990193_2d2422af2c.jpg,a little boy is sitting on a bench in a park,a woman is laying on a striped couch on a grassy yard in a residential neighborhood ||| a woman lays on a sofa in a yard ||| a woman lies down on an old couch sitting on the grass ||| girl poses on couch on suburban lawn ||| there is a couch sitting on grass with a girl in jeans and light brown hair on it,0.1214193071247041,0.6130564212799072,0.5810640921796215,0.3989624188222926,0.1173221600176497,0.0655227643641459,0.4847826086956522,0.5,0.200473353266716,0.2931525087019678,0.3529582726248509,0.059805763922883115
534655560_dc1c335b3f.jpg,a man in a red jacket is sitting on a bench with a man in a black jacket,a girl in a pink hat is running past a green wheelbarrow ||| a girl runs in front of a wheelbarrow ||| a little girl wearing a hat playing surrounded by a wheelbarrow with wood in the background and a building ||| a little girl wearing a pink hat is running near some garden tools ||| a young girl with a painted face runs in a backyard,0.0088438405477627,0.3919602185487747,0.3678731267970754,0.2023372454591686,0.0623210465282164,0.0351496796005319,0.3811965811965813,0.3448275862068966,0.0974990800023078,0.17648582471788116,0.11713068705572255,-0.05935513766215861
2554081584_233bdf289a.jpg,a man in a blue shirt is sitting on a bench,a climber is between two large red rocks ||| a man squeezes between two rock formations ||| a man wearing a yellow shirt and white hardhat stands inside a crevice between two rock faces ||| a rock climber standing in a crevasse ||| the rock climber appears to be stuck between a rock and a hard place,0.0440573936355522,0.4522369056940079,0.6363636363636364,0.3567530340063378,0.1122442959954951,0.0648411507139764,0.2268292682926829,0.3571428571428571,0.1093868240714073,0.23041157778541901,0.17189334025329941,-0.0585182375321196
2076428547_738e0a132f.jpg,a man in a blue jacket is riding a trick on a hill,a backpacker standing near water at dusk ||| a hiker is shadowed by the time of day near an open and treelined body of water ||| a hiker s profile against a blue sky and mountain range ||| a hiker standing on the shore of a lake ||| a man with a hiking backpack on is standing in front of a lake with a forest in the background,0.0482505793434954,0.544324591755867,0.6923076923076923,0.3396831102433786,0.1016057783719578,0.0569100288012269,0.2756638601036269,0.3636363636363637,0.2037960588932037,0.24230902849703767,0.3004517080241759,0.05814267952713825
1827560917_c8d3c5627f.jpg,a black and white dog is playing with a toy,a dog with a few leashes and a vest on pulls at something with its mouth ||| a dog with a harness and a toy its mouth ||| a dog with a reflective harness looks at the camera ||| a dog with a toy in its mouth eyes the camera ||| a small black and white dog in a harness is looking at the camera,0.890282087016274,0.6117124110460281,0.9,0.7071067811865476,0.5723571212766659,0.4045533557851106,0.4666866746698679,0.5,0.3927386701107025,0.5228877506982482,0.4650992932710367,-0.057788457427211504
2400958566_4e09424046.jpg,a man in a red shirt and a blue shirt and a blue shirt and a blue shirt and a blue shirt and a blue shirt and a blue shirt and a blue shirt and a blue,a girl hiking in front of a waterfall ||| a hiker carrying a backpack is walking past a waterfall ||| a hiker with a backpack is walking near a waterfall ||| a person crosses the stream in front of a waterfall ||| a woman is backpacking through a stream in front of a waterfall,1.6490022760948163e-08,0.3915036842226982,0.1081081081081081,0.0173291748303345,0.0095023110093323,0.0070876489890461,0.1379310344827586,0.1333333333333333,0.0448685176670551,0.028486227567969424,0.08578000205098936,0.057293774483019935
1400424834_1c76e700c4.jpg,a man in a blue shirt and jeans is standing on a sidewalk,a lady dressed in shades of black waits on the sidewalk for a train ||| a skinny girl in large boots is standing by the roadside ||| a tall thin brunette girl wearing combat boots standing on a sidewalk ||| a woman standing by a wire fence on a sidewalk ||| woman in zebra print top and tight jeans standing on a curb,0.7486674630482544,0.597367063164711,0.7692307692307693,0.5063696835418333,0.359907503551434,0.2613022659677713,0.4962243797195253,0.48,0.4311668574810028,0.4195973852210214,0.4763586210070312,0.05676123578600978
3656225270_cdf89e3240.jpg,a child in a red shirt is swinging on a swing,a girl hangs over the seat of a swing in a playground ||| a girl in a red shirt is swinging on her stomach ||| a girl in red rides on her stomach in a playground swing above a sandy surface ||| a girl is playing on a swing ||| a little girl in red is swinging on her stomach on a playground swing,2.1751938555041885,0.8051171898841858,0.9090909090909092,0.8528028654224418,0.7856009758726495,0.7016879391277372,0.6818181818181819,0.7272727272727273,0.6780288219451904,0.7296136110549538,0.7863320174430862,0.056718406388132414
522063319_33827f1627.jpg,a woman in a blue shirt is holding a swing,two children are dressed as pirates ||| two children dressed as pirates ||| two children kneeling down with pirate hats on ||| two young boys are kneeling in the bushes wearing pirate costumes ||| two young boys wearing pirate hats are crouching down,0.0002471905810351,0.3672441840171814,0.1,0.0333333333333333,0.0240374928384568,0.0211053406318726,0.0609756097560975,0.0952380952380952,0.0552355982363224,0.01602487038314168,0.07266096556723822,0.05663609518409654
2196050115_e236d91f52.jpg,a man in a black and white jacket is standing on a tree,a boy is aiming a bow and arrow at a target ||| a boy is firing a gun at a bullseye attached to a hay barrel ||| a boy taking aim at a target on a bale of hay with his bow and arrow ||| a young archer aims his bow at a haystack target ||| boy wearing jeans aiming bow and arrow toward target on a hay bale,0.0132041967553467,0.3813546150922775,0.4615384615384615,0.196116135138184,0.0704495119733688,0.0432422707546321,0.2240963855421686,0.3333333333333333,0.0995147302746772,0.16648936109474027,0.10991364302595846,-0.05657571806878181
3628043835_9d9bd595a7.jpg,a man in a white shirt is standing on a bench,a man dressed in white runs away from two men chasing him dressed in black ||| a man holding flowers runs from two policeman ||| a man in white flees men dressed as law enforcement agents ||| a man in white runs while two officers follow ||| men in black chasing man in white,0.2287081058108135,0.5454189702868462,0.3636363636363636,0.2696799449852968,0.2006711459695971,0.1002515743147813,0.4043478260869566,0.3999999999999999,0.1855970621109008,0.2342977168560722,0.29060330397862777,0.05630558712255557
3336808362_c17837afd8.jpg,a man in a red shirt is sitting in front of a table,a man and another person in shadow watch a street parade at night ||| a man sits while in the distance other men are shirtless wearing kilts ||| a man watching something that other people are doing ||| the man is standing on the sidelines looking at people holding blue signs ||| two people watching the crowd in front of them,0.1383629358869721,0.4314595833420753,0.5384615384615384,0.3668996928526714,0.2304450251853144,0.1051781439830431,0.3132387706855792,0.3076923076923077,0.1719284057617187,0.24847563348336998,0.192253973914492,-0.05622165956887798
3692892751_f6574e2700.jpg,a group of people are walking around a crowd of a crowd,a man does a trick on his skateboard in front of a crowd ||| a skateboarder without a shirt grabs his board in the air ||| a young man shocks the audience with his skateboard tricks ||| man with no shirt and tatoos on back airborne with skateboard in hand ||| the skateboarder performs a jump in front of a crowd of spectators,0.4247702825574858,0.5587196350097656,0.5,0.3692744729379982,0.3010067189543958,0.1319384917132592,0.3457364341085272,0.4166666666666667,0.2585117518901825,0.28847953114100716,0.34407496924539416,0.055595438104386996
2312731013_1a3a8e25c6.jpg,a little boy in a red coat is walking in a snow,a man and a dog are sitting on the pavement are sitting by a wall ||| a man and his husky sitting in the snow at the corner of a building ||| a man is sitting in the snow with his dog asking for spare change ||| a man sits outside in the snow with his dog and blue blanket ||| person sitting in snow on a sidewalk holding small black dog and a husky laying beside him,0.2244776868319556,0.4500335454940796,0.4600222073146616,0.0620293817803164,0.0328348144354607,0.0245268906935912,0.144927536231884,0.3076923076923076,0.1346326619386673,0.12970102351829854,0.1850121763541518,0.05531115283585325
3113682377_14fc7b62b0.jpg,a man in a black shirt and glasses is sitting on a table,two female friends pose for a picture at night ||| two girls smile for the camera ||| two smiling women pose for a picture ||| two women sit very close and pose for their picture to be taken ||| two young women pose and smile in a darkly lit area,0.00492870683723,0.2832500264048576,0.2307692307692307,0.1386750490563073,0.055915814708586,0.0363622704650007,0.1785714285714285,0.1666666666666666,0.0993393585085868,0.08701463786174746,0.03207248586828437,-0.054942151993463084
3440160917_4524cfd9f6.jpg,a little boy in a red shirt is sitting on a swing,a child in a green sweatshirt is collecting colored eggs ||| a small child is holding a basket of brightly colored easter eggs and is picking up a pink one from the grass ||| a young boy carrying a basket collects easter eggs in the grass ||| a young child is picking up easter eggs in the grass ||| the child is carrying a basket of colored eggs and bending over with an egg in his hand,0.0262512654319549,0.4758471250534057,0.5,0.2132007163556104,0.0768880959828629,0.0474060425987813,0.196078431372549,0.3636363636363636,0.1787693947553634,0.17719259408906737,0.23145456263391184,0.05426196854484447
2667783499_3a4f38f636.jpg,a boy in a blue shirt is jumping into a pool,a small boy in blue crawls along a window sill ||| a small child crawling on a windowsill ||| little boy with blue shirt crawls across vents near large glass windows ||| the little boy crawls around next to the large glass windows ||| this picture shows a boy in a blue shirt leaning his head against a window with lots of beautiful clowds outside,0.2800522846206555,0.5790495127439499,0.6363636363636364,0.5640760748177662,0.5209918709294177,0.4798782066690663,0.3683168316831683,0.4761904761904761,0.27995166182518,0.42687557039128154,0.372808168009238,-0.05406740238204355
3447155358_5b5b59b15e.jpg,a girl in a pink dress is holding a little girl in a pink dress,a girl in a dress holds a tennis racket ||| a little girl in a red dress and cape holds a large tennis racquet ||| a little girl in a red flowered dress with a tennis racket ||| a young girl in an orange dress holding a tennis racket ||| the little girl in the red flowered dress and pink cape is holding a racket,0.8434154743836606,0.7035184651613235,0.6666666666666666,0.5773502691896257,0.5042374901745558,0.4231178541610578,0.4995748299319728,0.5833333333333334,0.383238285779953,0.4782040066406216,0.532252408140515,0.05404840149989337
2577972703_a22c5f2a87.jpg,a little girl in a red shirt is sitting on a swing,a girl making a sad face standing in front of her tricycle ||| a little girl in a pink shirt about to cry ||| a little girl with mud on her face cries ||| a young girl with dirt on her face and a red child s bike is in the background ||| the girl in a pink top is standing next to a red tricycle looking like she is about to cry,0.575203599458414,0.6400877237319946,0.75,0.5838742081211423,0.467648930822808,0.3882726777522232,0.5010893246187365,0.5454545454545454,0.2662160992622375,0.46687777838483246,0.41308722260417674,-0.053790555780655724
3713882697_6dd30c7505.jpg,a young girl in a pink shirt is playing with a woman in a pink shirt,a fat woman wearing a blue tank top and a backpack eating a chili cheese dog ||| an obese woman holding a chili dog in her right hand ||| a woman holding a giant hot dog covered with mustard ||| a woman in a blue shirt with a backpack eating a hot dog ||| a woman in a blue tank top eats a chili cheese hot dog,0.2280865793989853,0.5602946132421494,0.5,0.3651483716701107,0.2670629030097325,0.195647514979229,0.474624060150376,0.4827586206896552,0.1187747716903686,0.31557888675387474,0.26304570466550165,-0.0525331820883731
3724623861_2bb6c23641.jpg,a woman in a blue shirt is wearing a blue shirt and a blue shirt,a girl in a colorful dress and sunglasses is playing a violin on the street ||| a red haired woman playing the violin ||| a woman in a dress plays violin outside ||| a woman plays a violin outdoors ||| a woman wearing a plaid dress plays an instrument while standing near a tree,0.1182131686189125,0.5112931877374649,0.5333333333333333,0.3903600291794132,0.2862018537005096,0.2102369368326755,0.3627873563218391,0.3478260869565218,0.137431189417839,0.28736831461272294,0.23520198151905022,-0.05216633309367272
2714703706_d21c5cb8df.jpg,a brown dog is running in the grass,dogs playing ||| a brown dog is biting a white and tan dog on the snout ||| the brown dog has a hold of the other dogs cheek with its teeth ||| two dogs are nuzzling each other nose to nose ||| two dogs bite at each other on the carpet,0.2377820608306019,0.4528788849711418,0.5515605641153721,0.4567355390249504,0.3944335504660706,0.3226013518927286,0.3846153846153847,0.4761904761904762,0.337434321641922,0.35879099751924987,0.30667663938241296,-0.0521143581368369
3138504165_c7ae396294.jpg,a man in a red helmet is riding a skateboard on a ice,a goalie stands in front of the goal at a hockey game ||| a hockey player guards the goal ||| a hockey player in a yellow jersey is guarding the goal ||| an ice hockey goalkeeper wearing yellow is defending the goal ||| the goaltender is crouching in front of the goal,0.085983497886881,0.4901907220482826,0.3846153846153846,0.1790287185098582,0.0662955289840255,0.0413155159110629,0.1785714285714285,0.3333333333333333,0.1028871834278106,0.14700569396237542,0.19814088052550388,0.05113518656312846
3128514681_a51b415c31.jpg,a man in a black shirt is riding a bicycle in the air,two ladies wearing dresses pose on the side of the road at night ||| two woman wearing dresses stand in the street and pose ||| two women in dresses pose on a street ||| two women on the side of a road ||| two women wearing dresses and heels posing under hanging lights on a street,0.0045748118087707,0.4380104690790176,0.2307692307692307,0.1386750490563073,0.055915814708586,0.0363622704650007,0.1820388349514563,0.1904761904761905,0.0726931914687156,0.09124872586690677,0.13901508991161593,0.04776636404470916
2661294481_b86058b504.jpg,a man in a red shirt is walking down a street,a crowd begins to march in a small downtown setting ||| a group of people holding signs and marching through the streets ||| a group of people with signs and banners walking down the street ||| a protest march is crossing the intersection of two streets near to a building with red awnings ||| many people hold signs and march down the street,0.3303542970492449,0.4945085942745209,0.7272727272727273,0.3813850356982369,0.1173531980725211,0.0670422683816333,0.2652310924369748,0.3478260869565217,0.287677139043808,0.2626444260592722,0.31036686635183475,0.04772244029256256
2615811117_42b1838205.jpg,a little boy in a blue shirt is sitting on a playground,a baby in a life jacket on a raft ||| a baby is wearing an adult life jacket whilst sitting in a dinghy inside the house ||| a happy baby wears an orange life vest ||| a young kid wearing a life jacket ||| the toddler sits in the boat with a life jacket on indoors,0.0351574102361297,0.4978879541158676,0.5833333333333334,0.3256694736394648,0.1019807108406801,0.058590593701517,0.4795698924731184,0.4761904761904762,0.1396444588899612,0.27231365984990213,0.22588287400936874,-0.046430785840533395
2921094201_2ed70a7963.jpg,a man in a blue shirt is sitting on a chair,a man sits in an airplane seat holding a young girl in his arms surrounded by other passengers ||| a small girl wearing pink sleeps on a man s lap as they ride in an airplane ||| a young girl falls asleep in her father s arms while seated on an airplane ||| little girl sleeping in crowded airplane ||| young girl wearing a pink sweater sitting on a man,0.1673065166956768,0.5655514821410179,0.5454545454545454,0.4045199174779452,0.2629535894329295,0.1227826014909611,0.4415841584158416,0.380952380952381,0.2430697679519653,0.29413055533156435,0.3403962568445511,0.04626570151298676
3496028495_431cfdc042.jpg,a dog is swimming in the water,a brown dog swimming in the water with a tennis ball in his mouth ||| a brown dog swims back to shore after retrieving a yellow tennis ball ||| a brown labradoodle retrieves a tennis ball in a lake ||| the brown dog is swimming ||| there is a brown dog swimming outside with a tennis ball in its mouth,1.2263858768828184,0.7665505260229111,1.0,0.9128709291752768,0.7937005259840997,0.5946035575013605,0.7211538461538461,0.5714285714285714,0.6401686668395996,0.6879978796542424,0.7334797655688867,0.045481885914644304
2660480624_45f88b3022.jpg,a man in a red shirt is walking down a road,two girls are standing in front of a car that is advertising red bull ||| two ladies pose in front of the red bull energy drink vehicle ||| two women posing next to the redbull car ||| two women standing beside a silver and blue car with a redbull logo and a giant redbull can on it ||| two young women stand by a red bull car,0.0924879020054691,0.3811978548765182,0.4980549361539613,0.2132543830616615,0.0772723349154372,0.0479043774583581,0.145985401459854,0.2399999999999999,0.0947736278176307,0.15229607108238485,0.10699786062061052,-0.04529821046177433
1425069308_488e5fcf9d.jpg,a woman is jumping to catch a ball in a house,a dog on two legs with its mouth opened toward a blue ball in the air ||| a white dog catching a blue ball ||| a white dog jumps to catch a blue ball in a living room ||| the dog is jumping in the air to catch a ball ||| two dogs in a family room are playing one is catching a ball in its mouth,1.2200064245488138,0.726754367351532,0.8181818181818182,0.7006490497453707,0.6020134379087915,0.4063798282013443,0.6722608024691359,0.6666666666666667,0.36033496260643,0.582395865663045,0.5371789951610806,-0.045216870501964435
1784309115_0ad6791146.jpg,a man in a red shirt is standing on a sidewalk,a girl in the bathing suit talking to a guy ||| a woman in a bikini is talking to a regularly dressed man on a bridge ||| a woman in a small pink bikini chats on a cellphone while a man looks on outside a city shop ||| a woman in a string bathing suit with a man on a boardwalk on a foggy day ||| a woman in a pink bikini next to a man in brown,0.1046325169714687,0.485423244535923,0.6363636363636364,0.504524979109513,0.304677894412465,0.1371223389067546,0.3284875594073246,0.4615384615384615,0.2458617687225341,0.32367783719693133,0.2785467196039835,-0.045131117592947856
766061382_6c7ff514c4.jpg,a woman in a bathing suit is playing in the water,a bare chested smiling child plays in water ||| a child with shoulderlength brown hair is playing in water outdoors ||| a topless boy with long hair who is drenched in water is flexing his muscles whilst smiling ||| a wet smiling child without a shirt poses with arms raised ||| a young boy with long hair plays in the water,0.3034089840465208,0.6202466785907745,0.6363636363636364,0.504524979109513,0.3838700926079122,0.163066861053727,0.4792079207920792,0.4761904761904761,0.296787679195404,0.3706421054214009,0.4153657914419324,0.044723686020531506
1456393634_74022d9056.jpg,a man is walking on the beach,a boy doing a handstand on the beach ||| a child does a handstand on the sand at the beach ||| a child doing a handstand on the beach ||| a little boy does a cartwheel on the beach ||| a little boy doing a handstand on the beach,1.18880450228739,0.6000445038080215,0.4953587998572467,0.3783365327513854,0.2916854920503117,0.1522862198243566,0.4746835443037974,0.5333333333333333,0.2948929071426391,0.35386492659397834,0.3982419811065242,0.044377054512545866
1295669416_21cabf594d.jpg,a man in a black shirt is sitting on a bench,a girl dressed in a red and black top with black pants is sitting on a wall ||| a girl in a red and black striped shirt sits on a brick wall in front of a tropical plant ||| a girl wearing a red and black striped shirt is sitting on a brick wall near a flower garden ||| a lady in a red and black striped shirt is sitting on a retaining wall ||| a woman in semiformal attire is sitting on a concrete wall,0.9155284218468362,0.70688895881176,0.8181818181818182,0.6396021490668313,0.5147142492000893,0.4296943523820147,0.5893793336715711,0.6923076923076923,0.3277736008167267,0.5456300921851832,0.5022655189074199,-0.04336457327776333
3150440350_b0f2a9e774.jpg,a man in a blue shirt is sitting on a bench,a man dressed in a military uniform bends over to speak to a person sitting on the sidewalk ||| a man in sailor whites talks to a person seated on the ground ||| a man sitting on the floor crying while another man is trying to comfort him ||| a pilot is bending down to assist a man that is crying ||| a sailor is checking on a man who is sitting on the ground crying,0.3051667210055492,0.605035163462162,0.6640732482052818,0.6031744815226179,0.419498774339769,0.170374736169862,0.3993055555555555,0.4166666666666666,0.3204102516174316,0.37387484450520414,0.41722120885124653,0.04334636434604239
440737340_5af34ca9cf.jpg,a woman in a pink shirt is standing on a beach,a black man with a red mask is carrying a box ||| a man in a domino mask carries an amplifier up a hill ||| a man with a mask carrying a black speaker ||| a masked man in bright clothing carrying a large box ||| black man lifting black box is watched by black dog,0.0053762560037194,0.4300427436828613,0.4545454545454545,0.2132007163556104,0.0796363970529507,0.0501257871573906,0.2652310924369748,0.3636363636363636,0.0815150216221809,0.1809537590606074,0.13789578122987955,-0.043057977830727845
2913207978_9e9624e249.jpg,a woman in a red shirt is walking down a sidewalk,an asian woman holding a fan watches traffic go by ||| an asian woman in a misspelled tshirt fans herself in the midafternoon sun while waiting for a bus in the city ||| a woman in a white shirt standing beside a road fanning herself ||| a woman waits at the side of a busy road holding a fan ||| a woman with a fan near the street,0.2820846899765806,0.5983148515224457,0.5454545454545454,0.4045199174779452,0.331300762471962,0.2596535889340338,0.4726890756302521,0.5217391304347826,0.2953046560287475,0.35417118045031365,0.3971138459317626,0.04294266548144893
3231751379_10ebf7150c.jpg,a man in a red shirt is holding a red game,a goalie is crouching in a defensive position in front of the goal ||| a hockey player in blue and red guarding the goal ||| an ice hockey goalkeeper in a red and blue strip is on his knees in front of the goal ||| an ice hockey player is bending down on the ice ||| the hockey player knelt on the ice,0.0471865900886634,0.4841718450188637,0.4545454545454545,0.3015113445777636,0.216166439082676,0.1060031337951259,0.198019801980198,0.2857142857142856,0.1875482052564621,0.20040264229760735,0.24322002808286905,0.0428173857852617
3170110692_d1e0e66cee.jpg,a man with a black shirt is holding a drink,a couple each wearing a silly mask and holding a fake cigar ||| a man and a woman are dressed as groucho marx with fake cigars ||| a man and a woman dress up ||| a man and a woman wear funny masks and pretend to smoke large fake cigars ||| a woman and a man pose with groucho marx disguises,0.111499628947714,0.4343907535076141,0.6,0.3651483716701106,0.1185631101496687,0.0698534205658009,0.267478813559322,0.3636363636363636,0.1723503321409225,0.2372059003743046,0.19482505851206544,-0.04238084186223917
3392019836_c7aeebca1c.jpg,a group of people stand at a table,a couple gazes in awe at a display at a carnival ||| there is a man in red and two children looking at a large round colorful wheel ||| three people are standing at a carnival game ||| two people play a game at a carnival ||| two people stand before a spinning wheel at a carnival,0.366429045109128,0.5161647871136665,0.625,0.4225771273642582,0.143842395666197,0.0878360261971396,0.46875,0.5,0.1959924697875976,0.31591347247794876,0.27354316880246243,-0.04237030367548633
2286235203_af3cd8f243.jpg,a woman in a black shirt is sitting on a bench,a woman is looking down and wearing a white hair piece that looks like a wedding veil ||| a young bride purses her lips ||| a young woman is wearing a bridal veil outside a church ||| bride with a white veil looking down ||| the bride is standing outside,0.0501570428678467,0.5210022628307343,0.4545454545454545,0.2132007163556104,0.0796363970529507,0.0501257871573906,0.2272727272727273,0.3636363636363636,0.096101738512516,0.17665807881682682,0.21856061275017094,0.041902533933344116
418796494_bdb441de42.jpg,a black and white dog is fighting on the camera,a dachshund puppy jumps on a bed ||| a puppy jumps on a bed with purple sheets ||| a puppy on a bed with blue sheets and pillow ||| a small black and brown puppy is looking up ||| the dog is on the bed,0.1199022618967553,0.5634893104434013,0.7,0.4830458915396479,0.1428769813718899,0.0803428418944651,0.5859375,0.5,0.1821812689304351,0.3444436655009831,0.30291098627390023,-0.04153267922708287
356143774_ef3e93eede.jpg,a white dog is walking in the water,a pair of long necked birds swimming ||| two swans glide on river ||| two swans swimming in the water ||| two swans swimming near the shore ||| two white swans in the lake,0.1809257029080782,0.5959996953606606,0.625,0.4225771273642582,0.3098990471205467,0.1561969968460128,0.4749103942652329,0.4285714285714285,0.2600619792938232,0.3332804321367882,0.3745283968847981,0.0412479647480099
219301553_d2fffe9e0c.jpg,a group of people are sitting on a river,a group of people are crossing a river ||| a group of people are wading though a stream between steep rocky cliffs ||| people wading in a river ||| several people are wading in a river in a deep gorge ||| several people wading in the water at the bottom of a ravine,1.624102867303736,0.7348235696554184,0.7777777777777778,0.6972166887783963,0.5928155507483438,0.5133450480401704,0.854119425547997,0.823529411764706,0.6193059682846069,0.6554384702385084,0.6960554050146934,0.040616934776185
2765747519_2b851e01d6.jpg,a little girl in a blue shirt is sitting in a blue toy,a baby in a green bag peeks out ||| a child is mostly hidden in a green shopping bag ||| a child is sitting in a green tote bag with only its eyes and hair poking out ||| infant peers from a limegreen shopping bag ||| little baby is peeking out of a green grocery bag,0.1539277253085001,0.4678505659103393,0.4615384615384615,0.3396831102433787,0.2758005147606801,0.2140160303375297,0.3064320388349515,0.3478260869565217,0.1708372086286544,0.26084151615172696,0.22044762450832026,-0.040393891643406704
2502782508_2c8211cd6b.jpg,a man in a blue shirt is sitting on a bench,a man in a hat and sunglasses reads a book on a park bench ||| a man in c camouflage cap and jeans is sitting on a bench reading a book ||| a man is sitting on a bench and reading a book ||| a man on a park bench reads a novel ||| a man wearing a camouflage hat and sunglasses reading a book on a black metal bench,1.3619403555566103,0.7234077155590057,0.8181818181818182,0.7567874686642695,0.6826924810955317,0.587728372510532,0.6384943181818182,0.6363636363636364,0.5790860652923584,0.623033371274895,0.6633279836098038,0.04029461233490883
90011335_cfdf9674c2.jpg,a man is jumping into the water,a boat is on the water with mountains in the background ||| a boat on the water ||| a lone boat sitting in the water ||| a white boat on glassy water with mountains in the background ||| this is a boat on the water with mountains in the background,0.4265046359591312,0.5953469127416611,0.5714285714285714,0.3086066999241838,0.1239596188482187,0.0830701847441279,0.4914529914529914,0.5,0.1907029300928115,0.29323600079216877,0.3331724551985706,0.03993645440640181
195084264_72fb347b0f.jpg,a man plays guitar while a man in a blue shirt,a man in a checked shirt stands next to a large wooden bowl ||| a man standing next to a large plate ||| an older man is standing next to a display of wooden trays ||| an older man poses near wooden bowls on display ||| the man wearing glasses is showing a wooden product,0.1271988854045825,0.5462098866701126,0.4980549361539613,0.3693674263995535,0.3025109635180081,0.2370898780409263,0.3331163194444444,0.4166666666666666,0.1187289953231811,0.2917397709673192,0.2518580397126055,-0.03988173125471367
2474047296_fd9179d438.jpg,a man in a red shirt and a backpack and a backpack and a man in a blue shirt and a blue shirt and a blue shirt and a blue shirt,a man in a white shirt and dress pants sits just underneath a stone archway ||| a man wearing a white shirt and black pants sitting on a staircase ||| an old man sits in an ancient brick archway ||| an old man with a white shirt and black pants sits on a chair in the opening of a stone tunnel ||| elderly man sitting in a doorway,0.0073567538146362,0.481184646487236,0.2258064516129032,0.1735152064855424,0.1275760134044438,0.092797710679756,0.2889107450209,0.3043478260869565,0.0969903171062469,0.14811769196386693,0.18753240177003425,0.03941470980616732
264141937_585320617a.jpg,a man in a red shirt is walking on a skateboard,a woman is holding a white satchel that is full of dollar bills ||| a woman poses with sunglasses shaped like dollar signs and a silver suitcase labelled lucky full of bills ||| a woman wearing a money themed costume stands on the street ||| a woman wearing a suitcase full of money ||| a woman wearing dollar sign glasses holding a dollar bill stands with a suitcase that says lucky that is overflowing with cash,0.0043370765369147,0.36330446600914,0.4545454545454545,0.0674199862463242,0.0369639411310129,0.0281878015762964,0.1363636363636363,0.2727272727272727,0.0685673281550407,0.11671010197462753,0.07738887614920092,-0.0393212258254266
102351840_323e3de834.jpg,a man in a red jacket is walking down a beach,a man drilling a hole in the ice ||| a man is drilling through the frozen ice of a pond ||| a person in the snow drilling a hole in the ice ||| a person standing on a frozen lake ||| two men are ice fishing,0.0339077753976458,0.487167090177536,0.4545454545454545,0.2132007163556104,0.0796363970529507,0.0501257871573906,0.2409638554216867,0.3636363636363636,0.1394163072109222,0.17820425006991938,0.2172533449373565,0.03904909486743713
3612249030_e2829ffa31.jpg,a woman in a red shirt is walking on a beach,a boy carries a boogieboard on the beach ||| a boy is carrying a black body board across the sand ||| a boy standing on a beach ||| a kid in black carrying a cushion ||| a young boy wearing a spiderpatterned shirt on the sand,0.4066620512324038,0.4885434359312057,0.6363636363636364,0.3567530340063378,0.2418230050509015,0.1153056832378949,0.576923076923077,0.4705882352941177,0.2787788510322571,0.33937691353086397,0.30040076477301547,-0.038976148757848494
3210419174_d083a16f77.jpg,a man in a black shirt and a woman is sitting on a table,a group of young people smile for the camera ||| several people are hugging each other inside a bar ||| some people at a part gather to take a picture ||| two guys pose with two women everyone is wearing black and white ||| two women of african descent a dark skinned man and western man in a white shirt posing for a photograph,0.0567948799458319,0.5160646140575409,0.6428571428571429,0.3144854510165755,0.2019946918985375,0.0930372353185366,0.3547791778032327,0.3529411764705882,0.2408091276884079,0.26150363486260597,0.29985188509820226,0.03834825023559629
370614351_98b8a166b9.jpg,a man in a red shirt is walking down a street,a man with a mohawk with his arms in the air ||| a man with multicolored hair wearing a weird outfit ||| a person in a kilt and a sports jersey and a mohawk is in a store ||| punk rocker buys computer ink in the bigbox store ||| the man with the eccentric clothing and hair poses in a store,0.0602102668474678,0.4356912523508072,0.5454545454545454,0.3302891295379082,0.1066224564261435,0.062389860721175,0.1818181818181818,0.3703703703703703,0.1277555525302887,0.20743818938203987,0.16959812035265182,-0.03784006902938805
3259992722_4c5e895734.jpg,a man in a red shirt is walking down a street,a crowd in a european square watching a green shirted man ||| a gentleman in a green jersey is entertaining a crowd of people ||| a man in a jersey stands in front of a large crowd ||| a man with a yellow and green shirt is standing in front of a crowd of people ||| man in colorful jersey and cap performs for crowd in urban area,0.2126647925915409,0.6180347129702568,0.6363636363636364,0.504524979109513,0.3838700926079122,0.2899784414715207,0.4726890756302521,0.4347826086956521,0.3005377650260925,0.3784163937763906,0.4158210882059221,0.03740469442953154
1429546659_44cb09cbe2.jpg,a dog with a toy in its mouth is running in the water,a white dog and a black dog in a field ||| a white dog with a branch in his mouth and a black dog ||| a white dog with a stick in his mouth standing next to a black dog ||| two dogs are standing next to each other and the white dog has a stick in its mouth ||| two dogs stand in the brown grass,0.6344192487059783,0.5681690573692322,0.6153846153846154,0.5063696835418333,0.359907503551434,0.1469410625195576,0.3362573099415205,0.4615384615384615,0.1905844509601593,0.34889211563050054,0.3115670112775953,-0.03732510435290526
3684562647_28dc325522.jpg,a group of people are standing on a street,a bus is carrying people while decorated with banners in the colors of the rainbow ||| a group of people on a bus with colorful flags wave at the people below ||| people are waving from a bus covered in rainbow flags ||| people in a tall bus wave while holding colorful flags ||| people riding on a tour bus in a parade wave to the bystanders,0.2995187777033488,0.5811306834220886,0.6959861353000654,0.6238969054580371,0.4634123021351921,0.3490391327215484,0.3906249999999999,0.5,0.4291036427021026,0.4251987519292615,0.46227812021975817,0.037079368290496684
50030244_02cd4de372.jpg,a dog is running in the grass,a cat sits alone in dry grass ||| a group of cats sit in the grass ||| several cats resting in a field of dry grass ||| the cats are lazily laying in the field of dry grass ||| the three cats two white with calico accents and a gray tabby are laying in the brown grass,0.4128981553104235,0.5726529657840729,0.5714285714285714,0.4364357804719847,0.3364781731479948,0.1756720523942792,0.4746835443037974,0.5333333333333333,0.2002570778131485,0.35783771455406777,0.3208153045890968,-0.03702240996497097
3441511444_b031585b45.jpg,a man in a red hat is sitting on a bench,a man in uniform presents paperwork to another for his signature ||| a man wearing a tan coat signs papers for another man wearing a blue coat ||| two men are holding papers while one of them writes something ||| two men getting a document signed ||| two men with heads down signing a paper,0.0514731165586934,0.4452079907059669,0.4545454545454545,0.3015113445777636,0.216166439082676,0.1060031337951259,0.2323232323232323,0.3076923076923076,0.1194927617907524,0.2092007180027431,0.17227402706188077,-0.03692669094086232
1394368714_3bc7c19969.jpg,a man in a red jacket is sitting on a bench,a dog waits as his owner rummages through a collection of stuff ||| a man holding the leash of a pug bends down to look in a bin at an outdoor rummage sale ||| a man with a pug dog bends over to pick something off the sidewalk ||| a man with a pug on a leash bending down to examine merchandise ||| a person holding a small dog on a leash is bending over and looking through items,0.0371471038961705,0.515768975019455,0.5810640921796215,0.3989624188222926,0.1173221600176497,0.0655227643641459,0.3484375,0.4166666666666666,0.1057834029197692,0.2565813283226694,0.22011433872297698,-0.03646698959969241
3613264553_97b687f172.jpg,a man in a red jacket is standing on a mountain,a white dog is on a large rocky surface at a high elevation ||| a white dog is walking on a rocky hillside ||| a white dog is walking on top of a mountain ||| white dog on mountainside turns to face something offstage sky in background ||| white dog standing on rock in front of blue sky,0.3725323430089154,0.5873829126358032,0.7272727272727273,0.4670993664969137,0.134335877242797,0.0741944662736501,0.3683168316831683,0.4761904761904761,0.233292743563652,0.3156601792243305,0.35193872096750817,0.036278541743177684
3476451861_5b9c9ce191.jpg,a person in a helmet is doing a trick on a dirt bike,a bicyclist is performing a trick on a tall tree ||| a person is riding a bike on a tree ||| a person riding a bike with blue wheels on a tree trunk at night ||| a young person doing a bike trick on a trunk of a tree ||| person is riding a bike with blue tires up a tree,0.9026175183009898,0.7232120633125305,0.7692307692307693,0.5661385170722979,0.3876986054269914,0.2762935071062246,0.6716861501882306,0.5454545454545455,0.3224274218082428,0.4764481233695498,0.512052081722139,0.03560395835258923
1682079482_9a72fa57fa.jpg,a girl in a blue shirt is blowing a little girl in a blue shirt,a little girl on a kid swing ||| a little girl shouts for joy as she swings on the swing ||| a toddler girl in a swing is laughing ||| a toddler in a pink shirt in a bucket swing ||| a young girl making a wide mouthed expression while swinging,0.1816469828203798,0.670354962348938,0.6,0.4629100498862757,0.3206465864117307,0.1287433050814484,0.5126436781609195,0.48,0.1732413321733474,0.3467422665542021,0.3823272912048495,0.03558502465064739
1296770308_3db2022f5a.jpg,a man in a red shirt is sitting on a bicycle,a girl sits on a bar stool ||| a girl sitting in a dark bar ||| a woman sits at a dark bar ||| dark nightclub with chairs ||| there a several people in a dark bartype room including one girl on a stool,0.0717102509611248,0.5354528874158859,0.5454545454545454,0.3302891295379082,0.1066224564261435,0.062389860721175,0.5067567567567568,0.4444444444444444,0.1020111292600631,0.26887148182887055,0.2334907166689483,-0.03538076515992225
506808265_fe84ada926.jpg,a man is sitting at a table with a man in a black shirt,a lady with red hair is standing in front of a mixing table with another person behind her holding up their hands ||| a middle aged woman is standing by a dj deck in a house ||| a middle aged woman pretends to be a dj as younger people point ||| an older woman stands by turn tables as another female flips off the camera ||| red haired lady acts like a dj,0.0790568036154766,0.4853075370192528,0.5,0.2773500981126146,0.0862233979611117,0.0491327054814442,0.283969465648855,0.3703703703703704,0.178283154964447,0.2042537393377672,0.23866467743379044,0.03441093809602325
1541272333_1624b22546.jpg,a dog is walking in the snow,a brown dog brings up some dust as he runs around a field ||| a dog and a dust storm ||| a dog and sand blowing in the wind ||| a dog in a sandy area with the sand stirred up into the air and several plants in the background ||| dog kicking up dirt,0.1583247945843349,0.5888913199305534,0.5714285714285714,0.4364357804719847,0.156179333123816,0.0987876547423074,0.5645569620253165,0.5333333333333333,0.2450510114431381,0.3260726363909578,0.36005726012379136,0.03398462373283356
271637337_0700f307cf.jpg,a dog jumps over a ramp,a collie jumps over a hurdle ||| a dog in a competition jumps over a hurdle ||| a dog jumping over a hurdle ||| a dog jumps over a barrier ||| a furry dog is jumping over a hurdle,2.143910323702914,0.7933399081230164,0.8333333333333334,0.816496580927726,0.7937005259840998,0.7598356856515925,0.8300000000000002,0.8333333333333334,0.7051596641540527,0.7605344816524175,0.792974387920777,0.032439906268359464
1425485485_d7c97a5470.jpg,a little girl is sitting in a blue dress,a girl touches a boys face both are smiling ||| a girl with her eyes closed is touching a boy s cheeks ||| little girl laughing and touching a boy s face as they lean toward each other ||| two children a boy and a girl ||| two children facing each other and laughing,0.1711945717736829,0.4876758158206939,0.5555555555555556,0.2635231383473649,0.0997347467647626,0.0637671569379741,0.2083333333333333,0.380952380952381,0.1759967356920242,0.20788124611949163,0.23919505129226848,0.03131380517277685
3018847610_0bf4d7e43d.jpg,a man in a red shirt is jumping over a skateboard,a man is jumping on another man with a white face and long hair in a wrestling ring ||| a man performs a wrestling move on the wrestler in the rink ||| a professional wrestler takes a flying leap onto another wrestler ||| a wrestler is falling onto another wrestler who is laying in a ring ||| people are watching the wrestler fall,0.0691357474223462,0.5169203877449036,0.6363636363636364,0.4369314487526514,0.1284876442714151,0.0717585291477213,0.2772207148755456,0.3448275862068966,0.2111875563859939,0.25192760897602723,0.28308878764245893,0.0311611786664317
1449692616_60507875fb.jpg,a man in a black shirt is wearing a black shirt is wearing a black shirt,a girl takes a picture with her hand over the camera lens ||| a little girl holding a camera ||| a small child wearing a grey and purple shirt playing with a black camera ||| little girl looking through a camera ||| thie little girl is taking a picture with a camera,0.0756915314177986,0.4485195875167846,0.4375,0.241522945769824,0.0746900791092861,0.0423117854161057,0.3002738654147104,0.3999999999999999,0.2043495178222656,0.19398854445302866,0.22486187365752783,0.030873329204499173
2596474836_79468f23a0.jpg,a boy in a blue life life swimming pool in a pool,a woman helping a toddler to swim in a pool ||| a woman in a white swim cap teaches a toddler how to swim in a swimming pool ||| a woman is holding a boy in a swimming pool ||| a woman wearing a white swim holds a small boy in the swimming pool ||| woman teaching young boy how to swim,0.7245933755986549,0.6344243139028549,0.6666666666666666,0.6030226891555271,0.4778183823177039,0.3318077402843942,0.5010893246187365,0.5454545454545454,0.397030621767044,0.4553653279374367,0.4856232693403646,0.030257941402927868
330849796_c575c3108a.jpg,a man in a red shirt is sitting on a table,a girl asleep in a bus seat ||| a woman curled up sleeps in her seat on a bus ||| a woman is asleep on a chair on a bus ||| a young lady asleep on a train ||| the girl is sleeping in the seat,0.0275734004484,0.5066332221031189,0.5454545454545454,0.3302891295379082,0.1066224564261435,0.062389860721175,0.4054545454545455,0.380952380952381,0.1042262986302375,0.24206620768833656,0.21195836011536526,-0.030107847572971302
3047264032_14393ecea8.jpg,a man is holding a guitar in the air,a man in a yellow shirt wears a gold sunshaped mask ||| a man wears a golden mask with his hair spiked and a yellow shirt ||| a man wears a gold sun mask ||| a man with a yellow shirt and gold sun mask on his face ||| a yellow shirted man wearing a golden sun mask,0.0634646740854067,0.4539644345641136,0.4444444444444444,0.2357022603955158,0.092585537381304,0.0603072536040776,0.3549382716049382,0.375,0.1099148169159889,0.2033741005957075,0.17357311371361428,-0.029800986882093233
386656845_4e77c3e3da.jpg,a black dog is running in the sand,a black dog and a brown dog are standing next to each other in the snow ||| a little tan dog is in confrontation with a large black dog in the snow ||| a scruffy golden dog meeting a black doberman in the snow ||| two dogs in the snow ||| two dogs standing in snow,0.2131297130424348,0.6334098428487778,0.75,0.6546536707079771,0.4149132666831217,0.1944130841813964,0.4821802935010481,0.4615384615384615,0.2267253100872039,0.4136700650847841,0.38454346552618984,-0.029126599558594257
2752084369_52e7867da7.jpg,a woman in a red dress is walking on a sidewalk,a little girl in a red dress and white hat holding two zara blue bags ||| a little girl in a red dress is carrying shopping bags ||| a little girl is carrying two shopping bags from zara ||| a toddler in a red dress carries two zara shopping bags ||| a young girl is carrying two large black shopping bags,1.4097287286557023,0.5177460610866547,0.5454545454545454,0.4670993664969138,0.4174128044846464,0.3672056269893592,0.4646464646464646,0.5454545454545454,0.4141097664833069,0.43095697391414006,0.4032238510826238,-0.027733122831516244
1141739219_2c47195e4c.jpg,a man is sitting on a shopping cart with a shopping cart,a family gathered at a painted van ||| a girl climbing down from the side of a bright blue truck while others watch ||| a man is helping a girl step down from a colorful truck whilst a woman and three children watch ||| a very colorful bus is pulled off to the side of the road as its passengers load ||| two women and four children standing next to a brightly painted truck,0.0087228300495796,0.5077452957630157,0.4166666666666667,0.2752409412815901,0.1964002439681624,0.0957846440861982,0.2032786885245902,0.3225806451612903,0.1155381202697753,0.19184860733068393,0.21949997722338788,0.027651369892703948
241031254_0c6f30e3d1.jpg,a girl in a red shirt is walking down a tree,a bearded man in a white shirt and black shorts is hiking on a woodland path ||| a man in a white shirt is standing on a trail in the woods ||| a man wearing a water pack and shorts on an outdoor trail ||| a short stubby man with a backpack is standing in a forest ||| this man wearing a white tshirt and black shorts is standing on a path in the forest,0.1268487057891272,0.4903072863817215,0.4980549361539613,0.3015872407613089,0.0973570413344859,0.0569682265132554,0.3112327656123276,0.4799999999999999,0.2086563557386398,0.23305100732594383,0.26051024091947467,0.027459233593530835
1419286010_b59af3962a.jpg,a man in a blue hat is riding a bicycle on a camera,a fisherman is reeling his rod while another relaxes in a boat on water ||| a man in a gray cap fishing ||| a man sits in a boat and holds a fishing pole while another lays down ||| a man wearing a grey hat fishing out of a fishing boat ||| two men in a boat fishing,0.1414704159432339,0.5436334386467934,0.6153846153846154,0.3922322702763681,0.3035577449824848,0.2299751911289444,0.415296052631579,0.4,0.1962529122829437,0.3222812506804044,0.29546262724431066,-0.026818623436093758
3198247669_7493af04a7.jpg,a man in a red jacket is walking on the beach,a person holding a net is standing in the water ||| a person is standing in shallow water with a fishing net as the sun goes down ||| a person is walking in the water with a net ||| girl holding a net and walking in a lake at sunset ||| person wading in the lake with a fishing net at sunset,0.2039830640081067,0.4927118867635727,0.5454545454545454,0.3302891295379082,0.1066224564261435,0.062389860721175,0.422167216721672,0.380952380952381,0.2329254299402237,0.2504617198275538,0.27670529719646614,0.026243577368912363
3205839744_24504ba179.jpg,a brown dog is chewing on a wooden bench,a brown dog laying on a green cushion ||| a brown dog rests on a green cushion ||| a brown dog sleeps on a green pillow ||| a dog laying down on a green cushion ||| a large brown dog is lying in the sun on a big green dog bed,0.3316329139198231,0.683361142873764,0.6666666666666666,0.5773502691896257,0.4566711403962942,0.1996019880774732,0.5975308641975308,0.5882352941176471,0.2942273914813995,0.43793881015022224,0.4638700784507723,0.025931268300550092
3030962048_f71948226c.jpg,a man in a red shirt is sitting on a table,an elderly indian lady is wearing an orange headscarf and bangles ||| an elderly woman smiles for the camera ||| a smiling old woman in india is covered by a safron shawl ||| a woman wearing an orange scarf smiles and looks at the camera ||| old woman missing teeth stands with metal object in hand,0.0023986779496194,0.4367601871490478,0.3636363636363636,0.0603022689155527,0.0343142832800059,0.0266583768170288,0.1680672268907563,0.3478260869565217,0.0823631137609481,0.11784017503176547,0.1437180287492983,0.025877853717532817
1584315962_5b0b45d02d.jpg,a man in a red jacket is snowboarding in the snow,a man holds a flag next to a snowbound campsite ||| a man with a texas flag stands in the snow by tents ||| a person setting up a tent beside a few other tents on the snowy ground ||| mountain climbers are setting up their tents ||| with a pack and ski pole on the ground a man wearing a winter coat is holding a tent while other tents are already set up,0.1106346736577653,0.6083783879876137,0.6363636363636364,0.4369314487526514,0.2768182380588132,0.1276067148780707,0.4726890756302521,0.5217391304347826,0.227313682436943,0.3400794657329273,0.3650550203398467,0.024975554606919415
3036971334_78187a9570.jpg,a man in a red shirt is sitting on a lake,a blond man jumping off a cliff into some water ||| a man is jumping off a rock into a pool of water while three others watch ||| four people are cavorting on the rocks at a river s edge ||| people stand by a rocky cliff with water below ||| three people on a rocky cliff over a body of water,0.0397586658347328,0.4349000006914139,0.5454545454545454,0.3302891295379082,0.1066224564261435,0.062389860721175,0.24,0.2962962962962963,0.147850900888443,0.20405418861767824,0.18080329529628705,-0.023250893321391186
353180303_6a24179c50.jpg,a group of people are sitting in a concert,a costumes woman applies makeup while looking in a mirror ||| a showgirl holding lipstick in her hand and wearing a feather headdress looks in a mirror ||| a showgirl puts on her lipstick in the mirror ||| a woman in a fancy costume is fixer her makeup in front of a mirror ||| costumed woman applying lipstick,0.0055461160494853,0.4709478467702865,0.4444444444444444,0.2357022603955158,0.092585537381304,0.0603072536040776,0.2581369248035914,0.3157894736842105,0.0542748235166072,0.17746577226258348,0.1542698546627459,-0.02319591759983758
389643437_9a9830a3ba.jpg,a little girl in a blue shirt is blowing a child in a blue dress,a girl in a white cap eats a slice of fruit next to a girl in a blue cap who is eating chocolate ||| one young girl eats fruit while another eats chocolate ||| two children taking in a snack ||| two girls sitting in the grass wearing hats eat snacks ||| two girls with baseball caps are eating a snack outside,0.0600691028365797,0.5309364944696426,0.6,0.4140393356054125,0.2976619230049489,0.2165195674618105,0.3100322544766989,0.4210526315789474,0.1901822984218597,0.3048868966217714,0.2818272081677519,-0.023059688454019456
3043266735_904dda6ded.jpg,a man in a black shirt and a black jacket and a black jacket and a black jacket and a black jacket and a man standing in front of a building,an elderly person with a white hat is reading a paperback book ||| an elder woman in a hat and scarf is looking through a book she has in her hands ||| an older woman wearing a hat reads a book ||| an old lady consulting a paperback book ||| a woman in a white hat reading a book,0.000152250133942,0.3789732977747917,0.1935483870967742,0.0803219328902498,0.0281248426454985,0.0167891252155256,0.1785714285714285,0.2040816326530612,0.0754095241427421,0.07182021063160429,0.09383352189113753,0.022013311259533236
2715289538_d77c8d0a85.jpg,a man in a blue shirt is holding a baby in a blue shirt,a boy is trying to blow a huge bubble using a giant metal ring ||| a man blowing a large bubble ||| a red haired boy wearing glasses blowing a huge bubble ||| the boy wearing a blue shirt is blowing a huge bubble ||| young man in blue shirt peering through a large bubble,0.3081607116130092,0.5012914538383484,0.5714285714285714,0.4688072309384954,0.3321078320738909,0.2402211086439153,0.3576923076923077,0.4166666666666666,0.2784532606601715,0.3316628879900551,0.310310563095467,-0.021352324894588104
405331006_4e94e07698.jpg,a man in a black and white jacket is riding a dirt bike in the background,a man in a blue cowboy hat is riding a white horse ||| a man in blue is riding a horse on a dirt road ||| a man wearing a blue hat and shirt is riding a white horse ||| a person in a blue cowboy hat rides a horse down a dirt trail ||| the person in the blue shirt and blue hat is riding a white horse,0.8659211143457378,0.6277869641780853,0.6875,0.5664215155988809,0.4096606353003229,0.2696698152099016,0.5664062500000001,0.5,0.2961099445819855,0.44200812903844416,0.42094164923905725,-0.021066479799386917
427082246_5bf1c3676f.jpg,a woman in a red dress is playing with a woman in a black dress,a man in a yellow shirt training a black poodle ||| a man in a yellow sweatshirt and black pants plays with a black poodle ||| a man wearing a yellow shirt is playing with his black poodle ||| a man wearing a yellow sweater playing with a black dog in a grassy field ||| man in yellow jacket teaching his black dog to do a trick,0.3167304728871648,0.5882007256150246,0.6,0.4629100498862757,0.3206465864117307,0.1287433050814484,0.4682291666666666,0.4827586206896552,0.185186356306076,0.34488884064336195,0.324261665291108,-0.020627175352253946
3652150541_8fb5a3a5d1.jpg,a woman in a red shirt and a white shirt is holding a red shirt,a woman applies face paint while a boy with a mohawk holds a mirror ||| a woman painting her face while a child with a mohawk holds a mirror ||| a woman painting on makeup ||| a woman paints her face while a boy with a mohawk holds her mirror ||| child with mohawk haircut holding mirror for woman putting on face paint,0.1204284845108404,0.4255294799804687,0.4,0.1690308509457033,0.0603479980702305,0.0367876324992777,0.3624901497241922,0.4137931034482759,0.1378518342971801,0.1880906058620785,0.1674906512209066,-0.020599954641171925
3416339125_0860d3d1eb.jpg,a man in a red shirt is holding a red hat,a man in a white shirt and sunglasses and a man in a black shirt and sunglasses sit at a table with four beer bottles ||| there are two guys sitting around a table both with beers in their hands ||| two men drinking beers at a table ||| two men in sunglasses sit at a table drinking beer ||| two men sit at a small round table and drink beer,0.0098594084620012,0.5003311112523079,0.5454545454545454,0.4045199174779452,0.331300762471962,0.2596535889340338,0.2383474576271186,0.3333333333333333,0.1941907852888107,0.2800361326694943,0.25993575913202904,-0.020100373537465244
416960865_048fd3f294.jpg,a man in a red hat and a red hat is standing on a snowy street,a hiker in a red on a snowy peak ||| a person in a red jacket and a red hardhat stands near a mountain ||| a person wearing a red jacket and helmet walks up near the large rock ||| a woman wearing a red work man s hat and red jacket is hiking in the snow topped mountains ||| the person wearing the red hardhat is on the mountain,0.4275860263955095,0.5324956774711609,0.8125,0.6157651067303722,0.4331195526704514,0.1581138830084189,0.6543235851041447,0.6000000000000001,0.4733258783817291,0.46983441318853136,0.449777926584433,-0.020056486604098367
2707933554_f6dc5e0e3c.jpg,a young girl in a blue shirt is sitting on a dandelion,a brown butterfly perched on a girl s hand ||| a girl in a colorful hat has a strange creature resting on her hand ||| a girl in a hat has some sort of insect on her finger ||| a girl in a tie dye hat has a butterfly on her hand ||| a girl in a yellow blue and green tie dyed hat has a strange looking critter on her hand,0.2008284280649707,0.480538010597229,0.5366925752004387,0.3669707715086974,0.2313967461386087,0.1060863498380432,0.3962101636520241,0.4,0.2169593870639801,0.27760725939483394,0.2576579177068103,-0.019949341688023647
2735290454_1bd8bc5eac.jpg,a black dog is running with a toy in its mouth,a black dog enjoys and ice cream cone ||| a black dog has an ice cream cone in its mouth ||| black dog sitting while eating with neon yellow band around shoulders ||| the black dog is wearing a lime green collar ||| the furry black dog is wearing a neon yellow collar,0.661249491436477,0.663931593298912,0.7272727272727273,0.6030226891555273,0.4948976031599527,0.1972940627795883,0.5113636363636364,0.5454545454545454,0.3255290985107422,0.44710623592004983,0.4669046151972547,0.019798379277204847
233270519_d60d4518fa.jpg,a woman in a blue shirt is running on the beach,a man in swim trunks hits a ball with a paddle while on the beach ||| a man is batting a ball on the beach beside the ocean ||| a muscular man in swim trunks plays paddle ball on the beach ||| man in a bathing suit holding a paddle on the beach ||| the man is standing on the shore hitting a ball with a paddle,0.6100246834552652,0.5391312390565872,0.6363636363636364,0.4369314487526514,0.2768182380588132,0.1276067148780707,0.4646464646464646,0.4615384615384615,0.2547560632228851,0.34601590058201687,0.32634180656682377,-0.0196740940151931
3572346664_e1e6c77f11.jpg,a woman in a red shirt is standing in front of a large tree,a girl in a sweater is blocking the suns rays ||| a person outlined by the sun ||| the sun is under someone s nose ||| the woman s face falls into silhouette as she stands in front of the sun ||| the woman stands outdoors in front of the sun,0.1811150226217146,0.4985950142145157,0.4655313898520114,0.3162663008417082,0.197986017168517,0.0900269339184827,0.4694736842105264,0.4347826086956521,0.1779647022485733,0.2683407690435316,0.24900614497656698,-0.019334624066964623
2774554310_007e980a90.jpg,a woman in a blue shirt is sitting on a bench,a woman dressed in black and pink has a large tattoo on her back ||| a woman in pink pants and a black tank top displays the tattoo on her back ||| a woman wearing a black tank top revealing a large fairy tattoo ||| a woman with a tattoo on her back walks away from the camera ||| the woman wearing pink pants has a tattoo of a butterfly on her back,0.1976554892317278,0.5680817365646362,0.4980549361539613,0.3015872407613089,0.2097493871698845,0.1013054242349556,0.2652310924369748,0.4,0.0988729745149612,0.23845635629218376,0.2574980088661938,0.019041652574010026
2248487950_c62d0c81a9.jpg,a man in a red shirt is riding a bicycle on a city,a man and a woman wait to cross a street ||| a man talks on his cellphone and another man rides a wheelchair ||| a woman crosses the street near a man who is on his cellphone ||| a woman in a coat and a man in a tracksuit talking on a phone cross the street ||| a woman tries to cross the road before a man on a red scooter,0.1450852969410007,0.6025929749011993,0.6923076923076923,0.5370861555295747,0.3743188879661668,0.2691109110344472,0.3271137026239066,0.3870967741935484,0.2506482005119324,0.35534436891957905,0.37421005721645695,0.018865688296877903
2552949275_b8cdc450cc.jpg,a dog is jumping into the water,a brown dog jumping into the beach ||| a dog at the beach jumping into the water with a rock breaker in the background ||| a dog jumping into the water ||| a large brown dog is jumping into the ocean ||| dog jumping in the sea,3.3390555657035312,0.8676611632108688,1.0,1.0,0.9283177667225558,0.8801117367933934,0.9653916211293262,0.923076923076923,0.8569304347038269,0.92319052038993,0.9412291979459316,0.018038677556001637
3685373706_37f2ced9ff.jpg,a woman in a blue shirt and a blue shirt is standing on a pool,a man is shirtless and is covered in red marks ||| a man with several red marks on his body is holding a flag while people in the background are cheering ||| a shirtless man covered in red lipstick kisses waving a blue flag ||| a shirtless man waaves a flag ||| a shirtless man with red paint on his torso holding a stick,0.0354135966907001,0.4484406486153602,0.4666666666666667,0.1825741858350553,0.0635299428017082,0.038233014078303,0.1904761904761905,0.2962962962962963,0.113420583307743,0.1534215713315095,0.1712602745267687,0.01783870319525921
783353797_fdf91bdf4c.jpg,a man in a red shirt and a black shirt is standing on a bench,a girl is on the sidewalk looking at a white van in the street ||| a woman in white is pointed at by a sign on the road saying look right ||| a woman standing in front of the words look right painted on a street ||| the little girl in a white dress stands by a street with white words written on it ||| the words look right with an arrow painted on a city street with a female in the foreground,0.0401469898667009,0.4671356081962585,0.4,0.2390457218668787,0.0760337130876986,0.0437481143122464,0.2638297872340425,0.2758620689655172,0.1025587171316146,0.16225420491915715,0.17967864885235907,0.017424443933201916
700884207_d3ec546494.jpg,a woman with a blue shirt is sitting on a bed,a baby is dressed up in pink gear and staring while an adult holds her steady ||| a small baby wearing sunglasses sits on an adult s lap ||| a woman holds a fat baby with sunglasses and a denim hat ||| a woman is holding onto a baby wearing who is wearing sunglasses ||| the baby in a blue jean hat and sunglasses looks at the camera while being held,0.1100943869412154,0.5268868803977966,0.7272727272727273,0.3813850356982369,0.1173531980725211,0.0670422683816333,0.3126050420168068,0.3478260869565217,0.1337773203849792,0.2625545771322667,0.24540699353035955,-0.017147583601907157
2759089516_cbb993cb92.jpg,a man in a blue shirt is sitting on a wooden bench,a child attempts to enter a house through the doggy door ||| a child s legs while squeezing through a dog door ||| a child wearing gray shorts and pinkbottomed sneakers crawls through a window ||| a child wearing pink soled sneakers is climbing headfirst through a window ||| a kid climbs through a small door,0.000923034749844,0.3926476091146469,0.25,0.0476731294622796,0.0283258167471352,0.0224169335019223,0.1333333333333333,0.25,0.0569191500544548,0.07676593923721158,0.0937818705288582,0.01701593129164662
3416246113_1745559b6b.jpg,a man wearing a blue shirt and a blue shirt is holding a blue shirt,a man in a blue headband plays tennis ||| a man running during a tennis match ||| a tennis player is running across the court with a racquet in his hand ||| closeup of a man running with a tennis racket ||| this man wearing a blue headband and white shirt is playing tennis,0.2088818851126578,0.5382756143808365,0.5333333333333333,0.4364357804719848,0.3083016009819039,0.2222984955206401,0.4654056744649079,0.5185185185185186,0.313169002532959,0.34423783329086977,0.3600574085372047,0.015819575246334927
2726301121_95a2fbd22b.jpg,a girl in a pink dress is holding a pink dress,a blondehaired girl wears a tanktop that says thank you and sports a large tattoo ||| a blond woman with a tattoo of on an angel on her arm walking down the street a concrete wall in the background ||| a blond woman with a tattoo on her arm stands near a wall ||| girl in black tshirt looks on ||| the woman in the tank top has a tattoo on her arm,0.0430513563169298,0.3912102431058883,0.415045780128301,0.1946737268161993,0.0727160511911879,0.0457698921576256,0.2884615384615385,0.3076923076923076,0.1568071991205215,0.1667373436611072,0.1514570880578527,-0.015280255603254495
3613667665_1881c689ea.jpg,a black dog is running in the snow,a black dog runs across the water at a beach while another follows ||| a pair of black dogs runs in the surf ||| dogs run in the surf ||| the black dog is running through the water on the beach ||| two black dogs splash through the waves on a beach,0.6338201656375598,0.6777293980121613,0.772184789761521,0.6976750600527643,0.5988662847415163,0.4412484512922977,0.7075471698113208,0.7058823529411765,0.5096597075462341,0.5716353656244612,0.5862542583972167,0.01461889277275552
3604496023_c1f546423e.jpg,a man in a red shirt is standing in front of a shopping cart,a man dressed in blue standing in front of a colorful fruit and vegetable stand ||| people in a colorful outdoor market with fruits vegetables and flowers ||| person in blue stand by flowers in open air market while another person with a cane walks the path ||| several people shopping at an outdoors market ||| shoppers in a fruit and vegetables market looking around,0.2396388715674285,0.5818979069590569,0.5985403583811576,0.5071543460280202,0.3912008223745017,0.3172881761934105,0.5033557046979866,0.5517241379310344,0.34805428981781,0.40189042398060904,0.4151641262696725,0.013273702289063438
3291587911_81fc33300e.jpg,a man is standing on a bench,a german shepherd biting the protected arm of an attack trainer ||| a man training a dog to attack his padded arm ||| a man wearing protective clothing is being bitten on the arm by a dog ||| a man with a stick and arm protection is being bitten by a large dog ||| the man wearing padded clothing is fending off an attack by a dog,0.0451162821656253,0.4837249964475631,0.4653136125221825,0.224767828806312,0.0869876029190839,0.0572198181231377,0.2796992481203007,0.4761904761904762,0.1050496697425842,0.20742775357003446,0.19429072540714526,-0.013137028162889197
3118425885_f0cc035032.jpg,a woman is sitting in a table s lap,a blonde lady wearing a tan jacket samples a seafood dish at a restaurant ||| a blond woman is eating in a busy restaurant ||| a blurry woman eating fish ||| a woman eating a large fish in a restaurant ||| a woman is eating fish at a restaurant,0.2248511963895074,0.6366081535816193,0.5555555555555556,0.4564354645876384,0.3098990471205467,0.1492372948004911,0.4955555555555556,0.5555555555555556,0.1876302361488342,0.35112003528606767,0.3640585822957757,0.012938547009708035
3044746136_8b89da5f40.jpg,a group of people are sitting in front of a large building,a class full of students ||| a classroom of students watching a presentation ||| a conference is being held that involves laptops and big screen presentations ||| a group of people are at a conference watching a slideshow ||| a man is giving a presentation in front of a lot of people,0.473283221043579,0.5982250720262527,0.75,0.6908492797077574,0.6202672829851784,0.53107253497887,0.3841341341341341,0.5217391304347826,0.4485656321048736,0.49995945668670494,0.4872829216685495,-0.012676535018155466
2441629086_52f68eb316.jpg,a man is sitting on a bench with a woman in a red shirt,a girl is peeking in a window ||| a girl peers into a window ||| a girl peers into a window ||| a little girl is trying to look into a dark window ||| a small girl in a pink shirt and blue jeans is peeping through a window into a house,0.0313248245289432,0.546259731054306,0.5,0.196116135138184,0.0684355563138707,0.0413155159110629,0.4099025974025974,0.3809523809523809,0.0655325576663017,0.20806419423637604,0.22057542032070176,0.012511226084325727
3667157255_4e66d11dc2.jpg,a man in a red shirt is holding a drink,an olympic winner takes home two medals ||| an olympic winner wearing her two gold medals and a grey jacket showing a peace sign and a wave ||| a woman wearing two medals holds up seven fingers ||| woman wearing two gold medals holding up her hands ||| woman with two medals around her neck holding up seven fingers,0.067080826320801,0.3409679606556892,0.4,0.0666666666666666,0.0381571414184444,0.0298474589600982,0.1098901098901098,0.2105263157894737,0.111836202442646,0.09711061743063112,0.08516622652771927,-0.011944390902911856
3371533654_73a12a35a4.jpg,a man in a red shirt is sitting on a large large park,a man is skating through a tunnel ||| a person skates along the inside of a long tube ||| a rollerblader rides high in a full pipe while others watch ||| a rollerblader skating inside a tube ||| a skateboarder whizzes through a tunnel,0.0138410199498099,0.4472385346889496,0.3846153846153846,0.2531848417709166,0.0835271324808894,0.0491327054814442,0.2631578947368421,0.4,0.1144876331090927,0.18223824289550097,0.17093600162862418,-0.011302241266876789
493542985_c85ad29ebe.jpg,a man in a blue shirt is jumping into the water,a girl is rowing in a lake ||| a girl sits on a skinny canoe ||| a woman sits in a rowing scull and looks behind her at a dock ||| a woman sitting in a rowboat ||| girl in a thin rowboat leaving the dock of a lake,0.0115404009621674,0.4825738072395324,0.4545454545454545,0.2132007163556104,0.0796363970529507,0.0501257871573906,0.4265202702702703,0.3529411764705882,0.1417046338319778,0.2040512142602946,0.21496100488666928,0.010909790626374677
103195344_5d2dc613a3.jpg,a man is jumping over a fence,a man in black is sitting next to a modern art structure in front of a glass building ||| a man sits and reads a newspaper by a sculpture outside of an office building ||| a man sits near a large statue ||| a man sitting in front of a metal sculpture in front of a building ||| the man with the backpack is sitting in a buildings courtyard in front of an art sculpture reading,0.0476453100456126,0.5815665051341057,0.5714285714285714,0.3086066999241838,0.1239596188482187,0.0830701847441279,0.3650793650793651,0.4285714285714285,0.0865619853138923,0.25027283225143393,0.2609345921926879,0.010661759941253957
1000268201_693b08cb0e.jpg,a man is sitting on a bench with a wooden bench,a child in a pink dress is climbing up a set of stairs in an entry way ||| a girl going into a wooden building ||| a little girl climbing into a wooden playhouse ||| a little girl climbing the stairs to her playhouse ||| a little girl in a pink dress going into a wooden cabin,0.3304718418215253,0.4690689593553543,0.415045780128301,0.1946737268161993,0.0727160511911879,0.0457698921576256,0.3453453453453453,0.3478260869565217,0.1015979349613189,0.19119880575064668,0.18064492329504156,-0.010553882455605124
3035785330_2fd5e32bb1.jpg,a man in a red shirt is sitting on a table,a child is riding on a man s back ||| a man and a boy wrestle inside a house ||| a man is giving a little boy a piggy back on the floor ||| a man wrestling with a child on the floor ||| a young boy playing on another mans back,0.1019482576068231,0.5306075513362885,0.5454545454545454,0.3302891295379082,0.1066224564261435,0.062389860721175,0.6114130434782608,0.3999999999999999,0.1697008460760116,0.2788727514003478,0.2695070544864502,-0.009365696913897603
3475092236_cf45d383c7.jpg,a group of people are walking down a street,a group of people are looking and taking photos of something off camera ||| a group of people are standing by a window watching something ||| a group of people clap and take pictures of an unseen subject ||| a group of people stand and wait to see something ||| crow of people taking pictures and clapping,1.169346632627723,0.5978424102067947,0.596559544542913,0.5166357204442371,0.4677843745102682,0.4180134288483488,0.5452674897119341,0.6,0.4404763281345367,0.47322019478895416,0.48221671082400364,0.008996516035049473
3678100844_e3a9802471.jpg,a man in a black shirt and a black shirt is holding a picture,a lady with sunglasses on her head and a green sweatshirt is looking off camera ||| a smiling lady in a green jacket at a public gathering ||| a woman in a green jacket and black sunglasses outside in a crowd ||| a woman with dark hair is wearing a green sweater ||| woman with green sweater and sunglasses smiling,0.0441360902644973,0.4538244754076004,0.5,0.2773500981126146,0.0862233979611117,0.0491327054814442,0.2290076335877862,0.4444444444444445,0.1510387510061264,0.20629179568479075,0.19767602408213036,-0.008615771602660388
3556571710_19cee6f5bd.jpg,a man in a red shirt is riding a football,four people posing for a photo in front of a pond ||| four young people stand near a bike with two flags on it ||| this is a picture of three young men dressed in suits with one on a bike and of a young lady wearing a white dress ||| three boys in suits and sashes and a girl in a dress in sash in a field ||| three smartly dressed man and woman are standing beside a bicycle on the grass,0.0112372382630482,0.4632726311683655,0.5429024508215757,0.2336280167385725,0.0851484610651522,0.0531496893252229,0.1376146788990825,0.2962962962962963,0.1035527661442756,0.16872565585658356,0.17720292992238945,0.008477274065805895
3435653630_3b6cca2c40.jpg,a man in a red uniform is jumping into the air,a basketball team of girls is doing a hand huddle ||| a group of basketball players in a huddle ||| a sports team is in a huddle with hands together ||| basketball players huddle ||| players wearing black,0.0063634972093838,0.460623949766159,0.3636363636363636,0.1906925178491184,0.0739278822620259,0.0474060425987813,0.3125,0.3157894736842105,0.0960333123803138,0.16251564148060874,0.1706766576463039,0.008161016165695173
3421706363_a3e22a4908.jpg,a man in a red shirt is riding a bicycle on a bike,a boy in dark pants and green tshirt rides his bike up a ramp ||| a man is jumping his bicycle off a ramp in a skate park ||| a man wearing a yellow shirt jumps his bike over a ramp ||| a teen boy doing a bicycle trick on a bike ramp ||| a young man is performing a bicycle jump on a ramp,0.8506225917618246,0.5962526425719261,0.7692307692307693,0.5661385170722979,0.3077165870507051,0.1306511329838856,0.5111151603498542,0.5833333333333334,0.3300886750221252,0.42373498665744375,0.41596062066607,-0.007774365991373766
427936315_0b8f7b8d23.jpg,a brown dog is running through the grass,a brown dog is chasing a red frisbee across a grassy field ||| a dog leaps in the air to catch a red frisbee ||| a dog runs for a red frisbee ||| a dog surrounded by trees runs to catch a frisbee ||| the large brown dog is running through the grass to catch a red frisbee,0.8889966886891891,0.7780876755714417,1.0,1.0,1.0,1.0,0.5923507462686567,0.6363636363636364,0.6703134179115295,0.7679114100580321,0.7603710416868041,-0.007540368371227957
2278776373_fe499a93be.jpg,a man in a blue shirt is standing on a bench with a man in a blue shirt,a boy walks near buildings ||| a man in a blue and purple striped shirt and hat is walking past a brick building ||| a man walking down a street by a garage ||| a person walking past a brick shed ||| a young man in a white beanie is walking down the road and passing by a garage,0.1652284585752994,0.5012134462594986,0.4444444444444444,0.3233808333817773,0.2696559088937192,0.2261216470320596,0.3111293859649122,0.4571428571428571,0.2303343564271927,0.2749162724990905,0.281916290826427,0.007000018327336488
1562478713_505ab6d924.jpg,a man in a red shirt is sitting on a rock,a man cooking food at his campsite ||| a man cooks his dinner outdoors in front of his orange tent ||| a man not wearing a shirt is pouring something out a can while sitting on sand in front of a orange and red tent ||| a man sits on the beach outside his tent and makes something to eat ||| a shirtless man making a meal while camping on the beach,0.074486640498893,0.5467860400676727,0.9090909090909092,0.5222329678670935,0.1447089370238733,0.0784510965440677,0.3277533039647577,0.4571428571428572,0.2680091559886932,0.3341645975232305,0.3402108913489683,0.006046293825737792
3429351964_531de1bf16.jpg,a man in a red shirt is sitting in a colorful dress,an asian woman is at a market stall that is selling bananas ||| a woman holding bags behind plantains ||| a woman in a black shirt stands in front of bananas at a fruit stand ||| a woman shops for bananas in an openair market ||| woman by green bananas at an open air market,0.031474515410309,0.5132947862148285,0.5833333333333334,0.2302830932359191,0.0809421438344802,0.0492686202111925,0.2900604686318972,0.4444444444444445,0.118801362812519,0.22020430883228587,0.22581878387998044,0.005614475047694578
3338291921_fe7ae0c8f8.jpg,a dog is walking on the sand,a brown dog in the snow has something hot pink in its mouth ||| a brown dog in the snow holding a pink hat ||| a brown dog is holding a pink shirt in the snow ||| a dog is carrying something pink in its mouth while walking through the snow ||| a dog with something pink in its mouth is looking forward,0.2299797099835041,0.5062631517648697,0.4653136125221825,0.3178697118830404,0.2361206817889239,0.1210051827654028,0.3353383458646616,0.4761904761904762,0.2058250606060028,0.2661414911339659,0.27148657027896195,0.0053450791449960455
460935487_75b2da7854.jpg,a black and white dog is playing with a toy,a black and white dog is running up a path towards some potted plants ||| a dog follows another dog around the corner but looks back ||| a dog is turns back toward the camera near some potted plants ||| a dog turning to look at the camera ||| a white and black dog in a hallway filled with potted plants,0.4313338812345495,0.6977763026952744,0.7238699344287677,0.6032249453573064,0.5480662351594019,0.502658727004553,0.5836397058823528,0.5833333333333334,0.3559043109416961,0.5074661811455214,0.5116080571461075,0.00414187600058602
2968216482_ede65b20a8.jpg,a man in a red shirt is riding a bike on a bike,a biker patiently waits as his friend bikes ahead of him ||| a man in a leather outfit prepares to ride a motorcycle ||| one motorcyclist speeds away from a parked motorcyclist along a drag strip ||| two men on motorcycles are driving down an empty street ||| two people in black leather ride motorcycles,0.0593145060520463,0.4773106798529625,0.4615384615384615,0.3396831102433787,0.2758005147606801,0.2140160303375297,0.380704365079365,0.4999999999999999,0.2877862155437469,0.2927762935782339,0.29680349451911114,0.004027200940877218
2589156742_c46bc82137.jpg,a man wearing a blue hat and a blue hat is holding a cigarette,a black man drinking out of a paper cup ||| a black man wearing a white suit and hat is holding a paper cup ||| a man wearing a hat leans against a bench and holds a cup ||| a man with a soft drink poses for the camera with a park in the background ||| an african american man holds his soda,0.4774115061355428,0.6971828639507294,0.7142857142857143,0.5741692517632146,0.4789823781042941,0.3759663529467017,0.6281217604372821,0.6428571428571429,0.3279977142810821,0.4912548718251274,0.4947063851824417,0.0034515133573143064
121971540_0a986ee176.jpg,a group of people are standing in front of a large large city,two men cleaning the outside windows of a yacht ||| two men climb the side of a boat ||| two men on the side of a barge ||| two people outside cleaning windows while on a ledge of a boat ||| two people stand on the side of a large white and red boat,0.1962785432537009,0.4600737243890762,0.3846153846153846,0.2531848417709166,0.179953751775717,0.0873716785171587,0.2861538461538461,0.3846153846153846,0.1670435667037964,0.20876765110577988,0.2120515692157566,0.003283918109976719
3107463441_7c68606450.jpg,a man in a blue jacket is sitting on a bench,a boy in a brown jacket and a girl in a red jacket are sitting on some metal bars with a metal object between them ||| a man and woman assemble a metal structure ||| a man and woman sit and work on a metal beam ||| boy and girl building metal structure ||| two people build together,0.0477253454623639,0.5038141459226608,0.7272727272727273,0.5393598899705937,0.1478557645240517,0.0797271425653602,0.3381818181818182,0.4545454545454545,0.2692492604255676,0.3101158567077909,0.3068902151316657,-0.0032256415761252044
1445754124_647168f211.jpg,a man in a black and white jacket is jumping through the woods,a black and white dog climbs a leaning tree trunk ||| a black and white dog is walking up a bent tree ||| a gray dog climbs up a slanted tree ||| a gray dog is climbing up a low tree branch in a park ||| a gray mottled dog stands on the sloping trunk of a tree overlooking a grassy field,0.297063872833792,0.5493193864822388,0.6153846153846154,0.4529108136578383,0.3341085299235575,0.2471244254525358,0.4563492063492063,0.4166666666666666,0.2791075706481933,0.3519382231803333,0.34875306816471796,-0.0031851550156153374
3224560800_8fefd52510.jpg,a man in a black shirt is standing on a hill,a male firedancer performs ||| a man dances with a fire baton at night ||| a man juggles a flaming staff in the dark ||| a man twirling a flaming baton ||| an african man is performing a trick with a stick that is burning with fire at both ends,0.0533409384581926,0.432422012090683,0.4545454545454545,0.2132007163556104,0.0796363970529507,0.0501257871573906,0.2717391304347826,0.3529411764705882,0.1478414833545684,0.18186553004777675,0.17883419657144908,-0.003031333476327669
2378356400_f6bde5d9b3.jpg,a woman in a pink dress is walking on a bench,a little girl on a bouncey playground animal sits while a woman takes her picture ||| a woman and a child ||| a woman in a checked coat is taking a photograph of a little girl sitting on a fake tiger ||| a woman stands next to a child who is riding on a toy ||| the lady takes a picture of the little girl on the ride,0.1821791049520028,0.6325650215148926,0.5810640921796215,0.4606821198071898,0.350512056519623,0.2647795226140597,0.3993055555555555,0.4999999999999999,0.1701436936855316,0.3532938252610969,0.35055871799309135,-0.0027351072680055766
3134341610_3c55e373a7.jpg,a woman in a red dress is holding a red toy in a red dress,a man and woman in masks and costume make a toast in front of a christmas tree ||| a woman in mask sits next to a man wearing a santa suit and also in mask as they hold wine glasses next to a christmas tree ||| santa and a woman drink wine next to the christmas tree while wearing joke disguise glasses ||| two people one of whom is in a santa costume pose wearing funny glasses ||| two people with silly disguises at christmas time,0.0409198498067477,0.5106501281261444,0.5333333333333333,0.3380617018914066,0.2063872502603718,0.0925159978069645,0.3407434402332361,0.375,0.1671222746372223,0.2497122117638919,0.25217456308694464,0.002462351323052725
2077346067_0a3a5aae65.jpg,a man in a red jacket and jeans is walking on a bench,a man dressed in black and holding a package in his hands is walking on a sidewalk near a police sign asking for witnesses to a road dealth to step forward ||| a man in black walking past a red and yellow signpost whilst eating ||| a man is eating and walking past a yellow and red sign ||| a man is eating something and walking down a sidewalk past a big red and yellow sign ||| a sign asking for help with a man walking by eating,0.2956885524892836,0.5974072962999344,0.7692307692307693,0.6201736729460423,0.4716122463218143,0.3200286101270289,0.368916797488226,0.4615384615384615,0.3370159864425659,0.42329352474884396,0.42095437411634806,-0.002339150632495901
2355763034_9fb61a8165.jpg,a man in a red shirt is wearing a red shirt,a flautist plays the flute in a marching band ||| a girl in a band is playing the flute ||| a girl in a red and black uniform is playing the flute as part of a marching band ||| a woman in a red uniform is playing the flute ||| girl in uniform playing flute with marching band,0.1096112388318663,0.4492024332284927,0.5454545454545454,0.3302891295379082,0.2297111188608965,0.1109466047156616,0.3683168316831683,0.4761904761904761,0.2980640232563019,0.2787031869069542,0.2805821544079227,0.001878967500968498
3266261886_36e1323d2f.jpg,a man in a black shirt and sunglasses is wearing a black shirt and a black shirt,a sumo wrestler with a brown belt is pushing another wrestler in a bout ||| sumo wrestlers pushing against each other ||| two people are sumo wrestling ||| two sumo wrestlers in a fight ||| two sumo wrestlers wrestling,0.0014498193128031,0.3913819789886474,0.2941176470588235,0.1355815361366601,0.0496710431079482,0.0305876034645802,0.1748251748251748,0.2580645161290323,0.080180712044239,0.1079903739901388,0.10647541860674997,-0.001514955383388833
2923825744_ca125353f0.jpg,a man in a red shirt and a red hat and a red hat and a red shirt is holding a red and white and white and white and white and white and white and white and,a football player is running with the ball ||| a football player running with football under his arm ||| a man in a football uniform is running with a football during a game ||| one man in a blue jersey is running holding a football ||| the football player in black runs with the football,1.3693192494399077e-05,0.4047328978776932,0.2162162162162162,0.1549968516584257,0.1111397037812129,0.079713558499685,0.3758169934640523,0.25,0.1254286020994186,0.14424843396696924,0.14369666568179854,-0.0005517682851707006
525887861_4cc7a1beca.jpg,a man in a red shirt is walking down a bench,a little blonde girl stands on a pink skateboard ||| a young blonde girl tries to ride a skateboard ||| girl on pink skateboard wearing black jacket ||| little girl in pink skateboard ||| the young girl is standing on a skateboard,0.0026364209502385,0.3563001379370689,0.3636363636363636,0.0603022689155527,0.0343142832800059,0.0266583768170288,0.1204819277108433,0.2105263157894737,0.0981209427118301,0.0891623661373113,0.08923985726561402,7.749112830272853e-05
