image,perturbation_type,original_caption,perturbed_caption,references,reference_count,BLEU-1,BLEU-2,BLEU-3,BLEU-4,METEOR,ROUGE-L,CIDEr,CLIPScore,original_BLEU-1,original_BLEU-2,original_BLEU-3,original_BLEU-4,original_METEOR,original_ROUGE-L,original_CIDEr,original_CLIPScore,delta_BLEU-1,delta_BLEU-2,delta_BLEU-3,delta_BLEU-4,delta_METEOR,delta_ROUGE-L,delta_CIDEr,delta_CLIPScore,normalized_delta_BLEU-1,normalized_delta_BLEU-2,normalized_delta_BLEU-3,normalized_delta_BLEU-4,normalized_delta_METEOR,normalized_delta_ROUGE-L,normalized_delta_CIDEr,normalized_delta_CLIPScore
2224995194_518859d97d.jpg,hallucination,the rock climbers are on their equipment in front of a cave,the rock climbers are on their equipment in front of a cave with a helicopter,two people hang from safety ropes over a giant cliff ||| two people hanging on a rope over a cliff ||| two people lower themselves into a cave with long ropes ||| two people repel down into a hole,4,0.3333333333333333,0.2182178902359923,0.154150800490952,0.0743299818451363,0.2433862433862433,0.25,0.215553229956611,0.8915767073631287,0.25,0.1507556722888818,0.0610261222235142,0.0398635712826801,0.1838235294117647,0.1904761904761905,0.1954816765450369,0.9052588790655136,0.0833333333333333,0.0674622179471105,0.0931246782674378,0.0344664105624561,0.0595627139744786,0.0595238095238095,0.0200715534115741,-0.0136821717023849,0.4090956643236723,0.3143601458103641,0.4714848122160583,0.20478910439761216,0.338029992088792,0.3716113774837087,0.028325186301400306,-0.19009328566729064
3168123064_d1983b8f92.jpg,action_replacement,a person in a black wetsuit is surfing in the ocean with a wave coming down,a person in a black wetsuit is swimming in the ocean with a wave coming down,a person is surfing ||| a surfer in all black is riding a wave ||| a surfer rides the waves ||| a woman in a black wetsuit surfs in bad weather,4,0.625,0.4564354645876384,0.3098990471205467,0.2187405715612322,0.4395761741122566,0.4800000000000001,0.3767642516443602,0.7978208363056183,0.6875,0.5244044240850758,0.3399472648478799,0.2344621944105862,0.606971153846154,0.5384615384615384,0.4194815323946246,0.8136837184429169,-0.0625,-0.0679689594974374,-0.0300482177273331,-0.0157216228493539,-0.1673949797338974,-0.0584615384615383,-0.0427172807502643,-0.0158628821372985,-0.3068217482427543,-0.3167214578528146,-0.15213237303127033,-0.093413181426653,-0.9499990833090335,-0.36497954367015245,-0.06028307379750363,-0.22039099137357232
3168123064_d1983b8f92.jpg,negation,a person in a black wetsuit is surfing in the ocean with a wave coming down,a person in a black wetsuit is not surfing in the ocean with a wave coming down,a person is surfing ||| a surfer in all black is riding a wave ||| a surfer rides the waves ||| a woman in a black wetsuit surfs in bad weather,4,0.6470588235294118,0.4496730838653134,0.2998546863420024,0.2094841271665114,0.5349990463475109,0.5185185185185185,0.3000837159699389,0.8021101355552673,0.6875,0.5244044240850758,0.3399472648478799,0.2344621944105862,0.606971153846154,0.5384615384615384,0.4194815323946246,0.8136837184429169,-0.0404411764705882,-0.0747313402197624,-0.0400925785058774,-0.0249780672440747,-0.071972107498643,-0.0199430199430199,-0.1193978164246857,-0.0115735828876495,-0.1985317194511938,-0.3482327697335164,-0.20298638556167625,-0.1484122058845711,-0.40845571507712597,-0.1245056922851398,-0.16849544850173043,-0.1607976018655384
3168123064_d1983b8f92.jpg,hallucination,a person in a black wetsuit is surfing in the ocean with a wave coming down,a person in a black wetsuit is surfing in the ocean with a wave coming down with a helicopter,a person is surfing ||| a surfer in all black is riding a wave ||| a surfer rides the waves ||| a woman in a black wetsuit surfs in bad weather,4,0.5789473684210527,0.4392976851069795,0.2831606939029296,0.194086232706272,0.5738636363636362,0.4827586206896551,0.1803433336511523,0.7791564613580704,0.6875,0.5244044240850758,0.3399472648478799,0.2344621944105862,0.606971153846154,0.5384615384615384,0.4194815323946246,0.8136837184429169,-0.1085526315789473,-0.0851067389780963,-0.0567865709449503,-0.0403759617043141,-0.0331075174825177,-0.0557029177718833,-0.2391381987434723,-0.0345272570848465,-0.5329009311584677,-0.39658000713190106,-0.28750709518140294,-0.2399018900339342,-0.18789160409128197,-0.34775727845159815,-0.33747432957950246,-0.47970452988787315
2441629086_52f68eb316.jpg,person_replacement,a girl is peeking in a window,a boy is peeking in a window,a girl peers into a window ||| a girl peers into a window ||| a little girl is trying to look into a dark window ||| a small girl in a pink shirt and blue jeans is peeping through a window into a house,4,0.7142857142857143,0.4879500364742665,0.1682390865739974,0.1044552273072038,0.4189435336976321,0.4615384615384615,0.9105746183614056,0.7494774460792542,0.8571428571428571,0.7559289460184544,0.2252495760887212,0.1300118652068738,0.6147540983606558,0.6153846153846153,1.1623428902373536,0.8037423342466354,-0.1428571428571428,-0.2679789095441879,-0.0570104895147238,-0.02555663789967,-0.1958105646630236,-0.1538461538461538,-0.2517682718759479,-0.0542648881673812,-0.7013068531262953,-1.2487269414186442,-0.28864078183445274,-0.15184989969882529,-1.1112630571586237,-0.9604724833425088,-0.35529802100696267,-0.7539293551116252
2441629086_52f68eb316.jpg,negation,a girl is peeking in a window,a girl is not peeking in a window,a girl peers into a window ||| a girl peers into a window ||| a little girl is trying to look into a dark window ||| a small girl in a pink shirt and blue jeans is peeping through a window into a house,4,0.75,0.6546536707079771,0.1925856785554179,0.1093265113929093,0.6048387096774195,0.5714285714285715,0.9991008559981364,0.7918132096529007,0.8571428571428571,0.7559289460184544,0.2252495760887212,0.1300118652068738,0.6147540983606558,0.6153846153846153,1.1623428902373536,0.8037423342466354,-0.1071428571428571,-0.1012752753104773,-0.0326638975333033,-0.0206853538139644,-0.0099153886832362,-0.0439560439560438,-0.1632420342392172,-0.0119291245937347,-0.5259801398447215,-0.47192208146115394,-0.16537540726322236,-0.12290618641686692,-0.05627176020870648,-0.27442070952643016,-0.23036886768211384,-0.16573732141968703
2441629086_52f68eb316.jpg,hallucination,a girl is peeking in a window,a girl is peeking in a window with a suitcase,a girl peers into a window ||| a girl peers into a window ||| a little girl is trying to look into a dark window ||| a small girl in a pink shirt and blue jeans is peeping through a window into a house,4,0.6333861926251716,0.5046941987886602,0.1422915346744467,0.0781182355823948,0.3670058139534883,0.5,0.8722628958661476,0.7338187098503113,0.8571428571428571,0.7559289460184544,0.2252495760887212,0.1300118652068738,0.6147540983606558,0.6153846153846153,1.1623428902373536,0.8037423342466354,-0.2237566645176855,-0.2512347472297942,-0.0829580414142745,-0.051893629624479,-0.2477482844071674,-0.1153846153846153,-0.290079994371206,-0.0699236243963241,-1.0984545758125397,-1.1707025676758203,-0.42001172305470086,-0.3083364284621678,-1.4060197232458242,-0.7203543625068812,-0.40936392487367435,-0.9714840448132863
3279524184_d5e2ffbaed.jpg,color_replacement,two black and white dogs and one has something blue in its mouth,two black and white dogs and one has something red in its mouth,two black and white dogs run through a field ||| two white dogs are running through a field ||| two white dogs run along a light colored field and one has a blue toy ||| two white dogs with black spots jumping through the grass,4,0.4616790333940838,0.444885048426159,0.3951689354898305,0.3207310180540507,0.474468085106383,0.4545454545454546,1.2810173416455202,0.7678066194057465,0.5276331810218101,0.4756021222025773,0.4131554120176103,0.3316186519505937,0.474468085106383,0.5,1.3106155193594815,0.8001028001308441,-0.0659541476277263,-0.0307170737764183,-0.0179864765277797,-0.010887633896543,0.0,-0.0454545454545454,-0.0295981777139613,-0.0322961807250976,-0.3237786700639951,-0.14313528497970404,-0.09106448114402789,-0.0646910646712623,0.0,-0.28377596098755914,-0.041769258250159494,-0.44870706508297237
3279524184_d5e2ffbaed.jpg,hallucination,two black and white dogs and one has something blue in its mouth,two black and white dogs and one has something blue in its mouth with an umbrella,two black and white dogs run through a field ||| two white dogs are running through a field ||| two white dogs run along a light colored field and one has a blue toy ||| two white dogs with black spots jumping through the grass,4,0.5625,0.4743416490252569,0.4005943545145987,0.3153554052490132,0.4597938144329897,0.4516129032258064,0.8086307663446152,0.7806780934333801,0.5276331810218101,0.4756021222025773,0.4131554120176103,0.3316186519505937,0.474468085106383,0.5,1.3106155193594815,0.8001028001308441,0.0348668189781898,-0.0012604731773204,-0.0125610575030116,-0.0162632467015805,-0.0146742706733932,-0.0483870967741936,-0.5019847530148663,-0.0194247066974639,0.17116637367282944,-0.005873547355397398,-0.06359590119640024,-0.09663134838421522,-0.08327934153170558,-0.30208408750288623,-0.7084061386802949,-0.2698772095222799
3339105374_cc41e0b7d7.jpg,object_replacement,a woman in a red coat with a man in a white and black coat and a black dog in the snow,a woman in a red coat with a man in a white and black coat and a black cat in the snow,two people and a dog are in the snow ||| two people are interacting with a dog that has bitten an object one of them is holding ||| two people are walking up a snowy hill with a dog ||| two people playing on a snowy hill,4,0.3181818181818182,0.2461829819586654,0.1447089370238733,0.0631950577114568,0.4699029126213593,0.3225806451612903,0.0214219623897023,0.6840132176876068,0.3636363636363636,0.2631806779839075,0.1512954970122327,0.0653402965991945,0.5461165048543688,0.3870967741935484,0.0443549520723253,0.7054427266120911,-0.0454545454545454,-0.016997696025242,-0.0065865599883593,-0.0021452388877377,-0.0762135922330095,-0.064516129032258,-0.022932989682623,-0.0214295089244842,-0.22314308963109378,-0.07920578901103541,-0.033347368893377985,-0.012746367938217554,-0.43252696629339815,-0.40277878333718076,-0.032363275123180636,-0.29773093411637797
3339105374_cc41e0b7d7.jpg,person_replacement,a woman in a red coat with a man in a white and black coat and a black dog in the snow,a man in a red coat with a man in a white and black coat and a black dog in the snow,two people and a dog are in the snow ||| two people are interacting with a dog that has bitten an object one of them is holding ||| two people are walking up a snowy hill with a dog ||| two people playing on a snowy hill,4,0.3636363636363636,0.2631806779839075,0.1512954970122327,0.0653402965991945,0.5461165048543688,0.3870967741935484,0.0430519095378491,0.6965575367212296,0.3636363636363636,0.2631806779839075,0.1512954970122327,0.0653402965991945,0.5461165048543688,0.3870967741935484,0.0443549520723253,0.7054427266120911,0.0,0.0,0.0,0.0,0.0,0.0,-0.0013030425344762,-0.0088851898908615,0.0,0.0,0.0,0.0,0.0,0.0,-0.001838867266068403,-0.12344640725691601
3339105374_cc41e0b7d7.jpg,color_replacement,a woman in a red coat with a man in a white and black coat and a black dog in the snow,a woman in a blue coat with a man in a white and black coat and a black dog in the snow,two people and a dog are in the snow ||| two people are interacting with a dog that has bitten an object one of them is holding ||| two people are walking up a snowy hill with a dog ||| two people playing on a snowy hill,4,0.3636363636363636,0.2631806779839075,0.1512954970122327,0.0653402965991945,0.5461165048543688,0.3870967741935484,0.0438458787881095,0.6880824267864227,0.3636363636363636,0.2631806779839075,0.1512954970122327,0.0653402965991945,0.5461165048543688,0.3870967741935484,0.0443549520723253,0.7054427266120911,0.0,0.0,0.0,0.0,0.0,0.0,-0.0005090732842158,-0.0173602998256683,0.0,0.0,0.0,0.0,0.0,0.0,-0.0007184095481201419,-0.2411953676517123
3339105374_cc41e0b7d7.jpg,hallucination,a woman in a red coat with a man in a white and black coat and a black dog in the snow,a woman in a red coat with a man in a white and black coat and a black dog in the snow with an umbrella,two people and a dog are in the snow ||| two people are interacting with a dog that has bitten an object one of them is holding ||| two people are walking up a snowy hill with a dog ||| two people playing on a snowy hill,4,0.36,0.2449489742783178,0.1376600125429635,0.0586813617407683,0.5306603773584906,0.3529411764705882,0.0253609652981823,0.695439949631691,0.3636363636363636,0.2631806779839075,0.1512954970122327,0.0653402965991945,0.5461165048543688,0.3870967741935484,0.0443549520723253,0.7054427266120911,-0.0036363636363636,-0.0182317037055896,-0.0136354844692691,-0.0066589348584262,-0.0154561274958782,-0.0341555977229601,-0.018993986774143,-0.0100027769804,-0.017851447170487346,-0.08495601256030126,-0.06903566223343695,-0.0395653995773085,-0.08771653114050036,-0.213235826472625,-0.026804512981725457,-0.13897360619074367
2272750492_91e8f67328.jpg,person_replacement,a man jumps through the air while snowboarding,a woman jumps through the air while snowboarding,a snowboarder in gray pants and a white jacket catches some air ||| a snowboarder in gray pants is doing a jump ||| a snowboarder with brown pants ||| person wearing grey pants airborne on a snowboard,4,0.25,0.0597614304667196,0.039044833280954,0.033031643180138,0.1886792452830188,0.3076923076923077,0.0531664638632193,0.765736997127533,0.25,0.0597614304667196,0.039044833280954,0.033031643180138,0.1886792452830188,0.3076923076923077,0.0536742782366769,0.8016852289438248,0.0,0.0,0.0,0.0,0.0,0.0,-0.0005078143734576,-0.0359482318162918,0.0,0.0,0.0,0.0,0.0,0.0,-0.0007166329600787654,-0.49944684575893844
2272750492_91e8f67328.jpg,hallucination,a man jumps through the air while snowboarding,a man jumps through the air while snowboarding with an umbrella,a snowboarder in gray pants and a white jacket catches some air ||| a snowboarder in gray pants is doing a jump ||| a snowboarder with brown pants ||| person wearing grey pants airborne on a snowboard,4,0.2490274680769806,0.0476851297025655,0.028467371580196,0.0226525815078815,0.4563492063492063,0.3749999999999999,0.0542208451672259,0.7475236058235168,0.25,0.0597614304667196,0.039044833280954,0.033031643180138,0.1886792452830188,0.3076923076923077,0.0536742782366769,0.8016852289438248,-0.0009725319230194,-0.0120763007641541,-0.0105774617007579,-0.0103790616722565,0.2676699610661874,0.0673076923076921,0.000546566930549,-0.0541616231203079,-0.004774303117483201,-0.05627309306737512,-0.053553071392979976,-0.061669280602845745,1.5190791148365002,0.4202067114623464,0.0007713209743426037,-0.7524946419301403
2021671653_567395c7cf.jpg,person_replacement,a boy dressed in denim is running on the sidewalk,a girl dressed in denim is running on the sidewalk,a young boy in motion in front of potted plants and a beige wall ||| a young boy wearing a denim outfit running down the street ||| little boy in denim runs through paved spanishstyle yard area ||| young boy running waring blue jacket and blue jeans flower pots are in the background on a cement walkway,4,0.6,0.258198889747161,0.0941036028881028,0.0587394909469921,0.2555555555555555,0.380952380952381,0.5104136603800865,0.7435683161020279,0.7,0.2788866755113585,0.0990653658793855,0.0610473583580784,0.315625,0.4761904761904761,0.6388749652959769,0.886460691690445,-0.0999999999999999,-0.0206877857641974,-0.0049617629912827,-0.0023078674110863,-0.0600694444444445,-0.0952380952380951,-0.1284613049158903,-0.142892375588417,-0.49091479718840636,-0.09640085291036919,-0.02512111650455506,-0.013712657989968525,-0.3409057861103189,-0.5945782039739332,-0.18128593834522852,-1.9852755661348742
2021671653_567395c7cf.jpg,action_replacement,a boy dressed in denim is running on the sidewalk,a boy dressed in denim is standing on the sidewalk,a young boy in motion in front of potted plants and a beige wall ||| a young boy wearing a denim outfit running down the street ||| little boy in denim runs through paved spanishstyle yard area ||| young boy running waring blue jacket and blue jeans flower pots are in the background on a cement walkway,4,0.6,0.258198889747161,0.0941036028881028,0.0587394909469921,0.2555555555555555,0.380952380952381,0.5590109315138989,0.7088039815425873,0.7,0.2788866755113585,0.0990653658793855,0.0610473583580784,0.315625,0.4761904761904761,0.6388749652959769,0.886460691690445,-0.0999999999999999,-0.0206877857641974,-0.0049617629912827,-0.0023078674110863,-0.0600694444444445,-0.0952380952380951,-0.0798640337820779,-0.1776567101478576,-0.49091479718840636,-0.09640085291036919,-0.02512111650455506,-0.013712657989968525,-0.3409057861103189,-0.5945782039739332,-0.11270496056145937,-2.46827393248991
2021671653_567395c7cf.jpg,negation,a boy dressed in denim is running on the sidewalk,a boy dressed in denim is not running on the sidewalk,a young boy in motion in front of potted plants and a beige wall ||| a young boy wearing a denim outfit running down the street ||| little boy in denim runs through paved spanishstyle yard area ||| young boy running waring blue jacket and blue jeans flower pots are in the background on a cement walkway,4,0.6363636363636364,0.2522624895547565,0.0890883567703394,0.0545246911963086,0.3125,0.4545454545454545,0.5409047711459023,0.7989108562469482,0.7,0.2788866755113585,0.0990653658793855,0.0610473583580784,0.315625,0.4761904761904761,0.6388749652959769,0.886460691690445,-0.0636363636363636,-0.0266241859566019,-0.0099770091090461,-0.0065226671617698,-0.0031249999999999,-0.0216450216450216,-0.0979701941500745,-0.0875498354434967,-0.31240032548353147,-0.12406326435874468,-0.05051301495772597,-0.038755737674569274,-0.017734983092443753,-0.13513140999407566,-0.13825656362426952,-1.2163738506646555
2021671653_567395c7cf.jpg,hallucination,a boy dressed in denim is running on the sidewalk,a boy dressed in denim is running on the sidewalk with a helicopter,a young boy in motion in front of potted plants and a beige wall ||| a young boy wearing a denim outfit running down the street ||| little boy in denim runs through paved spanishstyle yard area ||| young boy running waring blue jacket and blue jeans flower pots are in the background on a cement walkway,4,0.5698222022414253,0.2096888927716905,0.0717987637738597,0.043026488932731,0.3064320388349515,0.4166666666666666,0.4819060458413543,0.8666859567165375,0.7,0.2788866755113585,0.0990653658793855,0.0610473583580784,0.315625,0.4761904761904761,0.6388749652959769,0.886460691690445,-0.1301777977585746,-0.0691977827396679,-0.0272666021055257,-0.0180208694253474,-0.0091929611650484,-0.0595238095238095,-0.1569689194546225,-0.0197747349739074,-0.6390620718508411,-0.3224475229801958,-0.13804921544613757,-0.10707461699255695,-0.052171843466121796,-0.3716113774837087,-0.22151618242551321,-0.2747403282283553
416960865_048fd3f294.jpg,color_replacement,a hiker in a red on a snowy peak,a hiker in a blue on a snowy peak,a person in a red jacket and a red hardhat stands near a mountain ||| a person wearing a red jacket and helmet walks up near the large rock ||| a woman wearing a red work man s hat and red jacket is hiking in the snow topped mountains ||| the person wearing the red hardhat is on the mountain,4,0.4971329537857609,0.2358108650835347,0.0892465726576343,0.0570613591495714,0.1481481481481481,0.3478260869565217,0.0064373264113671,0.6311049312353134,0.596559544542913,0.3653166213293175,0.257431662133764,0.1262975489687145,0.2755555555555555,0.4347826086956521,0.2028581250643985,0.7581493258476257,-0.0994265907571521,-0.1295057562457828,-0.1681850894761297,-0.0692361898191431,-0.1274074074074073,-0.0869565217391304,-0.1964207986530314,-0.1270443946123123,-0.4880998463668206,-0.6034703520809677,-0.8515112943689069,-0.41138073485407345,-0.7230618291912108,-0.5428757514544614,-0.2771910873678922,-1.765091604080419
416960865_048fd3f294.jpg,hallucination,a hiker in a red on a snowy peak,a hiker in a red on a snowy peak with a television,a person in a red jacket and a red hardhat stands near a mountain ||| a person wearing a red jacket and helmet walks up near the large rock ||| a woman wearing a red work man s hat and red jacket is hiking in the snow topped mountains ||| the person wearing the red hardhat is on the mountain,4,0.5833333333333334,0.3256694736394648,0.2197107811492718,0.1041904464013639,0.3089774557165861,0.4615384615384615,0.2208622108311275,0.7426154613494873,0.596559544542913,0.3653166213293175,0.257431662133764,0.1262975489687145,0.2755555555555555,0.4347826086956521,0.2028581250643985,0.7581493258476257,-0.0132262112095796,-0.0396471476898527,-0.0377208809844921,-0.0221071025673506,0.0334219001610305,0.0267558528428094,0.018004085766729,-0.0155338644981384,-0.06492942793521804,-0.18474760403694912,-0.19097861940014055,-0.13135379233616556,0.18967578696743617,0.16703869275521918,0.025407554316893025,-0.2158197840074539
3474406285_01f3d24b71.jpg,object_replacement,a brown dog jumping over a blue and yellow stick,a brown cat jumping over a blue and yellow stick,a brown dog jumping over a hurdle ||| a brown dog jumps over an obstacle ||| a dog jumps over a hurdle at a competition ||| the brown dog is jumping a hurdle over a yellow and black pole,4,0.7,0.4830458915396479,0.3078191250746389,0.14287202148494,0.6630136986301369,0.588235294117647,0.88402690394006,0.6354828178882599,0.8,0.6666666666666667,0.60570686427738,0.5555238068023582,0.8200152207001522,0.7058823529411764,1.8339403413555635,0.7662607729434967,-0.1,-0.1836207751270188,-0.2978877392027411,-0.4126517853174182,-0.1570015220700152,-0.1176470588235294,-0.9499134374155036,-0.1307779550552368,-0.4909147971884069,-0.8556352785198349,-1.5081882417475203,-2.451853505026193,-0.8910141886079178,-0.7344789578501539,-1.3405277874248784,-1.8169638351319584
3474406285_01f3d24b71.jpg,hallucination,a brown dog jumping over a blue and yellow stick,a brown dog jumping over a blue and yellow stick with a helicopter,a brown dog jumping over a hurdle ||| a brown dog jumps over an obstacle ||| a dog jumps over a hurdle at a competition ||| the brown dog is jumping a hurdle over a yellow and black pole,4,0.6923076923076923,0.5370861555295747,0.4716122463218143,0.4211813371894875,0.7401315789473685,0.6,1.1450134443434026,0.7857165485620499,0.8,0.6666666666666667,0.60570686427738,0.5555238068023582,0.8200152207001522,0.7058823529411764,1.8339403413555635,0.7662607729434967,-0.1076923076923077,-0.129580511137092,-0.1340946179555656,-0.1343424696128707,-0.0798836417527837,-0.1058823529411764,-0.6889268970121609,0.0194557756185531,-0.5286774738952075,-0.6038186945939639,-0.6789132262491889,-0.7982227793848545,-0.4533552114715194,-0.6610310620651382,-0.9722208493669702,0.27030886565264073
3690348036_a01f243fb0.jpg,hallucination,a bmx biker is in midair attempting a trick,a bmx biker is in midair attempting a trick with a television,a boy does a trick on a bike in the woods ||| a person is in the air with a trick bike ||| a person riding a bike doing a very high jump ||| the young man is performing a bicycle trick high in the air,4,0.5833333333333334,0.3988620176087328,0.1167387721650395,0.0648411507139764,0.5010893246187365,0.4545454545454545,0.3573754224825246,0.7382702827453613,0.4971329537857609,0.3334869235560669,0.1124436355223257,0.067857774292396,0.4505050505050505,0.5263157894736842,0.3860336484337553,0.7689966261386871,0.0862003795475724,0.0653750940526659,0.0042951366427138,-0.0030166235784196,0.0505842741136859,-0.0717703349282297,-0.0286582259512307,-0.0307263433933258,0.423170418431602,0.30463457508726266,0.021746026199591456,-0.01792387518305147,0.28707559876793226,-0.4480673068224626,-0.04044278848233768,-0.4268965263139216
2746839158_4195210d27.jpg,hallucination,children playing outside in a fountain,children playing outside in a fountain with a traffic cone,two boys in underwear play in the water in the city street ||| two little boys play in the water left behind by the sprinklers ||| two young boys are playing in a fountain in a city plaza ||| two young boys play in the water that has collected on the street,4,0.4093653765389909,0.272910251025994,0.1968023461373634,0.0971702834321306,0.3152542372881355,0.4545454545454545,0.2434444065985897,0.8040927350521088,0.2452529607809615,0.1899721265425449,0.1491678047482249,0.0798734401038755,0.2768640350877193,0.4444444444444444,0.2307520749393867,0.8151271194219589,0.1641124157580294,0.082938124483449,0.0476345413891384,0.0172968433282551,0.0383902022004162,0.01010101010101,0.0126923316592029,-0.0110343843698501,0.8056521329795252,0.38647470686919316,0.24117090356390558,0.1027726704433116,0.21787186782076803,0.06306132466390148,0.017911551312155705,-0.15330624595326353
989754491_7e53fb4586.jpg,person_replacement,a girl in a pool wearing goggles and surrounded by other children,a boy in a pool wearing goggles and surrounded by other children,a girl in green goggles in a pool with three other children ||| a red haired girl making a peace sign is wearing neon green glasses and floaties and playing in the pool with other kids ||| a redheaded girl offers the peace sign as she swims in the pool with floaties ||| a young girl with goggles and floaties poses for the camera as she plays in a pool,4,0.75,0.5222329678670936,0.3010067189543958,0.1319384917132592,0.5289115646258503,0.5,0.8618625922491183,0.8590206503868103,0.8333333333333334,0.674199862463242,0.4496443130226092,0.1782753104279625,0.625,0.5833333333333334,1.0130934356435963,0.8759838342666626,-0.0833333333333333,-0.1519668945961484,-0.1486375940682134,-0.0463368187147033,-0.0960884353741496,-0.0833333333333333,-0.151230843394478,-0.0169631838798522,-0.4090956643236723,-0.7081346655552642,-0.7525434657206517,-0.2753195197980718,-0.545320568556791,-0.5202559284771922,-0.21341854941812105,-0.23567803629722434
989754491_7e53fb4586.jpg,hallucination,a girl in a pool wearing goggles and surrounded by other children,a girl in a pool wearing goggles and surrounded by other children with a helicopter,a girl in green goggles in a pool with three other children ||| a red haired girl making a peace sign is wearing neon green glasses and floaties and playing in the pool with other kids ||| a redheaded girl offers the peace sign as she swims in the pool with floaties ||| a young girl with goggles and floaties poses for the camera as she plays in a pool,4,0.7333333333333333,0.560611910581388,0.3643094426946137,0.1416796611604849,0.4747565994178461,0.5185185185185186,0.8988580306907469,0.8209554851055145,0.8333333333333334,0.674199862463242,0.4496443130226092,0.1782753104279625,0.625,0.5833333333333334,1.0130934356435963,0.8759838342666626,-0.1,-0.113587951881854,-0.0853348703279955,-0.0365956492674776,-0.1502434005821539,-0.0648148148148147,-0.1142354049528494,-0.055028349161148,-0.4909147971884069,-0.529296637473059,-0.43204546915621395,-0.21744040403497744,-0.8526605341042683,-0.4046434999267045,-0.16121019938793094,-0.7645365022766215
3638178504_be1ff246bd.jpg,person_replacement,a little girl is looking at the two horses on the other side of the fence,a little boy is looking at the two horses on the other side of the fence,a small child staring at a horse and a pony ||| two horses are looking at a small child ||| two horses look over a fence at a child wearing a red sweatshirt ||| two horse stare at a young child with crumbling structures nearby,4,0.375,0.223606797749979,0.0709491705985192,0.0407122077555306,0.5068181818181818,0.2307692307692307,0.5309586174789807,0.7934461534023285,0.375,0.223606797749979,0.0709491705985192,0.0407122077555306,0.5068181818181818,0.2307692307692307,0.5316657208486916,0.839662030339241,0.0,0.0,0.0,0.0,0.0,0.0,-0.0007071033697109,-0.0462158769369125,0.0,0.0,0.0,0.0,0.0,0.0,-0.0009978716779270164,-0.6421003980970004
3638178504_be1ff246bd.jpg,action_replacement,a little girl is looking at the two horses on the other side of the fence,a little girl is pointing at the two horses on the other side of the fence,a small child staring at a horse and a pony ||| two horses are looking at a small child ||| two horses look over a fence at a child wearing a red sweatshirt ||| two horse stare at a young child with crumbling structures nearby,4,0.3125,0.1443375672974064,0.0529919916474163,0.0327093447087721,0.3586647727272727,0.2307692307692307,0.4066413770584231,0.8435364067554474,0.375,0.223606797749979,0.0709491705985192,0.0407122077555306,0.5068181818181818,0.2307692307692307,0.5316657208486916,0.839662030339241,-0.0625,-0.0792692304525725,-0.0179571789511028,-0.0080028630467584,-0.1481534090909091,0.0,-0.1250243437902684,0.0038743764162063,-0.3068217482427543,-0.36937841063693283,-0.09091614922283484,-0.04755061897126109,-0.8407994257008831,0.0,-0.17643566282356543,0.05382865811720094
3638178504_be1ff246bd.jpg,negation,a little girl is looking at the two horses on the other side of the fence,a little girl is not looking at the two horses on the other side of the fence,a small child staring at a horse and a pony ||| two horses are looking at a small child ||| two horses look over a fence at a child wearing a red sweatshirt ||| two horse stare at a young child with crumbling structures nearby,4,0.3529411764705882,0.2100420126042014,0.0665028658428247,0.0380713486644631,0.501123595505618,0.2222222222222222,0.4055144715701136,0.8450435101985931,0.375,0.223606797749979,0.0709491705985192,0.0407122077555306,0.5068181818181818,0.2307692307692307,0.5316657208486916,0.839662030339241,-0.0220588235294117,-0.0135647851457775,-0.0044463047556945,-0.0026408590910674,-0.0056945863125638,-0.0085470085470084,-0.1261512492785779,0.0053814798593521,-0.10829002879156004,-0.06320912602748956,-0.022511381534909513,-0.015691194971404813,-0.032317885430970826,-0.05335958240791625,-0.17802596364612316,0.07476760345276741
3638178504_be1ff246bd.jpg,hallucination,a little girl is looking at the two horses on the other side of the fence,a little girl is looking at the two horses on the other side of the fence with a helicopter,a small child staring at a horse and a pony ||| two horses are looking at a small child ||| two horses look over a fence at a child wearing a red sweatshirt ||| two horse stare at a young child with crumbling structures nearby,4,0.4210526315789473,0.21629522817435,0.0650451598138697,0.0362143957417634,0.4901098901098901,0.2758620689655172,0.2631776768252742,0.8082864433526993,0.375,0.223606797749979,0.0709491705985192,0.0407122077555306,0.5068181818181818,0.2307692307692307,0.5316657208486916,0.839662030339241,0.0460526315789472,-0.0073115695756289,-0.0059040107846494,-0.0044978120137671,-0.0167082917082917,0.0450928381962864,-0.2684880440234173,-0.0313755869865417,0.22607918291571288,-0.034070419678453055,-0.029891662101938703,-0.026724653917154128,-0.09482280670405789,0.2815177968417694,-0.37889313849901196,-0.43591679374787995
3472270112_0a7cb7b27c.jpg,hallucination,a baseman and a ballplayer from the opposing team sliding onto base,a baseman and a ballplayer from the opposing team sliding onto base with a helicopter,a runner slides into second base while the shortstop waits for the ball ||| men participate in a baseball game ||| three baseball players in motion one sliding into a base another running in the background ||| three men playing baseball and the one wearing a red helmet is sliding to the plate,4,0.3333333333333333,0.0487950036474266,0.0263594161000486,0.0197654418733492,0.1515151515151515,0.2142857142857142,0.2800972806921303,0.8299225568771362,0.3833518394288847,0.0566248193819654,0.0308987433853914,0.0234340409283761,0.1550387596899224,0.24,0.276382804127623,0.8575465530157089,-0.0500185060955513,-0.0078298157345387,-0.0045393272853427,-0.0036685990550269,-0.0035236081747709,-0.0257142857142858,0.0037144765645072,-0.0276239961385726,-0.2455482477556466,-0.03648534084526482,-0.02298234917462677,-0.02179771849208042,-0.01999716204926736,-0.16053611507296275,0.005241908214298025,-0.38379405722020754
3464871350_3f2d624a9c.jpg,object_replacement,a driver is sitting in a team penske race car,a driver is sitting in a team penske race truck,a race car driver with an orange helmet sits in a team penske indy car at the raceway ||| a race car sits in the pits ||| race car driver getting ready for the start of the race ||| racing car marked team penske on track banners and spectators in background,4,0.6333861926251716,0.4370779972936131,0.3509211008891332,0.2733853513461668,0.436046511627907,0.5,0.6971802399069548,0.7078340649604797,0.7238699344287677,0.5395407934170133,0.4038186547336971,0.3037441422076457,0.610958904109589,0.5714285714285714,1.215379912196964,0.7910473644733429,-0.090483741803596,-0.1024627961234002,-0.0528975538445639,-0.0303587908614788,-0.174912392481682,-0.0714285714285714,-0.5181996722900092,-0.0832132995128631,-0.4441980775636051,-0.47745568571051256,-0.26781722852742207,-0.18038285651622024,-0.9926618634629168,-0.44593365298045046,-0.7312888025136652,-1.156124178215017
3464871350_3f2d624a9c.jpg,negation,a driver is sitting in a team penske race car,a driver is not sitting in a team penske race car,a race car driver with an orange helmet sits in a team penske indy car at the raceway ||| a race car sits in the pits ||| race car driver getting ready for the start of the race ||| racing car marked team penske on track banners and spectators in background,4,0.7272727272727273,0.5393598899705937,0.4013422919391943,0.2998221389342337,0.6027027027027028,0.5517241379310345,1.1255881712715865,0.7597258687019348,0.7238699344287677,0.5395407934170133,0.4038186547336971,0.3037441422076457,0.610958904109589,0.5714285714285714,1.215379912196964,0.7910473644733429,0.0034027928439596,-0.0001809034464196,-0.0024763627945028,-0.0039220032734119,-0.0082562014068862,-0.0197044334975369,-0.0897917409253774,-0.031321495771408,0.016704813588665893,-0.0008429730821872363,-0.012537680332080574,-0.023303370577307105,-0.04685554955486136,-0.12301618013253783,-0.12671504481420817,-0.4351652773194821
3464871350_3f2d624a9c.jpg,hallucination,a driver is sitting in a team penske race car,a driver is sitting in a team penske race car with an umbrella,a race car driver with an orange helmet sits in a team penske indy car at the raceway ||| a race car sits in the pits ||| race car driver getting ready for the start of the race ||| racing car marked team penske on track banners and spectators in background,4,0.7692307692307693,0.5661385170722979,0.3876986054269914,0.2762935071062246,0.5868421052631579,0.5161290322580646,1.1425944608091425,0.7782213389873505,0.7238699344287677,0.5395407934170133,0.4038186547336971,0.3037441422076457,0.610958904109589,0.5714285714285714,1.215379912196964,0.7910473644733429,0.0453608348020015,0.0265977236552845,-0.0161200493067056,-0.027450635101421,-0.024116798846431,-0.0552995391705067,-0.0727854513878214,-0.0128260254859924,0.22268305017121398,0.12393995544371408,-0.08161486903029926,-0.16310346467262252,-0.13686752633130703,-0.345238957146154,-0.10271559098174812,-0.1781984161373825
493542985_c85ad29ebe.jpg,person_replacement,a girl is rowing in a lake,a boy is rowing in a lake,a girl sits on a skinny canoe ||| a woman sits in a rowing scull and looks behind her at a dock ||| a woman sitting in a rowboat ||| girl in a thin rowboat leaving the dock of a lake,4,0.7142857142857143,0.4879500364742665,0.1682390865739974,0.1044552273072038,0.4189435336976321,0.4615384615384615,0.2715942732377366,0.7009141892194748,0.8571428571428571,0.6546536707079771,0.2046528216187626,0.1209896735024439,0.4189435336976321,0.4615384615384615,0.4140189734137056,0.8149037510156631,-0.1428571428571428,-0.1667036342337106,-0.0364137350447652,-0.01653444619524,0.0,0.0,-0.1424247001759689,-0.1139895617961883,-0.7013068531262953,-0.7768048599574903,-0.18436061577964785,-0.09824273467345396,0.0,0.0,-0.20099122791757149,-1.583714252747983
493542985_c85ad29ebe.jpg,action_replacement,a girl is rowing in a lake,a girl is floating in a lake,a girl sits on a skinny canoe ||| a woman sits in a rowing scull and looks behind her at a dock ||| a woman sitting in a rowboat ||| girl in a thin rowboat leaving the dock of a lake,4,0.7142857142857143,0.5976143046671969,0.1925856785554179,0.1155987114790698,0.4189435336976321,0.4615384615384615,0.2771702816118342,0.6429457664489746,0.8571428571428571,0.6546536707079771,0.2046528216187626,0.1209896735024439,0.4189435336976321,0.4615384615384615,0.4140189734137056,0.8149037510156631,-0.1428571428571428,-0.0570393660407801,-0.0120671430633447,-0.005390962023374,0.0,0.0,-0.1368486918018713,-0.1719579845666885,-0.7013068531262953,-0.26579178644212315,-0.06109524120841749,-0.032031484178131606,0.0,0.0,-0.19312230652539827,-2.389098674833127
493542985_c85ad29ebe.jpg,negation,a girl is rowing in a lake,a girl is not rowing in a lake,a girl sits on a skinny canoe ||| a woman sits in a rowing scull and looks behind her at a dock ||| a woman sitting in a rowboat ||| girl in a thin rowboat leaving the dock of a lake,4,0.75,0.5669467095138409,0.1749757011938004,0.1017397827309225,0.4121863799283153,0.4285714285714285,0.3600198099360968,0.8161738514900208,0.8571428571428571,0.6546536707079771,0.2046528216187626,0.1209896735024439,0.4189435336976321,0.4615384615384615,0.4140189734137056,0.8149037510156631,-0.1071428571428571,-0.0877069611941362,-0.0296771204249622,-0.0192498907715213,-0.0067571537693167,-0.032967032967033,-0.0539991634776088,0.0012701004743576,-0.5259801398447215,-0.40869651115218814,-0.15025352904300165,-0.11437709429324412,-0.03834816251260099,-0.2058155321448236,-0.07620418481117887,0.01764614401499846
493542985_c85ad29ebe.jpg,hallucination,a girl is rowing in a lake,a girl is rowing in a lake with an umbrella,a girl sits on a skinny canoe ||| a woman sits in a rowing scull and looks behind her at a dock ||| a woman sitting in a rowboat ||| girl in a thin rowboat leaving the dock of a lake,4,0.5429024508215757,0.4046555950627599,0.1228053313835529,0.0699489249174245,0.3993055555555556,0.380952380952381,0.3501153195987871,0.7547975331544876,0.8571428571428571,0.6546536707079771,0.2046528216187626,0.1209896735024439,0.4189435336976321,0.4615384615384615,0.4140189734137056,0.8149037510156631,-0.3142404063212813,-0.2499980756452172,-0.0818474902352097,-0.0510407485850194,-0.0196379781420765,-0.0805860805860805,-0.0639036538149184,-0.0601062178611755,-1.542652653376144,-1.164939930877369,-0.41438906723607905,-0.3032688643793882,-0.11144934730224572,-0.5031046341317899,-0.09018150526426043,-0.8350858833523661
2303016989_0deb96c8d9.jpg,object_replacement,a black and white dog is catching a red and green object in his mouth,a black and white cat is catching a red and green object in his mouth,a black and white dog is running through the field to catch something in its mouth ||| a dog catching a flexable frisbee in its mouth ||| a small black and white dog jumps with an object in its mouth ||| the black and white dog leaps to catch a toy,4,0.6236713233544118,0.456480667468109,0.3106891966888325,0.2198928262665456,0.3875,0.5161290322580646,0.9087938402064304,0.7293614745140076,0.686038455689853,0.5664776108983309,0.4520395053577804,0.3833796477982051,0.4867724867724867,0.5806451612903225,1.484617961977569,0.8626870810985565,-0.0623671323354412,-0.1099969434302219,-0.1413503086689479,-0.1634868215316595,-0.0992724867724866,-0.0645161290322579,-0.5758241217711386,-0.1333256065845489,-0.3061694812167565,-0.5125632721196349,-0.7156483649593867,-0.9713898028810278,-0.5633906798255847,-0.40277878333718015,-0.8126090288857513,-1.8523596378215137
2303016989_0deb96c8d9.jpg,negation,a black and white dog is catching a red and green object in his mouth,a black and white dog is not catching a red and green object in his mouth,a black and white dog is running through the field to catch something in its mouth ||| a dog catching a flexable frisbee in its mouth ||| a small black and white dog jumps with an object in its mouth ||| the black and white dog leaps to catch a toy,4,0.6875,0.5664215155988809,0.4508898714992067,0.3813707100324891,0.4821802935010481,0.5625,1.2544980949018862,0.7898369431495667,0.686038455689853,0.5664776108983309,0.4520395053577804,0.3833796477982051,0.4867724867724867,0.5806451612903225,1.484617961977569,0.8626870810985565,0.001461544310147,-5.609529945005409e-05,-0.0011496338585737,-0.0020089377657159,-0.0045921932714386,-0.0181451612903225,-0.2301198670756827,-0.0728501379489898,0.007174937285976846,-0.0002613926291041893,-0.005820529144489648,-0.011936507431952958,-0.026061590408384048,-0.1132815328135817,-0.32474756551794964,-1.01214356794141
2303016989_0deb96c8d9.jpg,hallucination,a black and white dog is catching a red and green object in his mouth,a black and white dog is catching a red and green object in his mouth with a television,a black and white dog is running through the field to catch something in its mouth ||| a dog catching a flexable frisbee in its mouth ||| a small black and white dog jumps with an object in its mouth ||| the black and white dog leaps to catch a toy,4,0.6666666666666666,0.5239368319955838,0.4094170795738882,0.3422803488747217,0.5098308184727939,0.5294117647058824,0.963470247928248,0.7979712635278702,0.686038455689853,0.5664776108983309,0.4520395053577804,0.3833796477982051,0.4867724867724867,0.5806451612903225,1.484617961977569,0.8626870810985565,-0.0193717890231863,-0.0425407789027471,-0.0426224257838922,-0.0410992989234834,0.0230583317003071,-0.0512333965844401,-0.521147714049321,-0.0647158175706863,-0.0950989787949411,-0.19823133400740534,-0.21579485471294296,-0.2441997434765697,0.13086051931037418,-0.3198537397089372,-0.735449109907146,-0.8991293680748359
540604040_bec822c144.jpg,person_replacement,a girl sliding down a pole,a boy sliding down a pole,a small child with a ponytail dressed in jean shorts and a pink and brown shirt climbs on a pole near wooden playground equipment ||| a young asian girl is sliding down a pole on outdoor playground equipment ||| a young girl slides down a bar in a play structure ||| a young girl sliding down a black pole,4,0.5971094254781577,0.5066641486392106,0.451386440550339,0.3849815007763549,0.5717948717948719,0.7142857142857143,1.2763959792108732,0.8322159945964813,0.7165313105737893,0.6408850873800026,0.6043459130494065,0.5698363775444273,0.7211538461538461,0.8571428571428571,1.8709002978014313,0.8153489232063293,-0.1194218850956315,-0.134220938740792,-0.1529594724990675,-0.1848548767680723,-0.1493589743589742,-0.1428571428571428,-0.5945043185905581,0.0168670713901519,-0.5862597050157917,-0.6254421386862589,-0.7744248840332064,-1.0983523969885314,-0.8476412431875943,-0.8918673059609009,-0.8389707181983367,0.2343426971889153
540604040_bec822c144.jpg,hallucination,a girl sliding down a pole,a girl sliding down a pole with a television,a small child with a ponytail dressed in jean shorts and a pink and brown shirt climbs on a pole near wooden playground equipment ||| a young asian girl is sliding down a pole on outdoor playground equipment ||| a young girl slides down a bar in a play structure ||| a young girl sliding down a black pole,4,0.8888888888888888,0.7453559924999299,0.6197980942410934,0.5307712171072443,0.6310013717421126,0.7058823529411765,1.6024536930865405,0.7634089887142181,0.7165313105737893,0.6408850873800026,0.6043459130494065,0.5698363775444273,0.7211538461538461,0.8571428571428571,1.8709002978014313,0.8153489232063293,0.1723575783150995,0.1044709051199273,0.0154521811916868,-0.039065160437183,-0.0901524744117335,-0.1512605042016805,-0.2684466047148908,-0.0519399344921112,0.8461288560244203,0.48681306316060274,0.07823349173425724,-0.2321135008991677,-0.5116328350189161,-0.9443300886644825,-0.37883465891299556,-0.7216276055962846
2735979477_eef7c680f9.jpg,object_replacement,a tan dog and larger white dog run along the grass,a tan cat and larger white dog run along the grass,two big dogs brown and tan are running in grass ||| two dogs running on grass ||| two golden retreiver dogs are running on the grass ||| two large dogs running in some grass,4,0.3636363636363636,0.1906925178491184,0.0739278822620259,0.0474060425987813,0.6696428571428572,0.3999999999999999,0.3251948405279609,0.8450454473495483,0.3636363636363636,0.1906925178491184,0.0739278822620259,0.0474060425987813,0.6696428571428572,0.3999999999999999,0.367414228391377,0.8760906755924225,0.0,0.0,0.0,0.0,0.0,0.0,-0.0422193878634161,-0.0310452282428741,0.0,0.0,0.0,0.0,0.0,0.0,-0.05958044214319506,-0.4313269537430402
2735979477_eef7c680f9.jpg,hallucination,a tan dog and larger white dog run along the grass,a tan dog and larger white dog run along the grass with a helicopter,two big dogs brown and tan are running in grass ||| two dogs running on grass ||| two golden retreiver dogs are running on the grass ||| two large dogs running in some grass,4,0.2857142857142857,0.1482498633322202,0.0567896404549297,0.0359214342034289,0.6355932203389831,0.3478260869565217,0.2235751662784133,0.8029914647340775,0.3636363636363636,0.1906925178491184,0.0739278822620259,0.0474060425987813,0.6696428571428572,0.3999999999999999,0.367414228391377,0.8760906755924225,-0.0779220779220778,-0.0424426545168981,-0.0171382418070962,-0.0114846083953523,-0.034049636803874,-0.0521739130434782,-0.1438390621129636,-0.073099210858345,-0.3825310107961606,-0.19777409442676736,-0.08676991824794923,-0.06823810861823308,-0.1932383145665841,-0.3257254508726766,-0.20298719028986517,-1.0156040630104632
2053441349_a98b5fc742.jpg,object_replacement,a dog in a field of colorful flowers,a cat in a field of colorful flowers,a large brown dog is running through a field of flowers ||| a tan dog walks through a field of colorful flowers ||| dog runs through field of flowers ||| the brown dog walks through the flowers,4,0.75,0.6546536707079771,0.5984084805885754,0.5410822690539396,0.600907029478458,0.6666666666666665,2.1970689049654286,0.8066729456186295,0.875,0.7071067811865475,0.6299605249474366,0.5623413251903491,0.6861724281549355,0.7777777777777777,2.7888544331406178,0.9798777848482132,-0.125,-0.0524531104785703,-0.0315520443588611,-0.0212590561364094,-0.0852653986764775,-0.1111111111111111,-0.5917855281751891,-0.1732048392295837,-0.6136434964855086,-0.24442077298996878,-0.15974615951797663,-0.12631495405141485,-0.4838977292473129,-0.6936745713029232,-0.8351339327014364,-2.406421853110302
2053441349_a98b5fc742.jpg,hallucination,a dog in a field of colorful flowers,a dog in a field of colorful flowers with a television,a large brown dog is running through a field of flowers ||| a tan dog walks through a field of colorful flowers ||| dog runs through field of flowers ||| the brown dog walks through the flowers,4,0.6363636363636364,0.504524979109513,0.4394215622985436,0.3816330911371337,0.6284097797534854,0.6666666666666666,2.057957403157718,0.9250889718532562,0.875,0.7071067811865475,0.6299605249474366,0.5623413251903491,0.6861724281549355,0.7777777777777777,2.7888544331406178,0.9798777848482132,-0.2386363636363636,-0.2025818020770344,-0.1905389626488929,-0.1807082340532154,-0.05776264840145,-0.111111111111111,-0.7308970299828998,-0.0547888129949569,-1.1715012205632436,-0.9439897883195894,-0.9646876498876257,-1.0737142860284814,-0.32781426968784694,-0.6936745713029224,-1.0314495403961959,-0.7612085059718042
244910177_7c4ec3f65b.jpg,person_replacement,three woman walk down a city street and one has a pink purse,three man walk down a city street and one has a pink purse,three women two with tattoos walking down the street ||| women are walking through the street drinking iced coffee ||| women walk down a buzy sidewalk ||| women walking down the street,4,0.3846153846153846,0.2531848417709166,0.179953751775717,0.0873716785171587,0.4406130268199234,0.3636363636363637,0.4397242303683741,0.6892286241054535,0.3846153846153846,0.2531848417709166,0.179953751775717,0.0873716785171587,0.4406130268199234,0.3636363636363637,0.4381787770902302,0.7922779023647308,0.0,0.0,0.0,0.0,0.0,0.0,0.0015454532781439,-0.1030492782592773,0.0,0.0,0.0,0.0,0.0,0.0,0.002180959845304905,-1.4317153969449472
244910177_7c4ec3f65b.jpg,color_replacement,three woman walk down a city street and one has a pink purse,three woman walk down a city street and one has a purple purse,three women two with tattoos walking down the street ||| women are walking through the street drinking iced coffee ||| women walk down a buzy sidewalk ||| women walking down the street,4,0.3846153846153846,0.2531848417709166,0.179953751775717,0.0873716785171587,0.4406130268199234,0.3636363636363637,0.428945598673504,0.7739991694688797,0.3846153846153846,0.2531848417709166,0.179953751775717,0.0873716785171587,0.4406130268199234,0.3636363636363637,0.4381787770902302,0.7922779023647308,0.0,0.0,0.0,0.0,0.0,0.0,-0.0092331784167261,-0.0182787328958511,0.0,0.0,0.0,0.0,0.0,0.0,-0.013029958042860052,-0.2539556197355327
244910177_7c4ec3f65b.jpg,hallucination,three woman walk down a city street and one has a pink purse,three woman walk down a city street and one has a pink purse with an umbrella,three women two with tattoos walking down the street ||| women are walking through the street drinking iced coffee ||| women walk down a buzy sidewalk ||| women walking down the street,4,0.375,0.223606797749979,0.1528553543664399,0.072397680788887,0.418943533697632,0.32,0.2108248235452872,0.7674384862184525,0.3846153846153846,0.2531848417709166,0.179953751775717,0.0873716785171587,0.4406130268199234,0.3636363636363637,0.4381787770902302,0.7922779023647308,-0.0096153846153845,-0.0295780440209376,-0.0270983974092771,-0.0149739977282716,-0.0216694931222914,-0.0436363636363636,-0.2273539535449429,-0.0248394161462783,-0.04720334588350009,-0.13782763914606166,-0.1371976048838237,-0.08897101653413655,-0.12297859012661647,-0.2724249225480569,-0.3208442793873111,-0.3451064883566801
2290589734_b588471345.jpg,person_replacement,one boy in a black shirt is grabbing the flag of the boy in the red shirt with the football,one girl in a black shirt is grabbing the flag of the boy in the red shirt with the football,two boys are playing flag football ||| two boys playing a game of flag football ||| two boys with mouthguards and one is holding a football while the other reaches for him ||| young football players with mouthguards,4,0.4,0.0458831467741123,0.0226992388708607,0.0161955701285324,0.2717391304347826,0.2142857142857142,0.1712048137498995,0.7616462558507919,0.4,0.0458831467741123,0.0226992388708607,0.0161955701285324,0.2717391304347826,0.2857142857142857,0.1639811688695004,0.7780537009239197,0.0,0.0,0.0,0.0,0.0,-0.0714285714285715,0.007223644880399,-0.0164074450731277,0.0,0.0,0.0,0.0,0.0,-0.44593365298045107,0.01019408327879948,-0.22795687784072977
2290589734_b588471345.jpg,color_replacement,one boy in a black shirt is grabbing the flag of the boy in the red shirt with the football,one boy in a black shirt is grabbing the flag of the boy in the blue shirt with the football,two boys are playing flag football ||| two boys playing a game of flag football ||| two boys with mouthguards and one is holding a football while the other reaches for him ||| young football players with mouthguards,4,0.4,0.0458831467741123,0.0226992388708607,0.0161955701285324,0.2717391304347826,0.2857142857142857,0.1625540692364263,0.7713538408279419,0.4,0.0458831467741123,0.0226992388708607,0.0161955701285324,0.2717391304347826,0.2857142857142857,0.1639811688695004,0.7780537009239197,0.0,0.0,0.0,0.0,0.0,0.0,-0.0014270996330741,-0.0066998600959777,0.0,0.0,0.0,0.0,0.0,0.0,-0.0020139379423505096,-0.09308452246170634
2290589734_b588471345.jpg,negation,one boy in a black shirt is grabbing the flag of the boy in the red shirt with the football,one boy in a black shirt is not grabbing the flag of the boy in the red shirt with the football,two boys are playing flag football ||| two boys playing a game of flag football ||| two boys with mouthguards and one is holding a football while the other reaches for him ||| young football players with mouthguards,4,0.3809523809523809,0.0436435780471984,0.0215623305037443,0.0153622082332455,0.2688172043010753,0.2758620689655172,0.1219336239792922,0.7308237254619598,0.4,0.0458831467741123,0.0226992388708607,0.0161955701285324,0.2717391304347826,0.2857142857142857,0.1639811688695004,0.7780537009239197,-0.0190476190476191,-0.0022395687269139,-0.0011369083671163,-0.0008333618952868,-0.0029219261337072,-0.0098522167487685,-0.0420475448902082,-0.0472299754619598,-0.09350758041683968,-0.010435932481451117,-0.005756100723776949,-0.004951587165296009,-0.016582499385173886,-0.06150809006626923,-0.059337935540398005,-0.6561897784095564
2290589734_b588471345.jpg,hallucination,one boy in a black shirt is grabbing the flag of the boy in the red shirt with the football,one boy in a black shirt is grabbing the flag of the boy in the red shirt with the football with a television,two boys are playing flag football ||| two boys playing a game of flag football ||| two boys with mouthguards and one is holding a football while the other reaches for him ||| young football players with mouthguards,4,0.3478260869565218,0.0397621386243772,0.0195992773411859,0.0139290835994546,0.2631578947368421,0.2580645161290322,0.0740721435324951,0.789145827293396,0.4,0.0458831467741123,0.0226992388708607,0.0161955701285324,0.2717391304347826,0.2857142857142857,0.1639811688695004,0.7780537009239197,-0.0521739130434782,-0.0061210081497351,-0.0030999615296747,-0.0022664865290777,-0.0085812356979405,-0.0276497695852535,-0.0899090253370053,0.0110921263694763,-0.2561294594026468,-0.02852264679417598,-0.01569492434108889,-0.013466785164007487,-0.04870018240488141,-0.17261947857307794,-0.12688055780373567,0.15410848456484522
3685373706_37f2ced9ff.jpg,person_replacement,a man is shirtless and is covered in red marks,a woman is shirtless and is covered in red marks,a man with several red marks on his body is holding a flag while people in the background are cheering ||| a shirtless man covered in red lipstick kisses waving a blue flag ||| a shirtless man waaves a flag ||| a shirtless man with red paint on his torso holding a stick,4,0.5731115271545874,0.3954845265514811,0.2520209840841646,0.1169737177441385,0.3779661016949152,0.4545454545454545,0.8077466346819626,0.6777038425207138,0.6549846024623855,0.4881966984405234,0.29001041687055,0.1299633699540968,0.4331450094161957,0.4545454545454545,0.8851532449505588,0.7120701670646667,-0.0818730753077982,-0.0927121718890423,-0.0379894327863853,-0.0129896522099582,-0.0551789077212805,0.0,-0.0774066102685961,-0.0343663245439529,-0.4019270415991891,-0.43201976988488844,-0.19233828150305032,-0.07718062888194877,-0.3131510385588656,0.0,-0.1092370187727249,-0.4774686132414012
3685373706_37f2ced9ff.jpg,color_replacement,a man is shirtless and is covered in red marks,a man is shirtless and is covered in blue marks,a man with several red marks on his body is holding a flag while people in the background are cheering ||| a shirtless man covered in red lipstick kisses waving a blue flag ||| a shirtless man waaves a flag ||| a shirtless man with red paint on his torso holding a stick,4,0.6549846024623855,0.3452071960201781,0.1068407510684935,0.0614558833059312,0.3613465160075328,0.4545454545454545,0.7302356397148897,0.7216949760913849,0.6549846024623855,0.4881966984405234,0.29001041687055,0.1299633699540968,0.4331450094161957,0.4545454545454545,0.8851532449505588,0.7120701670646667,0.0,-0.1429895024203453,-0.1831696658020565,-0.0685074866481656,-0.0717984934086629,0.0,-0.1549176052356691,0.0096248090267181,0.0,-0.6663018530676167,-0.927377329952701,-0.40705099853047905,-0.40747042133299566,0.0,-0.21862134632473287,0.13372230751132344
3685373706_37f2ced9ff.jpg,hallucination,a man is shirtless and is covered in red marks,a man is shirtless and is covered in red marks with a traffic cone,a man with several red marks on his body is holding a flag while people in the background are cheering ||| a shirtless man covered in red lipstick kisses waving a blue flag ||| a shirtless man waaves a flag ||| a shirtless man with red paint on his torso holding a stick,4,0.7142857142857143,0.4688072309384954,0.2635941610004862,0.1135935489027116,0.469220475075276,0.4615384615384615,0.6106857438143891,0.7051745057106018,0.6549846024623855,0.4881966984405234,0.29001041687055,0.1299633699540968,0.4331450094161957,0.4545454545454545,0.8851532449505588,0.7120701670646667,0.0593011118233287,-0.0193894675020279,-0.0264162558700638,-0.0163698210513851,0.0360754656590802,0.006993006993007,-0.2744675011361697,-0.0068956613540649,0.2911179328379645,-0.09035095519541653,-0.13374396207394337,-0.09726458129974301,0.20473528752506978,0.043657840151932276,-0.38733141097483736,-0.09580488771491372
382701159_f98c1988cd.jpg,person_replacement,a man fishes in the ocean,a woman fishes in the ocean,a man fly fishes in the ocean ||| a man fly fishing ||| a man is fishing in kneehigh waves of water ||| the person is fishing with waves splashing around him,4,0.7054014374088451,0.5985529678206387,0.5332500717705028,0.4548019047027907,0.7014492753623188,0.7692307692307692,1.1048116564171595,0.6954373419284821,0.846481724890614,0.7571162714266755,0.6236930675040936,0.5115078115793242,0.8534621578099838,0.923076923076923,1.2729937252078014,0.7100572437047958,-0.1410802874817689,-0.1585633036060367,-0.0904429957335908,-0.0567059068765335,-0.1520128824476649,-0.1538461538461538,-0.1681820687906419,-0.0146199017763137,-0.6925840071639472,-0.7388725831819719,-0.4579076100241444,-0.33692954078453824,-0.8627026880137801,-0.9604724833425088,-0.23734029615778784,-0.20312164071936806
382701159_f98c1988cd.jpg,hallucination,a man fishes in the ocean,a man fishes in the ocean with an umbrella,a man fly fishes in the ocean ||| a man fly fishing ||| a man is fishing in kneehigh waves of water ||| the person is fishing with waves splashing around him,4,0.7777777777777778,0.6236095644623236,0.4807498567691361,0.3688939732334405,0.8179012345679012,0.75,0.8432389549578043,0.6654426455497742,0.846481724890614,0.7571162714266755,0.6236930675040936,0.5115078115793242,0.8534621578099838,0.923076923076923,1.2729937252078014,0.7100572437047958,-0.0687039471128362,-0.1335067069643518,-0.1429432107349574,-0.1426138383458837,-0.0355609232420826,-0.173076923076923,-0.4297547702499971,-0.0446145981550216,-0.3372778426294102,-0.6221139646028014,-0.7237131351732952,-0.8473687788473364,-0.20181515918401444,-1.0805315437603222,-0.6064744308343996,-0.6198530274646101
3053415073_5b667230ed.jpg,hallucination,a person on skis on a rail at night,a person on skis on a rail at night with a traffic cone,a skier in electric green on the edge of a ramp made of metal bars ||| a skier slides along a metal rail ||| a yellow uniformed skier is performing a trick across a railed object ||| the skier is wearing a yellow jumpsuit and sliding across a yellow rail,4,0.3846153846153846,0.0566138517072297,0.0307716587050705,0.0232334219683501,0.2631578947368421,0.3,0.1561759071403827,0.752985030412674,0.4444444444444444,0.0745355992499929,0.0429743996463099,0.0339132609103075,0.4383680555555556,0.375,0.2550846697911014,0.8196946978569031,-0.0598290598290598,-0.0179217475427631,-0.0122027409412393,-0.0106798389419573,-0.1752101608187135,-0.075,-0.0989087626507186,-0.0667096674442291,-0.2937097077195595,-0.08351168019907725,-0.06178176535202236,-0.06345640919210131,-0.9943517567181869,-0.46823033562947314,-0.13958108131815364,-0.9268309261193821
1287475186_2dee85f1a5.jpg,person_replacement,a boy sitting in water,a girl sitting in water,a small boy is sitting in the water and water is splashing up through his legs ||| a young boy in a swimming suit sits in water ||| a young boy sitting on a water jet in a pool ||| little boy sitting in water with a fountain coming up through his lap,4,0.2943035529371539,0.2326673876903359,0.187939657168897,0.105119358845828,0.3947368421052631,0.5333333333333333,0.529659645277323,0.6705968081951141,0.3678794411714423,0.318592941584492,0.2919861059565104,0.2601300475114445,0.4694736842105263,0.6666666666666666,0.9491265735357904,0.8003069460391998,-0.0735758882342884,-0.085925553894156,-0.1040464487876134,-0.1550106886656164,-0.0747368421052632,-0.1333333333333333,-0.4194669282584674,-0.1297101378440857,-0.36119492250492585,-0.40039551726834555,-0.5267810990712307,-0.9210271561747027,-0.4241461219582476,-0.8324094855635077,-0.5919561205136143,-1.802128114123983
1287475186_2dee85f1a5.jpg,hallucination,a boy sitting in water,a boy sitting in water with a television,a small boy is sitting in the water and water is splashing up through his legs ||| a young boy in a swimming suit sits in water ||| a young boy sitting on a water jet in a pool ||| little boy sitting in water with a fountain coming up through his lap,4,0.6814506851874793,0.6156960795070859,0.5816869209797718,0.5506953149031837,0.5215419501133786,0.5714285714285714,1.188184474792571,0.758773684501648,0.3678794411714423,0.318592941584492,0.2919861059565104,0.2601300475114445,0.4694736842105263,0.6666666666666666,0.9491265735357904,0.8003069460391998,0.313571244016037,0.2971031379225939,0.2897008150232614,0.2905652673917392,0.0520682659028522,-0.0952380952380952,0.2390579012567805,-0.0415332615375518,1.5393676366024924,1.3844398924340977,1.4667383223362145,1.7264519254298187,0.2954975409407932,-0.594578203973934,0.33736101292565707,-0.5770424697108529
769260947_02bc973d76.jpg,object_replacement,a dog stands shoulder deep in muddy water,a cat stands shoulder deep in muddy water,a dog with white fur is moving through deep murky water ||| a light tan dog swimming through swampy water ||| a white dog is standing in mud up to its neck ||| a white dog is wading in natural water with algae,4,0.5,0.0845154254728516,0.0491934073403098,0.0392814650900513,0.1530612244897959,0.3333333333333332,0.1794191765729426,0.7111432403326035,0.625,0.2988071523335984,0.1141677850990735,0.073860999559306,0.2949766355140187,0.4444444444444445,0.2804149921053957,0.8593128621578217,-0.125,-0.2142917268607468,-0.0649743777587636,-0.0345795344692547,-0.1419154110242228,-0.1111111111111112,-0.1009958155324531,-0.1481696218252182,-0.6136434964855086,-0.9985556442083208,-0.32896148331883796,-0.20546125282215624,-0.805397572823001,-0.6936745713029238,-0.14252635219399504,-2.0585949995004142
769260947_02bc973d76.jpg,hallucination,a dog stands shoulder deep in muddy water,a dog stands shoulder deep in muddy water with a suitcase,a dog with white fur is moving through deep murky water ||| a light tan dog swimming through swampy water ||| a white dog is standing in mud up to its neck ||| a white dog is wading in natural water with algae,4,0.5454545454545454,0.3302891295379082,0.1066224564261435,0.062389860721175,0.3683168316831683,0.4761904761904761,0.3083196531359277,0.8236560225486755,0.625,0.2988071523335984,0.1141677850990735,0.073860999559306,0.2949766355140187,0.4444444444444445,0.2804149921053957,0.8593128621578217,-0.0795454545454545,0.0314819772043097,-0.0075453286729299,-0.011471138838131,0.0733401961691496,0.0317460317460316,0.0279046610305319,-0.0356568396091461,-0.3905004068544144,0.14669957860122865,-0.038201558798928184,-0.06815807653728911,0.4162198844980537,0.19819273465797713,0.039379349777255435,-0.4953983874235913
3375134059_7e9eb2ef01.jpg,object_replacement,one dog on the ground and another dog standing above it,one cat on the ground and another dog standing above it,two beige dogs play in the grass ||| two dogs in a field facing each other ||| two dogs play with one another on the grass ||| two tan dogs play in the grass,4,0.3636363636363636,0.1906925178491184,0.0739278822620259,0.0474060425987813,0.4043478260869566,0.3,0.1302423217399894,0.710112452507019,0.3636363636363636,0.1906925178491184,0.0739278822620259,0.0474060425987813,0.4043478260869566,0.3,0.1465375165234558,0.7573425769805908,0.0,0.0,0.0,0.0,0.0,0.0,-0.0162951947834664,-0.0472301244735717,0.0,0.0,0.0,0.0,0.0,0.0,-0.02299594947111242,-0.656191848702747
3375134059_7e9eb2ef01.jpg,hallucination,one dog on the ground and another dog standing above it,one dog on the ground and another dog standing above it with a helicopter,two beige dogs play in the grass ||| two dogs in a field facing each other ||| two dogs play with one another on the grass ||| two tan dogs play in the grass,4,0.4285714285714285,0.1815682598006407,0.0650079102582409,0.0397536017626395,0.4488304093567252,0.2608695652173913,0.0965571134333289,0.700492337346077,0.3636363636363636,0.1906925178491184,0.0739278822620259,0.0474060425987813,0.4043478260869566,0.3,0.1465375165234558,0.7573425769805908,0.0649350649350649,-0.0091242580484776,-0.0089199720037849,-0.0076524408361417,0.0444825832697686,-0.0391304347826086,-0.0499804030901269,-0.0568502396345138,0.3187758423301342,-0.04251717743373807,-0.0451612977722101,-0.04546851498938037,0.25244731590322966,-0.24429408815450715,-0.07053286808038352,-0.7898489419785493
494329594_6e751372a0.jpg,person_replacement,a black woman in a pink bikini is sitting on a towel on a lounge chair,a black man in a pink bikini is sitting on a towel on a lounge chair,a girl with hot pink toe nails and bathing suit is laying on a hot pink towel ||| a woman in a pink bikini is laying on a deck lounge chair that is covered with a pink towel ||| there is a very oiled darker woman on a pink towel lounging on a lawn chair next to her flip flops and suntan lotion ||| woman in pink is suntanning,4,0.7632731135359491,0.5784577848872458,0.4068781655385513,0.3141116890623593,0.4350907029478457,0.5555555555555556,0.8710768146409964,0.8604815602302551,0.8219864299617914,0.6417412935699331,0.4799207272984559,0.39344656191799,0.5174180327868853,0.6111111111111112,0.9628388630330084,0.931914448738098,-0.0587133164258423,-0.0632835086826874,-0.0730425617599046,-0.0793348728556306,-0.0823273298390395,-0.0555555555555555,-0.0917620483920119,-0.0714328885078429,-0.2882323582545113,-0.29488821480013505,-0.369810228135739,-0.4713840894502841,-0.4672236168772647,-0.3468372856514612,-0.12949556333806495,-0.9924530094001234
494329594_6e751372a0.jpg,color_replacement,a black woman in a pink bikini is sitting on a towel on a lounge chair,a black woman in a purple bikini is sitting on a towel on a lounge chair,a girl with hot pink toe nails and bathing suit is laying on a hot pink towel ||| a woman in a pink bikini is laying on a deck lounge chair that is covered with a pink towel ||| there is a very oiled darker woman on a pink towel lounging on a lawn chair next to her flip flops and suntan lotion ||| woman in pink is suntanning,4,0.7632731135359491,0.5355478441185191,0.267983694406443,0.1085949396078442,0.4830994897959182,0.5555555555555556,0.5896578233670651,0.8981629461050034,0.8219864299617914,0.6417412935699331,0.4799207272984559,0.39344656191799,0.5174180327868853,0.6111111111111112,0.9628388630330084,0.931914448738098,-0.0587133164258423,-0.106193449451414,-0.2119370328920129,-0.2848516223101458,-0.034318542990967,-0.0555555555555555,-0.3731810396659433,-0.0337515026330946,-0.2882323582545113,-0.49483976764333265,-1.073024830944939,-1.6925031550179703,-0.19476440950467946,-0.3468372856514612,-0.5266369899697325,-0.46892658353460226
494329594_6e751372a0.jpg,negation,a black woman in a pink bikini is sitting on a towel on a lounge chair,a black woman in a pink bikini is not sitting on a towel on a lounge chair,a girl with hot pink toe nails and bathing suit is laying on a hot pink towel ||| a woman in a pink bikini is laying on a deck lounge chair that is covered with a pink towel ||| there is a very oiled darker woman on a pink towel lounging on a lawn chair next to her flip flops and suntan lotion ||| woman in pink is suntanning,4,0.8235294117647058,0.6416889479197478,0.478857121200543,0.3916541813506835,0.5097167572763044,0.5945945945945946,0.9484004853347828,0.880773663520813,0.8219864299617914,0.6417412935699331,0.4799207272984559,0.39344656191799,0.5174180327868853,0.6111111111111112,0.9628388630330084,0.931914448738098,0.0015429818029144,-5.234565018530368e-05,-0.0010636060979128,-0.0017923805673065,-0.0077012755105808,-0.0165165165165165,-0.0144383776982255,-0.051140785217285,0.007574725988431251,-0.00024392002998909973,-0.005384975612008291,-0.010649789320336618,-0.04370623711052992,-0.1031137876261101,-0.0203755897615972,-0.7105246232119994
494329594_6e751372a0.jpg,hallucination,a black woman in a pink bikini is sitting on a towel on a lounge chair,a black woman in a pink bikini is sitting on a towel on a lounge chair with an umbrella,a girl with hot pink toe nails and bathing suit is laying on a hot pink towel ||| a woman in a pink bikini is laying on a deck lounge chair that is covered with a pink towel ||| there is a very oiled darker woman on a pink towel lounging on a lawn chair next to her flip flops and suntan lotion ||| woman in pink is suntanning,4,0.7489969579077136,0.5619788427847039,0.4131088183579552,0.3346449427374642,0.5328940621474721,0.6153846153846154,0.9942380729210738,0.9333567321300508,0.8219864299617914,0.6417412935699331,0.4799207272984559,0.39344656191799,0.5174180327868853,0.6111111111111112,0.9628388630330084,0.931914448738098,-0.0729894720540778,-0.0797624507852292,-0.0668119089405007,-0.0588016191805257,0.0154760293605868,0.0042735042735042,0.0313992098880654,0.0014422833919527,-0.35831611870316493,-0.3716767165688865,-0.3382647964714956,-0.3493816365730425,0.08782947809541722,0.026679791203958126,0.04431089370907208,0.020038367797406316
599366440_a238e805cf.jpg,object_replacement,a black and white dog has pinned a brown dog to the ground in front of a wishing well,a black and white cat has pinned a brown dog to the ground in front of a wishing well,a white dog is trying to play with a brown dog ||| a white spotted dog plays with a brown dog on the green grass ||| two dogs play together on the grass in front of a small stone well ||| two dogs wrestling on a green lawn,4,0.5789473684210527,0.4010220859881565,0.3050256108989855,0.2052212050930502,0.4377199155524278,0.4242424242424242,0.3032223150728092,0.7428693771362305,0.631578947368421,0.4588314677411235,0.3336769761883771,0.2195152442661845,0.485126253891387,0.4375,0.3697431202261803,0.7637685537338257,-0.0526315789473683,-0.057809381752967,-0.0286513652893916,-0.0142940391731342,-0.0474063383389592,-0.0132575757575758,-0.066520805153371,-0.0208991765975952,-0.25837620904652936,-0.26937990226347247,-0.1450601906447173,-0.08493090614080873,-0.26904019485316366,-0.08276798862137179,-0.09387485663176752,-0.290362760648979
599366440_a238e805cf.jpg,hallucination,a black and white dog has pinned a brown dog to the ground in front of a wishing well,a black and white dog has pinned a brown dog to the ground in front of a wishing well with a traffic cone,a white dog is trying to play with a brown dog ||| a white spotted dog plays with a brown dog on the green grass ||| two dogs play together on the grass in front of a small stone well ||| two dogs wrestling on a green lawn,4,0.5652173913043478,0.4240777018816263,0.2950740007966044,0.1893174778198642,0.5756915983606556,0.3888888888888889,0.1311001525214266,0.7462123036384583,0.631578947368421,0.4588314677411235,0.3336769761883771,0.2195152442661845,0.485126253891387,0.4375,0.3697431202261803,0.7637685537338257,-0.0663615560640732,-0.0347537658594971,-0.0386029753917727,-0.0301977664463203,0.0905653444692686,-0.0486111111111111,-0.2386429677047536,-0.0175562500953674,-0.3257786983630159,-0.16194544495432944,-0.1954446119137378,-0.17942609759562703,0.5139759529356398,-0.3034826249450288,-0.3367754543531409,-0.2439178031981103
3182258223_5b9c8a8c55.jpg,person_replacement,a woman in shadow looks at the camera while the one in the sun looks at a book,a man in shadow looks at the camera while the one in the sun looks at a book,girl stands reading a notebook ||| two girls stand up against a red wall ||| two young girls with headscarves stand near a door while one reads a book ||| two young women wearing black head scarves and colorful skirts stand near a red door,4,0.2777777777777778,0.1278274981412284,0.0467422411566819,0.028724953480912,0.2583333333333333,0.3125,0.1200009748389399,0.5818545445799828,0.2777777777777778,0.1278274981412284,0.0467422411566819,0.028724953480912,0.2583333333333333,0.3125,0.119671973704078,0.6765159964561462,0.0,0.0,0.0,0.0,0.0,0.0,0.0003290011348618,-0.0946614518761634,0.0,0.0,0.0,0.0,0.0,0.0,0.0004642898457953371,-1.3151791107868822
3182258223_5b9c8a8c55.jpg,hallucination,a woman in shadow looks at the camera while the one in the sun looks at a book,a woman in shadow looks at the camera while the one in the sun looks at a book with a suitcase,girl stands reading a notebook ||| two girls stand up against a red wall ||| two young girls with headscarves stand near a door while one reads a book ||| two young women wearing black head scarves and colorful skirts stand near a red door,4,0.2857142857142857,0.1195228609334393,0.0422068349786484,0.0254225414138955,0.2040816326530612,0.2857142857142857,0.0694879804898091,0.6572369486093521,0.2777777777777778,0.1278274981412284,0.0467422411566819,0.028724953480912,0.2583333333333333,0.3125,0.119671973704078,0.6765159964561462,0.0079365079365079,-0.008304637207789,-0.0045354061780335,-0.0033024120670164,-0.0542517006802721,-0.0267857142857143,-0.0501839932142689,-0.0192790478467941,0.038961491840349576,-0.03869791185326041,-0.02296249683711804,-0.019621944917375296,-0.30788895817631223,-0.16722511986766908,-0.07082017659493636,-0.2678534979279051
380041023_0dfd712ef1.jpg,object_replacement,a brown and black dog runs through the leaves,a brown and black cat runs through the leaves,a brown dog is running ||| a brown dog with a red collar jumping across a leafy lawn ||| a dog with a brindlecolored coat is running across the yard ||| the brown dog is wearing a red collar,4,0.3333333333333333,0.2041241452319315,0.0841195432869987,0.0561222232430572,0.4732510288065844,0.4285714285714285,0.1990104066720471,0.6568584591150284,0.4444444444444444,0.2357022603955158,0.092585537381304,0.0603072536040776,0.5844907407407408,0.5714285714285714,0.3792016945880126,0.8094184100627899,-0.1111111111111111,-0.0315781151635843,-0.0084659940943053,-0.0041850303610204,-0.1112397119341564,-0.1428571428571429,-0.1801912879159655,-0.1525599509477615,-0.5454608857648965,-0.14714756184007158,-0.04286283410625755,-0.024866198873745134,-0.6313070113154049,-0.8918673059609016,-0.25428783191069965,-2.1195920477920667
380041023_0dfd712ef1.jpg,hallucination,a brown and black dog runs through the leaves,a brown and black dog runs through the leaves with a suitcase,a brown dog is running ||| a brown dog with a red collar jumping across a leafy lawn ||| a dog with a brindlecolored coat is running across the yard ||| the brown dog is wearing a red collar,4,0.5,0.3015113445777636,0.0968729306151464,0.0563756031525929,0.3841341341341341,0.4705882352941176,0.257909964682675,0.7373077422380447,0.4444444444444444,0.2357022603955158,0.092585537381304,0.0603072536040776,0.5844907407407408,0.5714285714285714,0.3792016945880126,0.8094184100627899,0.0555555555555555,0.0658090841822477,0.0042873932338424,-0.0039316504514846,-0.2003566066066067,-0.1008403361344538,-0.1212917299053376,-0.0721106678247451,0.27273044288244797,0.3066568803800201,0.021706821772305707,-0.02336069122443084,-1.1370627298008602,-0.6295533924429892,-0.17116815903280794,-1.001869737980193
1000268201_693b08cb0e.jpg,color_replacement,a child in a pink dress is climbing up a set of stairs in an entry way,a child in a purple dress is climbing up a set of stairs in an entry way,a girl going into a wooden building ||| a little girl climbing into a wooden playhouse ||| a little girl climbing the stairs to her playhouse ||| a little girl in a pink dress going into a wooden cabin,4,0.4117647058823529,0.160422236979937,0.05556644666651,0.0332718891397095,0.2,0.3448275862068966,0.1567429209760523,0.7721835374832153,0.4705882352941176,0.2970442628930023,0.2274366019525953,0.1702602472176709,0.4088888888888888,0.4137931034482758,0.3165820310966005,0.8241277933120728,-0.0588235294117646,-0.1366220259130653,-0.1718701552860853,-0.1369883580779614,-0.2088888888888888,-0.0689655172413792,-0.1598391101205482,-0.0519442558288574,-0.2887734101108271,-0.6366307141074078,-0.8701685675400536,-0.8139438573926738,-1.1854850920460553,-0.43055663046388265,-0.22556662554099255,-0.7216876440988286
1000268201_693b08cb0e.jpg,action_replacement,a child in a pink dress is climbing up a set of stairs in an entry way,a child in a pink dress is standing beside a set of stairs in an entry way,a girl going into a wooden building ||| a little girl climbing into a wooden playhouse ||| a little girl climbing the stairs to her playhouse ||| a little girl in a pink dress going into a wooden cabin,4,0.4117647058823529,0.2778594651131056,0.2175352839894556,0.1646702985584589,0.4088888888888888,0.4137931034482758,0.2529289747050632,0.8050288259983063,0.4705882352941176,0.2970442628930023,0.2274366019525953,0.1702602472176709,0.4088888888888888,0.4137931034482758,0.3165820310966005,0.8241277933120728,-0.0588235294117646,-0.0191847977798966,-0.0099013179631397,-0.005589948659212,0.0,0.0,-0.0636530563915372,-0.0190989673137664,-0.2887734101108271,-0.0893972361264318,-0.050129795102602175,-0.033213803261417485,0.0,0.0,-0.08982785955690675,-0.2653515486063668
1000268201_693b08cb0e.jpg,negation,a child in a pink dress is climbing up a set of stairs in an entry way,a child in a pink dress is not climbing up a set of stairs in an entry way,a girl going into a wooden building ||| a little girl climbing into a wooden playhouse ||| a little girl climbing the stairs to her playhouse ||| a little girl in a pink dress going into a wooden cabin,4,0.4444444444444444,0.2800560168056019,0.2140260367236655,0.1598921499894403,0.4056437389770723,0.4,0.2484879627378701,0.7962379604578018,0.4705882352941176,0.2970442628930023,0.2274366019525953,0.1702602472176709,0.4088888888888888,0.4137931034482758,0.3165820310966005,0.8241277933120728,-0.0261437908496731,-0.0169882460874004,-0.0134105652289298,-0.0103680972282306,-0.0032451499118165,-0.0137931034482757,-0.0680940683587303,-0.0278898328542709,-0.12834373782703398,-0.0791617542323373,-0.06789690924370195,-0.06160413315535588,-0.0184168572219241,-0.08611132609277566,-0.09609506213749802,-0.3874874602732684
1000268201_693b08cb0e.jpg,hallucination,a child in a pink dress is climbing up a set of stairs in an entry way,a child in a pink dress is climbing up a set of stairs in an entry way with an umbrella,a girl going into a wooden building ||| a little girl climbing into a wooden playhouse ||| a little girl climbing the stairs to her playhouse ||| a little girl in a pink dress going into a wooden cabin,4,0.4,0.2513123449750173,0.1914527954117112,0.1425391135418185,0.3993055555555556,0.3749999999999999,0.1511531731481983,0.7679570466279984,0.4705882352941176,0.2970442628930023,0.2274366019525953,0.1702602472176709,0.4088888888888888,0.4137931034482758,0.3165820310966005,0.8241277933120728,-0.0705882352941175,-0.0457319179179849,-0.035983806540884,-0.0277211336758524,-0.0095833333333332,-0.0387931034482759,-0.1654288579484022,-0.0561707466840744,-0.34652809213299235,-0.21310138952377994,-0.1821839128509502,-0.16471068630941746,-0.05438728148349516,-0.24218810463593463,-0.2334549361941437,-0.7804084050267822
3669564923_8fcb1a6eff.jpg,person_replacement,the girls are both eating and the girl wearing the color red has cake icing on her upper lip,the girls are both eating and the boy wearing the color red has cake icing on his upper lip,two girls are eating cake and one has blue icing on her face ||| two girls play with their food for the camera ||| two little girls are eating and making a mess ||| two young girls having fun while eating,4,0.4736842105263157,0.2809757434745082,0.0774395663354824,0.0412754853283514,0.4641544117647059,0.4375,0.303687253139292,0.7667159289121628,0.5263157894736842,0.3419927840283847,0.1901932010806459,0.080977850642662,0.5637254901960784,0.5,0.3570610157546302,0.806194394826889,-0.0526315789473684,-0.0610170405538764,-0.1127536347451635,-0.0397023653143105,-0.0995710784313725,-0.0625,-0.0533737626153381,-0.0394784659147262,-0.25837620904652986,-0.28432693660429886,-0.5708650735074815,-0.23589958172322878,-0.5650852455925883,-0.3901919463578943,-0.07532161256708644,-0.5484941617511159
3669564923_8fcb1a6eff.jpg,color_replacement,the girls are both eating and the girl wearing the color red has cake icing on her upper lip,the girls are both eating and the girl wearing the color blue has cake icing on her upper lip,two girls are eating cake and one has blue icing on her face ||| two girls play with their food for the camera ||| two little girls are eating and making a mess ||| two young girls having fun while eating,4,0.5789473684210527,0.3586850578993135,0.1963326595705452,0.0829305253557858,0.6091911764705883,0.5,0.3697232067062433,0.8405935019254684,0.5263157894736842,0.3419927840283847,0.1901932010806459,0.080977850642662,0.5637254901960784,0.5,0.3570610157546302,0.806194394826889,0.0526315789473684,0.0166922738709288,0.0061394584898992,0.0019526747131237,0.0454656862745098,0.0,0.0126621909516131,0.0343991070985794,0.25837620904652986,0.07778258420269533,0.03108372009517657,0.011602209198890556,0.25802661675673894,0.0,0.017869016430065072,0.4779240777434607
3669564923_8fcb1a6eff.jpg,hallucination,the girls are both eating and the girl wearing the color red has cake icing on her upper lip,the girls are both eating and the girl wearing the color red has cake icing on her upper lip with an umbrella,two girls are eating cake and one has blue icing on her face ||| two girls play with their food for the camera ||| two little girls are eating and making a mess ||| two young girls having fun while eating,4,0.5,0.3086066999241838,0.1682390865739974,0.0707549414756141,0.5515587529976019,0.4571428571428572,0.1647693013760887,0.8022943884134293,0.5263157894736842,0.3419927840283847,0.1901932010806459,0.080977850642662,0.5637254901960784,0.5,0.3570610157546302,0.806194394826889,-0.0263157894736841,-0.0333860841042008,-0.0219541145066485,-0.0102229091670478,-0.0121667371984764,-0.0428571428571428,-0.1922917143785414,-0.0039000064134597,-0.12918810452326443,-0.15557232753986508,-0.11115240071821411,-0.060741469114231755,-0.06904860112166154,-0.26756019178827006,-0.27136408041278187,-0.05418474854608316
2952320230_26601173be.jpg,object_replacement,a female tennis player swings for the ball,a female tennis player swings for the book,a woman intensely playing tennis in an allwhite outfit ||| a woman swinging a tennis racket on the court ||| the tennis player dressed in white swings the racket ||| the woman is dressed in all white swinging a tennis racket,4,0.5515605641153721,0.263696386404524,0.1007527167248761,0.0651821033328897,0.3546348314606741,0.4705882352941176,0.7092966753071995,0.7714469730854034,0.5515605641153721,0.263696386404524,0.1007527167248761,0.0651821033328897,0.3546348314606741,0.4705882352941176,0.7337513646648084,0.8249257504940033,0.0,0.0,0.0,0.0,0.0,0.0,-0.0244546893576088,-0.0534787774085998,0.0,0.0,0.0,0.0,0.0,0.0,-0.03451071363503485,-0.7430075233815705
2952320230_26601173be.jpg,hallucination,a female tennis player swings for the ball,a female tennis player swings for the ball with a suitcase,a woman intensely playing tennis in an allwhite outfit ||| a woman swinging a tennis racket on the court ||| the tennis player dressed in white swings the racket ||| the woman is dressed in all white swinging a tennis racket,4,0.5454545454545454,0.2335496832484569,0.0846262997471468,0.0524634102286145,0.3430706521739129,0.3999999999999999,0.6217949054780404,0.7295998185873032,0.5515605641153721,0.263696386404524,0.1007527167248761,0.0651821033328897,0.3546348314606741,0.4705882352941176,0.7337513646648084,0.8249257504940033,-0.0061060186608267,-0.030146703156067,-0.0161264169777292,-0.0127186931042751,-0.0115641792867611,-0.0705882352941176,-0.111956459186768,-0.0953259319067001,-0.029975349125083674,-0.14047747447723655,-0.08164710817713629,-0.07557067090617789,-0.06562896772118494,-0.4406873747100921,-0.15799412726479273,-1.3244110656996397
3600403707_527aa0596e.jpg,negation,a garden shop is being perused by shoppers with a sitting shop owner waving,a garden shop is not being perused by shoppers with a sitting shop owner waving,a man waves to the camera from inside a greenhouse section of a farm products store ||| a man wearing a grey shirt waving in the middle of a plant nursery ||| people browse for herbs at a greenhouse ||| racks of plants at the farm products store,4,0.2,0.0377964473009227,0.0222323925770618,0.0173957973756422,0.1257861635220125,0.2068965517241379,0.043574032467037,0.7525312900543213,0.2142857142857142,0.0405998971470575,0.0239491189052147,0.018798317647335,0.1265822784810126,0.2142857142857142,0.0457342200153209,0.7677687704563141,-0.0142857142857141,-0.0028034498461348,-0.0017167263281528,-0.0014025202716928,-0.0007961149590001,-0.0073891625615762,-0.0021601875482839,-0.0152374804019927,-0.07013068531262864,-0.0130635032351575,-0.0086916852279586,-0.008333356031345222,-0.0045181073080028085,-0.046131067549700824,-0.003048479282915055,-0.21170197085020157
3600403707_527aa0596e.jpg,hallucination,a garden shop is being perused by shoppers with a sitting shop owner waving,a garden shop is being perused by shoppers with a sitting shop owner waving with a helicopter,a man waves to the camera from inside a greenhouse section of a farm products store ||| a man wearing a grey shirt waving in the middle of a plant nursery ||| people browse for herbs at a greenhouse ||| racks of plants at the farm products store,4,0.2352941176470588,0.0383482494423685,0.0214026036723665,0.0162673926003057,0.15527950310559,0.2580645161290323,0.0382681402098727,0.7300378382205963,0.2142857142857142,0.0405998971470575,0.0239491189052147,0.018798317647335,0.1265822784810126,0.2142857142857142,0.0457342200153209,0.7677687704563141,0.0210084033613446,-0.002251647704689,-0.0025465152328482,-0.0025309250470293,0.0286972246245773,0.0437788018433181,-0.0074660798054482,-0.0377309322357177,0.1031333607538673,-0.010492218048842298,-0.012892858034008215,-0.015037999757456611,0.16286233392542568,0.27331417440737377,-0.010536209983054707,-0.5242147983515855
3256043809_47258e0b3e.jpg,object_replacement,a brown and white dog is sniffing the snow covered ground,a brown and white cat is sniffing the snow covered ground,a brown and white dog walking in the snow near a fence ||| a brown white greyhound dog sniffs the snow ||| a lean white and brown dog makes its way through a patch of snow ||| a slender dog checks out a snowy patch of land,4,0.5454545454545454,0.4670993664969138,0.3646436717285792,0.2790159393585827,0.5373493975903614,0.5263157894736842,0.6058055886581675,0.6372610479593277,0.6363636363636364,0.5640760748177662,0.4733525286819944,0.403527863746399,0.6157965194109771,0.631578947368421,0.9058183718592032,0.7481303066015244,-0.0909090909090909,-0.0969767083208524,-0.1087088569534152,-0.1245119243878162,-0.0784471218206157,-0.1052631578947368,-0.3000127832010357,-0.1108692586421966,-0.44628617926218805,-0.4518916379513734,-0.5503865995618168,-0.7398126194776875,-0.44520268132465257,-0.6571653833396112,-0.4233811804556542,-1.5403623133247333
3256043809_47258e0b3e.jpg,action_replacement,a brown and white dog is sniffing the snow covered ground,a brown and white dog is walking on the snow covered ground,a brown and white dog walking in the snow near a fence ||| a brown white greyhound dog sniffs the snow ||| a lean white and brown dog makes its way through a patch of snow ||| a slender dog checks out a snowy patch of land,4,0.6666666666666666,0.5504818825631803,0.4496443130226091,0.377006380454947,0.625,0.6666666666666666,1.1055976315211355,0.7438614964485168,0.6363636363636364,0.5640760748177662,0.4733525286819944,0.403527863746399,0.6157965194109771,0.631578947368421,0.9058183718592032,0.7481303066015244,0.0303030303030302,-0.0135941922545859,-0.0237082156593853,-0.0265214832914519,0.0092034805890228,0.0350877192982456,0.1997792596619323,-0.0042688101530075,0.1487620597540622,-0.06334615714348574,-0.12003331250220964,-0.157582722480215,0.052231543244146826,0.21905512777987038,0.2819305827030292,-0.05930872419424762
3256043809_47258e0b3e.jpg,negation,a brown and white dog is sniffing the snow covered ground,a brown and white dog is not sniffing the snow covered ground,a brown and white dog walking in the snow near a fence ||| a brown white greyhound dog sniffs the snow ||| a lean white and brown dog makes its way through a patch of snow ||| a slender dog checks out a snowy patch of land,4,0.5833333333333334,0.5149286505444373,0.4300693137686091,0.3646285861936467,0.6084656084656085,0.6,0.8126668135548025,0.73851577937603,0.6363636363636364,0.5640760748177662,0.4733525286819944,0.403527863746399,0.6157965194109771,0.631578947368421,0.9058183718592032,0.7481303066015244,-0.0530303030303029,-0.0491474242733289,-0.0432832149133853,-0.0388992775527523,-0.0073309109453686,-0.031578947368421,-0.0931515583044007,-0.0096145272254943,-0.2603336045696091,-0.22901695098254982,-0.2191403915183292,-0.23112787440708213,-0.04160434613386468,-0.1971496150018831,-0.13145645427306152,-0.13357945728113158
3256043809_47258e0b3e.jpg,hallucination,a brown and white dog is sniffing the snow covered ground,a brown and white dog is sniffing the snow covered ground with a helicopter,a brown and white dog walking in the snow near a fence ||| a brown white greyhound dog sniffs the snow ||| a lean white and brown dog makes its way through a patch of snow ||| a slender dog checks out a snowy patch of land,4,0.5714285714285714,0.4688072309384954,0.3801685654384932,0.3161487584488943,0.6384477459016394,0.6153846153846153,0.689554306775074,0.7306317985057831,0.6363636363636364,0.5640760748177662,0.4733525286819944,0.403527863746399,0.6157965194109771,0.631578947368421,0.9058183718592032,0.7481303066015244,-0.0649350649350649,-0.0952688438792708,-0.0931839632435012,-0.0873791052975047,0.0226512264906623,-0.0161943319838057,-0.2162640650841292,-0.0174985080957412,-0.3187758423301342,-0.443933338754913,-0.4717849685905718,-0.5191805129958238,0.12855011802720728,-0.10110236666763273,-0.305194112692532,-0.24311556458652855
3481859121_3d3e566ec0.jpg,hallucination,a group of people sitting on a sidewalk,a group of people sitting on a sidewalk with a traffic cone,girls sit on benches ||| the girl is wearing silver shoes and a pink jacket ||| the girls take a break in the afternoon ||| two teenage girls are texting in the park,4,0.1666666666666666,0.0389249472080761,0.0247448801579976,0.0202559860271256,0.390625,0.25,0.0012982862367855,0.6666883081197739,0.25,0.0597614304667196,0.039044833280954,0.033031643180138,0.4261363636363636,0.3333333333333333,0.0042888659066867,0.7366554439067841,-0.0833333333333334,-0.0208364832586435,-0.0142999531229563,-0.0127756571530124,-0.0355113636363635,-0.0833333333333333,-0.0029905796699011,-0.0699671357870101,-0.4090956643236727,-0.09709375283951707,-0.07239982825511662,-0.0759091342487019,-0.20153389877777558,-0.5202559284771922,-0.004220337338229251,-0.9720885704251094
3482237861_605b4f0fd9.jpg,person_replacement,a boy is riding a scooter down the concrete path,a girl is riding a scooter down the concrete path,a child on a scooter moving down the sidewalk ||| a youth rides a scooter on a sidewalk near a building ||| the boy is riding his scooter on the sidewalk ||| young boy rides his scooter on drive,4,0.7,0.4830458915396479,0.1428769813718899,0.0803428418944651,0.4901098901098901,0.5263157894736842,0.915200445536295,0.5260365828871727,0.8,0.5962847939999439,0.3542195230608704,0.1587376185217243,0.4901098901098901,0.5263157894736842,1.0810146943255614,0.6236611306667328,-0.1,-0.113238902460296,-0.2113425416889805,-0.0783947766272592,0.0,0.0,-0.1658142487892664,-0.09762454777956,-0.4909147971884069,-0.5276701385171245,-1.0700149566727202,-0.46579831879665345,0.0,0.0,-0.23399880378338755,-1.35634689089344
3482237861_605b4f0fd9.jpg,action_replacement,a boy is riding a scooter down the concrete path,a boy is carrying a scooter down the concrete path,a child on a scooter moving down the sidewalk ||| a youth rides a scooter on a sidewalk near a building ||| the boy is riding his scooter on the sidewalk ||| young boy rides his scooter on drive,4,0.7,0.4830458915396479,0.1428769813718899,0.0803428418944651,0.4901098901098901,0.5263157894736842,0.8536942123350898,0.6826338171958923,0.8,0.5962847939999439,0.3542195230608704,0.1587376185217243,0.4901098901098901,0.5263157894736842,1.0810146943255614,0.6236611306667328,-0.1,-0.113238902460296,-0.2113425416889805,-0.0783947766272592,0.0,0.0,-0.2273204819904716,0.0589726865291595,-0.4909147971884069,-0.5276701385171245,-1.0700149566727202,-0.46579831879665345,0.0,0.0,-0.32079704397923103,0.8193371630470813
3482237861_605b4f0fd9.jpg,negation,a boy is riding a scooter down the concrete path,a boy is not riding a scooter down the concrete path,a child on a scooter moving down the sidewalk ||| a youth rides a scooter on a sidewalk near a building ||| the boy is riding his scooter on the sidewalk ||| young boy rides his scooter on drive,4,0.7272727272727273,0.4670993664969137,0.134335877242797,0.0741944662736501,0.4847826086956522,0.5,0.8321093951295073,0.592799074947834,0.8,0.5962847939999439,0.3542195230608704,0.1587376185217243,0.4901098901098901,0.5263157894736842,1.0810146943255614,0.6236611306667328,-0.0727272727272727,-0.1291854275030302,-0.2198836458180734,-0.0845431522480742,-0.0053272814142378,-0.0263157894736841,-0.2489052991960541,-0.0308620557188987,-0.35702894340975033,-0.6019776856175272,-1.113258068502415,-0.5023301280665855,-0.03023335865926408,-0.16429134583490218,-0.3512577639889358,-0.4287820458377853
3482237861_605b4f0fd9.jpg,hallucination,a boy is riding a scooter down the concrete path,a boy is riding a scooter down the concrete path with a helicopter,a child on a scooter moving down the sidewalk ||| a youth rides a scooter on a sidewalk near a building ||| the boy is riding his scooter on the sidewalk ||| young boy rides his scooter on drive,4,0.6923076923076923,0.4803844614152613,0.2758005147606801,0.1203500581119844,0.474468085106383,0.4545454545454546,0.7615825829025135,0.6515105068683624,0.8,0.5962847939999439,0.3542195230608704,0.1587376185217243,0.4901098901098901,0.5263157894736842,1.0810146943255614,0.6236611306667328,-0.1076923076923077,-0.1159003325846826,-0.0784190083001902,-0.0383875604097398,-0.015641805003507,-0.0717703349282296,-0.3194321114230479,0.0278493762016296,-0.5286774738952075,-0.5400718588789156,-0.3970308632519904,-0.2280874041720822,-0.08877028712720243,-0.44806730682246193,-0.45078593974146763,0.38692537567186375
3429465163_fb8ac7ce7f.jpg,hallucination,a child in a red and grey coat in front of a wooden shed,a child in a red and grey coat in front of a wooden shed with a suitcase,a child s shadow is shown behind him ||| a little boy in a thick jacket stands with his hand high over his head ||| the little boy in the red jacket is casting a shadow ||| this boy is waving around his arms outside,4,0.3529411764705882,0.2100420126042014,0.0665028658428247,0.0380713486644631,0.1724137931034483,0.25,0.0329111122798861,0.7311958074569702,0.3325224213228653,0.2182444817914707,0.071762036399353,0.0420549998517503,0.1769911504424778,0.2399999999999999,0.0590813397657127,0.7606404274702072,0.0204187551477229,-0.0082024691872693,-0.0052591705565283,-0.0039836511872871,-0.0045773573390295,0.01,-0.0261702274858266,-0.029444620013237,0.10023869042184128,-0.038221829761608615,-0.026626873653575862,-0.02366966404577276,-0.025977393605044512,0.06243071141726309,-0.0369316990013645,-0.40908889943001137
3150315970_8f045c41a4.jpg,hallucination,a couple leaning over a concrete railing inside of a building,a couple leaning over a concrete railing inside of a building with a suitcase,a man and a woman are looking at each other while standing on an elaborate indoor balcony ||| a man and a woman looking over a balcony at an elegant building ||| a man and woman are gazing at each other on a balcony inside a building ||| a man and woman stand at a balcony looking at each other,4,0.4285714285714285,0.2567762955065477,0.0819048345440346,0.0472752660631156,0.1908396946564885,0.3448275862068965,0.2339362171496982,0.6604904681444168,0.4980549361539613,0.3015872407613089,0.0973570413344859,0.0569682265132554,0.2547945205479452,0.3846153846153846,0.2272409050765247,0.6573733687400818,-0.0694835075825328,-0.0448109452547612,-0.0154522067904512,-0.0096929604501398,-0.0639548258914567,-0.039787798408488,0.0066953120731735,0.003117099404335,-0.34110482032818223,-0.20880984516742127,-0.0782336213393077,-0.057592672319288704,-0.36295608187686557,-0.24839805603685539,0.009448494490182124,0.04330742811963913
292780636_72e1968949.jpg,person_replacement,a man in a black coat and hat sits by an old building,a woman in a black coat and hat sits by an old building,a man with a black hat sits against a brick building ||| an old man in a black coat and hat leans against a brick building ||| old man in black coat and hat sitting against brick building ||| white haired man in black hat and coat sitting against brick wall,4,0.8461538461538461,0.702559423529244,0.5640849044411526,0.4817133384556925,0.6696428571428572,0.5833333333333334,2.121567965652939,0.8090764284133911,0.9230769230769232,0.8320502943378437,0.6801825596093484,0.5956403592718089,0.7682980599647267,0.6666666666666667,2.3725902951514777,0.8813897520303726,-0.0769230769230771,-0.1294908708085996,-0.1160976551681958,-0.1139270208161164,-0.0986552028218694,-0.0833333333333333,-0.2510223294985385,-0.0723133236169815,-0.37762676706800613,-0.6034009889863977,-0.5877956537847328,-0.6769202878652767,-0.5598874732888061,-0.5202559284771922,-0.35424533931477,-1.004685336720195
292780636_72e1968949.jpg,hallucination,a man in a black coat and hat sits by an old building,a man in a black coat and hat sits by an old building with a television,a man with a black hat sits against a brick building ||| an old man in a black coat and hat leans against a brick building ||| old man in black coat and hat sitting against brick building ||| white haired man in black hat and coat sitting against brick wall,4,0.875,0.7637626158259733,0.5928155507483438,0.5031747626530138,0.7560237457804679,0.5925925925925926,1.684728468122033,0.8390402048826218,0.9230769230769232,0.8320502943378437,0.6801825596093484,0.5956403592718089,0.7682980599647267,0.6666666666666667,2.3725902951514777,0.8813897520303726,-0.0480769230769232,-0.0682876785118704,-0.0873670088610045,-0.0924655966187951,-0.0122743141842587,-0.0740740740740741,-0.6878618270294448,-0.0423495471477508,-0.2360167294175039,-0.3182066233113271,-0.44233406797296587,-0.5494029233140004,-0.06965912144933681,-0.46244971420194897,-0.9707178114572552,-0.5883835358121219
766061382_6c7ff514c4.jpg,hallucination,a bare chested smiling child plays in water,a bare chested smiling child plays in water with a suitcase,a child with shoulderlength brown hair is playing in water outdoors ||| a topless boy with long hair who is drenched in water is flexing his muscles whilst smiling ||| a wet smiling child without a shirt poses with arms raised ||| a young boy with long hair plays in the water,4,0.7272727272727273,0.4670993664969137,0.134335877242797,0.0741944662736501,0.4646464646464646,0.4545454545454545,0.4928158174833801,0.7759490609169006,0.5841005873035536,0.4415385413291355,0.1362712131081999,0.079235022460357,0.416822429906542,0.5263157894736842,0.4774536669489078,0.841391459107399,0.1431721399691736,0.0255608251677781,-0.0019353358654028,-0.0050405561867069,0.0478240347399225,-0.0717703349282297,0.0153621505344723,-0.0654423981904983,0.7028532205599707,0.11910822044237443,-0.009798492559125462,-0.02994947748536279,0.2714107032079985,-0.4480673068224626,0.02167922765898959,-0.9092241176750155
2630806789_6835bbae95.jpg,hallucination,an orange canoe aimed toward two other canoes on a lake,an orange canoe aimed toward two other canoes on a lake with a helicopter,several orange kayakers row in a mountain lake ||| three kayaks are out on the water with a mountain in the background ||| two canoes cross the water behind them are some houses ||| view of a mountain as seen from a kayak,4,0.5714285714285714,0.2096569673443836,0.0715504634251274,0.0427180251358197,0.1950805767599661,0.2727272727272727,0.177144961689048,0.7140292972326279,0.5454545454545454,0.0738548945875996,0.0392800487936324,0.029502343631964,0.180722891566265,0.3157894736842105,0.2498524029138352,0.7352189719676971,0.0259740259740259,0.135802072756784,0.032270414631495,0.0132156815038557,0.014357685193701,-0.0430622009569378,-0.0727074412247872,-0.0211896747350692,0.12751033693205338,0.6328099000041961,0.16338322629120833,0.07852362735232953,0.08148265733021612,-0.26884038409347744,-0.10260550222299405,-0.294398797225178
3128514681_a51b415c31.jpg,hallucination,two ladies wearing dresses pose on the side of the road at night,two ladies wearing dresses pose on the side of the road at night with a traffic cone,two woman wearing dresses stand in the street and pose ||| two women in dresses pose on a street ||| two women on the side of a road ||| two women wearing dresses and heels posing under hanging lights on a street,4,0.5882352941176471,0.4696682183138622,0.3533492013153965,0.2369305576374309,0.538867232286173,0.48,0.5779343663165969,0.8786149322986603,0.6923076923076923,0.5883484054145521,0.4553366174737271,0.3117090652270067,0.5016339869281046,0.5714285714285714,1.3482546671165818,0.9504609555006028,-0.1040723981900452,-0.1186801871006899,-0.1019874161583306,-0.0747785075895758,0.0372332453580683,-0.0914285714285714,-0.7703203007999849,-0.0718460232019425,-0.5109068025037716,-0.5530254126987553,-0.5163563370143228,-0.44431152961836007,0.21130591260869513,-0.5707950758149767,-1.0870840728913524,-0.9981928972726644
2242863004_3a9f82a31f.jpg,object_replacement,a dog attempting to chew on a red ball,a cat attempting to chew on a red ball,a dog with a red ball ||| a german shepherd is playing with a red ball ||| a german shepherd is playing with a red ball ||| a german sheppard dog bting a large red ball,4,0.4444444444444444,0.3333333333333333,0.2513158137097179,0.1275343138759482,0.5952380952380953,0.5333333333333333,1.125091638312579,0.7308249175548553,0.5555555555555556,0.4564354645876384,0.3098990471205467,0.1492372948004911,0.7682539682539684,0.6666666666666667,1.3194602570229583,0.895698070526123,-0.1111111111111111,-0.123102131254305,-0.0585832334108288,-0.0217029809245428,-0.173015873015873,-0.1333333333333334,-0.1943686187103792,-0.1648731529712677,-0.5454608857648965,-0.5736307685734396,-0.29660349241037,-0.12895262238699626,-0.9818987464515204,-0.8324094855635081,-0.27429502954876495,-2.2906655499120134
2242863004_3a9f82a31f.jpg,color_replacement,a dog attempting to chew on a red ball,a dog attempting to chew on a blue ball,a dog with a red ball ||| a german shepherd is playing with a red ball ||| a german shepherd is playing with a red ball ||| a german sheppard dog bting a large red ball,4,0.4444444444444444,0.2357022603955158,0.092585537381304,0.0603072536040776,0.5009920634920636,0.5333333333333333,0.4513868483293315,0.8398903161287308,0.5555555555555556,0.4564354645876384,0.3098990471205467,0.1492372948004911,0.7682539682539684,0.6666666666666667,1.3194602570229583,0.895698070526123,-0.1111111111111111,-0.2207332041921225,-0.2173135097392427,-0.0889300411964135,-0.2672619047619048,-0.1333333333333334,-0.8680734086936268,-0.0558077543973922,-0.5454608857648965,-1.0285716118824484,-1.1002456195034807,-0.5283957103004602,-1.5167633159061906,-0.8324094855635081,-1.2250342821178912,-0.7753651708130735
2242863004_3a9f82a31f.jpg,hallucination,a dog attempting to chew on a red ball,a dog attempting to chew on a red ball with a television,a dog with a red ball ||| a german shepherd is playing with a red ball ||| a german shepherd is playing with a red ball ||| a german sheppard dog bting a large red ball,4,0.5,0.4264014327112209,0.2629535894329295,0.119219885465362,0.7744107744107744,0.5555555555555556,0.9202576169457308,0.8501121401786804,0.5555555555555556,0.4564354645876384,0.3098990471205467,0.1492372948004911,0.7682539682539684,0.6666666666666667,1.3194602570229583,0.895698070526123,-0.0555555555555555,-0.0300340318764175,-0.0469454576876172,-0.0300174093351291,0.006156806156806,-0.1111111111111111,-0.3992026400772275,-0.0455859303474426,-0.27273044288244797,-0.13995244934499101,-0.23768211299133757,-0.1783544695766415,0.03494107299021168,-0.6936745713029232,-0.5633589448875416,-0.633348233631299
3304030264_da3dd18c7b.jpg,person_replacement,a boy in black pants and green tshirt jumps high with his skateboard,a girl in black pants and green tshirt jumps high with her skateboard,a guy on a skateboard jumping off some steps ||| a person in a green shirt on a skateboard jumping off of a short set of stairs ||| a skateboarder in a green shirt is taking a jump of a step in front of a pink building ||| he is in the air on his skateboard,4,0.3076923076923076,0.0506369683541833,0.0285658774874397,0.0219728138749971,0.1595744680851064,0.2666666666666666,0.3267753807347121,0.7300145924091339,0.3846153846153846,0.1790287185098582,0.0662955289840255,0.0413155159110629,0.3006535947712418,0.2857142857142857,0.4242225556190969,0.7571703195571899,-0.0769230769230769,-0.1283917501556749,-0.0377296514965858,-0.0193427020360658,-0.1410791266861354,-0.019047619047619,-0.0974471748843848,-0.027155727148056,-0.3776267670680052,-0.5982793114129227,-0.19102302399110904,-0.11492855107200083,-0.8006514964721348,-0.11891564079478655,-0.13751847336109438,-0.3772881608669342
3304030264_da3dd18c7b.jpg,hallucination,a boy in black pants and green tshirt jumps high with his skateboard,a boy in black pants and green tshirt jumps high with his skateboard with a helicopter,a guy on a skateboard jumping off some steps ||| a person in a green shirt on a skateboard jumping off of a short set of stairs ||| a skateboarder in a green shirt is taking a jump of a step in front of a pink building ||| he is in the air on his skateboard,4,0.3522798985550534,0.1485342471102704,0.0529005985427356,0.0321605709375814,0.2904040404040404,0.303030303030303,0.2918898390880018,0.7208947837352753,0.3846153846153846,0.1790287185098582,0.0662955289840255,0.0413155159110629,0.3006535947712418,0.2857142857142857,0.4242225556190969,0.7571703195571899,-0.0323354860603312,-0.0304944713995877,-0.0133949304412899,-0.0091549449734815,-0.0102495543672014,0.0173160173160172,-0.132332716531095,-0.0362755358219146,-0.1587396858129605,-0.1420980034054003,-0.06781775122617553,-0.054395945250270236,-0.058168215490369816,0.10810512799526005,-0.18674931494600744,-0.5039942447533582
2431120202_b24fe2333a.jpg,person_replacement,a girl crosscountry skis,a boy crosscountry skis,a girl on skis in snow ||| a little girl wearing a purple winter coat and sunglasses skiing in the snow ||| little girl on skis ||| the young girl is crosscountry skiing,4,0.75,0.1581138830084189,0.1077217345015942,0.1057371263440564,0.3232758620689654,0.4,0.8971983762343322,0.8001458644866943,1.0,0.5773502691896257,0.2554364774645177,0.2020515504676623,0.4406130268199233,0.6,1.1493066117146062,0.8341573923826218,-0.25,-0.4192363861812068,-0.1477147429629235,-0.0963144241236059,-0.1173371647509579,-0.1999999999999999,-0.252108235480274,-0.0340115278959274,-1.2272869929710173,-1.9535558642951354,-0.7478711244231986,-0.5722715053574604,-0.6659112425515494,-1.2486142283452613,-0.35577778120443093,-0.4725392451532086
2431120202_b24fe2333a.jpg,hallucination,a girl crosscountry skis,a girl crosscountry skis with a traffic cone,a girl on skis in snow ||| a little girl wearing a purple winter coat and sunglasses skiing in the snow ||| little girl on skis ||| the young girl is crosscountry skiing,4,0.625,0.2988071523335984,0.1141677850990735,0.073860999559306,0.4121863799283153,0.4285714285714285,0.6729335046783551,0.7655635476112366,1.0,0.5773502691896257,0.2554364774645177,0.2020515504676623,0.4406130268199233,0.6,1.1493066117146062,0.8341573923826218,-0.375,-0.2785431168560273,-0.1412686923654442,-0.1281905509083563,-0.028426646891608,-0.1714285714285714,-0.4763731070362511,-0.0685938447713851,-1.840930489456526,-1.2979539880823685,-0.7152351463770824,-0.7616699181711383,-0.1613267526392169,-1.0702407671530814,-0.6722627157496381,-0.9530087483752208
1419286010_b59af3962a.jpg,object_replacement,a fisherman is reeling his rod while another relaxes in a boat on water,a fisherman is reeling his rod while another relaxes in a car on water,a man in a gray cap fishing ||| a man sits in a boat and holds a fishing pole while another lays down ||| a man wearing a grey hat fishing out of a fishing boat ||| two men in a boat fishing,4,0.3325224213228653,0.2182444817914707,0.071762036399353,0.0420549998517503,0.3430275913497391,0.2857142857142857,0.0878058165970459,0.7152751833200455,0.3990269055874383,0.2928056981999661,0.18806973932451,0.086623506931654,0.4330065359477125,0.3,0.3986978181441287,0.7474591583013535,-0.066504484264573,-0.0745612164084953,-0.1163077029251569,-0.0445685070799037,-0.0899789445979734,-0.0142857142857142,-0.3108920015470828,-0.0321839749813079,-0.3264803540486245,-0.34744002754769526,-0.5888591133218792,-0.26481274087688783,-0.5106480195587336,-0.08918673059608959,-0.4387340472789914,-0.44714813431001554
1419286010_b59af3962a.jpg,negation,a fisherman is reeling his rod while another relaxes in a boat on water,a fisherman is not reeling his rod while another relaxes in a boat on water,a man in a gray cap fishing ||| a man sits in a boat and holds a fishing pole while another lays down ||| a man wearing a grey hat fishing out of a fishing boat ||| two men in a boat fishing,4,0.4,0.2927700218845599,0.1875152612730611,0.0860958371038403,0.4267310789049919,0.2857142857142857,0.3556762709300758,0.7440556585788727,0.3990269055874383,0.2928056981999661,0.18806973932451,0.086623506931654,0.4330065359477125,0.3,0.3986978181441287,0.7474591583013535,0.0009730944125617,-3.5676315406185655e-05,-0.0005544780514488,-0.0005276698278137,-0.0062754570427205,-0.0142857142857142,-0.0430215472140528,-0.0034034997224807,0.004777064461878989,-0.00016624433726530663,-0.0028072900205301965,-0.0031352563174454726,-0.03561443985600278,-0.08918673059608959,-0.06071245781653565,-0.047286531633080914
1419286010_b59af3962a.jpg,hallucination,a fisherman is reeling his rod while another relaxes in a boat on water,a fisherman is reeling his rod while another relaxes in a boat on water with a helicopter,a man in a gray cap fishing ||| a man sits in a boat and holds a fishing pole while another lays down ||| a man wearing a grey hat fishing out of a fishing boat ||| two men in a boat fishing,4,0.4117647058823529,0.2778594651131056,0.1726578693225314,0.0778677765568551,0.4934210526315789,0.3125,0.2893688651234208,0.6919914484024048,0.3990269055874383,0.2928056981999661,0.18806973932451,0.086623506931654,0.4330065359477125,0.3,0.3986978181441287,0.7474591583013535,0.0127378002949146,-0.0149462330868604,-0.0154118700019785,-0.0087557303747989,0.0604145166838664,0.0125,-0.1093289530207078,-0.0554677098989486,0.0625317464840443,-0.0696463910537997,-0.07802939853293372,-0.052023931489843536,0.3428641382165011,0.07803838927157887,-0.1542861630561622,-0.7706407617508074
370614351_98b8a166b9.jpg,person_replacement,a man with a mohawk with his arms in the air,a woman with a mohawk with her arms in the air,a man with multicolored hair wearing a weird outfit ||| a person in a kilt and a sports jersey and a mohawk is in a store ||| punk rocker buys computer ink in the bigbox store ||| the man with the eccentric clothing and hair poses in a store,4,0.4980549361539613,0.3015872407613089,0.0973570413344859,0.0569682265132554,0.2038043478260869,0.3,0.1942012425595791,0.6817348301410675,0.5810640921796215,0.4606821198071898,0.2782016036233933,0.1252065058740568,0.3430706521739129,0.3999999999999999,0.3371793263215997,0.7211523503065109,-0.0830091560256602,-0.1590948790458809,-0.1808445622889073,-0.0682382793608014,-0.139266304347826,-0.0999999999999999,-0.1429780837620206,-0.0394175201654434,-0.407504229951178,-0.7413496160733251,-0.9156054665360907,-0.40545144933527866,-0.7903633769458877,-0.6243071141726302,-0.20177216862752237,-0.5476474118359249
370614351_98b8a166b9.jpg,hallucination,a man with a mohawk with his arms in the air,a man with a mohawk with his arms in the air with a television,a man with multicolored hair wearing a weird outfit ||| a person in a kilt and a sports jersey and a mohawk is in a store ||| punk rocker buys computer ink in the bigbox store ||| the man with the eccentric clothing and hair poses in a store,4,0.5714285714285714,0.4193139346887672,0.2446991428610772,0.1074301457116313,0.2354430379746835,0.3478260869565217,0.2978805897039276,0.7015190273523331,0.5810640921796215,0.4606821198071898,0.2782016036233933,0.1252065058740568,0.3430706521739129,0.3999999999999999,0.3371793263215997,0.7211523503065109,-0.0096355207510501,-0.0413681851184226,-0.0335024607623161,-0.0177763601624254,-0.1076276141992294,-0.0521739130434782,-0.039298736617672,-0.0196333229541778,-0.04730219715306446,-0.1927672866601099,-0.16962100396130658,-0.105621816072659,-0.6108076537931051,-0.3257254508726766,-0.0554587885292095,-0.2727756199899284
811662356_f9a632b63c.jpg,hallucination,a child stands near a fence,a child stands near a fence with a suitcase,a small child touches a wooden fence ||| a toddler boy stands by a wooden fence ||| a toddler in a white tshirt is touching the wooden fence ||| blond boy touching wooden wall,4,0.5555555555555556,0.0833333333333333,0.046292768690652,0.0358589075361213,0.2777777777777778,0.5,0.419121121603696,0.7297147810459137,0.8333333333333334,0.1290994448735805,0.074690079109286,0.0610473583580784,0.2898550724637681,0.6153846153846153,0.5799625119878922,0.8264259994029999,-0.2777777777777778,-0.0457661115402471,-0.028397310418634,-0.0251884508219571,-0.0120772946859903,-0.1153846153846153,-0.1608413903841961,-0.0967112183570861,-1.3636522144122414,-0.21326072481406877,-0.14377392565824695,-0.14966224218923443,-0.06854099745872179,-0.7203543625068812,-0.2269810539418194,-1.3436575463514173
3547499166_67fb4af4ea.jpg,negation,the three people are dancing on a wood floor in kitchen clothing,the three people are not dancing on a wood floor in kitchen clothing,three dancers dancing in housekeeping clothes ||| three people dance together to prepare for a show ||| two girls and a boy perform a dance ||| two girls dressed like waitresses dance along with a man dressed as a chef,4,0.3561388764008908,0.1657736252993399,0.0613870795272111,0.0382565596776716,0.3357712765957447,0.4210526315789473,0.188163478873611,0.7311812788248062,0.3527007187044225,0.1647462822698419,0.0612467353095278,0.0383403415373205,0.3393817204301075,0.4444444444444444,0.2296110089140929,0.7513715326786041,0.0034381576964683,0.001027343029498,0.0001403442176832,-8.378185964889873e-05,-0.0036104438343628,-0.0233918128654971,-0.0414475300404818,-0.0201902538537979,0.016878424882634958,0.004787208520233436,0.0007105545850042457,-0.0004978067551064926,-0.02048997131476611,-0.14603675185324713,-0.0584911883029716,-0.2805133407919536
3547499166_67fb4af4ea.jpg,hallucination,the three people are dancing on a wood floor in kitchen clothing,the three people are dancing on a wood floor in kitchen clothing with a television,three dancers dancing in housekeeping clothes ||| three people dance together to prepare for a show ||| two girls and a boy perform a dance ||| two girls dressed like waitresses dance along with a man dressed as a chef,4,0.4666666666666667,0.2581988897471611,0.0800427122344894,0.0454669723699171,0.3287760416666666,0.3809523809523809,0.1323281872015247,0.7032094895839691,0.3527007187044225,0.1647462822698419,0.0612467353095278,0.0383403415373205,0.3393817204301075,0.4444444444444444,0.2296110089140929,0.7513715326786041,0.1139659479622441,0.0934526074773192,0.0187959769249616,0.0071266308325965,-0.0106056787634409,-0.0634920634920635,-0.0972828217125681,-0.048162043094635,0.5594757023026959,0.4354700483752339,0.09516293442037695,0.04234430919155872,-0.06018929073712644,-0.3963854693159562,-0.13728653644443053,-0.66913946232037
3682277595_55f8b16975.jpg,object_replacement,a brown and white dog trots across shallow water with his mouth open,a brown and white cat trots across shallow water with his mouth open,a brown spotted dog walks in shallow water ||| a greyhound walks in the rain through a large puddle ||| a white and brown dog is walking through the water ||| the dog walks through the water,4,0.4615384615384615,0.2773500981126146,0.0887608230900683,0.0514240160502826,0.4411764705882353,0.380952380952381,0.3165337142544432,0.8415607362985611,0.5384615384615384,0.299572344757639,0.0934408794701388,0.0534444593479054,0.5247058823529411,0.4761904761904762,0.4116514842466379,0.9181473404169084,-0.0769230769230769,-0.0222222466450244,-0.0046800563800704,-0.0020204432976227,-0.0835294117647058,-0.0952380952380952,-0.0951177699921946,-0.0765866041183472,-0.3776267670680052,-0.10355112695880397,-0.023694852369649633,-0.012004869861819048,-0.47404566571804063,-0.594578203973934,-0.13423119279094015,-1.0640561697101787
3682277595_55f8b16975.jpg,hallucination,a brown and white dog trots across shallow water with his mouth open,a brown and white dog trots across shallow water with his mouth open with a suitcase,a brown spotted dog walks in shallow water ||| a greyhound walks in the rain through a large puddle ||| a white and brown dog is walking through the water ||| the dog walks through the water,4,0.5,0.2581988897471611,0.078089666561908,0.0437481143122464,0.4227272727272728,0.4166666666666667,0.2183396877461789,0.8454114198684692,0.5384615384615384,0.299572344757639,0.0934408794701388,0.0534444593479054,0.5247058823529411,0.4761904761904762,0.4116514842466379,0.9181473404169084,-0.0384615384615384,-0.0413734550104779,-0.0153512129082307,-0.0096963450356589,-0.1019786096256683,-0.0595238095238095,-0.193311796500459,-0.0727359205484391,-0.18881338353400237,-0.19279184327987903,-0.07772229520664761,-0.05761278251428443,-0.5787484536007063,-0.3716113774837087,-0.2728036309823647,-1.0105566882103747
2528547068_7d37479b9b.jpg,object_replacement,a race car drives through a dirtcovered racetrack,a race truck drives through a dirtcovered racetrack,a red car emitting smoke while on a paved track ||| a red race car pulls off the track smoking ||| a red race car travels down a road marked with red and white striped ribbons ||| a red rally car taking a slippery turn in a race,4,0.3309363384692233,0.2042583425999594,0.0849781324036544,0.057367534172156,0.1869158878504672,0.2608695652173913,0.1308005776973191,0.4808081686496734,0.4412484512922977,0.3335524767176619,0.1178410923506696,0.073309180733823,0.3546348314606741,0.3529411764705882,0.4428741926765148,0.5897039175033569,-0.1103121128230744,-0.1292941341177025,-0.0328629599470152,-0.015941646561667,-0.1677189436102069,-0.0920716112531969,-0.3120736149791957,-0.1088957488536835,-0.5415384849396423,-0.6024842362213885,-0.16638324864849613,-0.09472049652722571,-0.9518376413470854,-0.5748096191870768,-0.4404015525245762,-1.512943350300784
2528547068_7d37479b9b.jpg,hallucination,a race car drives through a dirtcovered racetrack,a race car drives through a dirtcovered racetrack with a television,a red car emitting smoke while on a paved track ||| a red race car pulls off the track smoking ||| a red race car travels down a road marked with red and white striped ribbons ||| a red rally car taking a slippery turn in a race,4,0.5454545454545454,0.3302891295379082,0.1066224564261435,0.062389860721175,0.3876262626262626,0.3846153846153846,0.4353131751064127,0.577276200056076,0.4412484512922977,0.3335524767176619,0.1178410923506696,0.073309180733823,0.3546348314606741,0.3529411764705882,0.4428741926765148,0.5897039175033569,0.1042060941622476,-0.0032633471797537,-0.0112186359245261,-0.010919320012648,0.0329914311655885,0.0316742081447963,-0.007561017570102,-0.0124277174472808,0.5115631358145581,-0.01520653080308565,-0.0567992990752165,-0.06487933409743951,0.18723279165352086,0.1977443348058102,-0.010670187150427649,-0.17266452243736521
289599470_cc665e2dfb.jpg,person_replacement,a black haired girl is eating corn on the cob,a black haired boy is eating corn on the cob,a man is eating a piece of corn on the cob ||| a man is nibbling on an ear of corn ||| a person with dark hair is eating a very large ear of corn ||| the child with black hair is eating corn on the cob,4,0.8,0.6666666666666667,0.60570686427738,0.5555238068023582,0.7282110091743119,0.761904761904762,2.569041158824956,0.9235362708568572,0.8,0.6666666666666667,0.60570686427738,0.5555238068023582,0.7282110091743119,0.761904761904762,2.5876190113903776,0.905708074569702,0.0,0.0,0.0,0.0,0.0,0.0,-0.0185778525654214,0.0178281962871551,0.0,0.0,0.0,0.0,0.0,0.0,-0.026217260029912162,0.2476960882720083
289599470_cc665e2dfb.jpg,negation,a black haired girl is eating corn on the cob,a black haired girl is not eating corn on the cob,a man is eating a piece of corn on the cob ||| a man is nibbling on an ear of corn ||| a person with dark hair is eating a very large ear of corn ||| the child with black hair is eating corn on the cob,4,0.7272727272727273,0.5393598899705937,0.459422237721793,0.3945881255591767,0.7080965909090909,0.7272727272727273,2.005463926838057,0.8893969655036926,0.8,0.6666666666666667,0.60570686427738,0.5555238068023582,0.7282110091743119,0.761904761904762,2.5876190113903776,0.905708074569702,-0.0727272727272727,-0.127306776696073,-0.1462846265555869,-0.1609356812431815,-0.0201144182652209,-0.0346320346320346,-0.5821550845523205,-0.0163111090660094,-0.35702894340975033,-0.5932235568685313,-0.7406305285005604,-0.9562316902042418,-0.11415323771137467,-0.2162102559905213,-0.8215433498407402,-0.22661843329263268
289599470_cc665e2dfb.jpg,hallucination,a black haired girl is eating corn on the cob,a black haired girl is eating corn on the cob with an umbrella,a man is eating a piece of corn on the cob ||| a man is nibbling on an ear of corn ||| a person with dark hair is eating a very large ear of corn ||| the child with black hair is eating corn on the cob,4,0.7692307692307693,0.5661385170722979,0.4884696339923532,0.4324227075463214,0.7886904761904763,0.6666666666666667,2.0701536363519195,0.8735765516757965,0.8,0.6666666666666667,0.60570686427738,0.5555238068023582,0.7282110091743119,0.761904761904762,2.5876190113903776,0.905708074569702,-0.0307692307692307,-0.1005281495943688,-0.1172372302850267,-0.1231010992560368,0.0604794670161643,-0.0952380952380952,-0.5174653750384581,-0.0321315228939055,-0.15105070682720179,-0.46844062834262956,-0.5935652561067091,-0.7314299184512724,0.3432327439909497,-0.594578203973934,-0.7302525545449955,-0.4464193911067204
3613705104_46d854134e.jpg,person_replacement,a boy skateboards off a ramp covered in graffiti,a girl skateboards off a ramp covered in graffiti,a male skateboarder is skating in a vandalized skate park ||| a man does a jump on a skateboard surrounded by graffiti ||| a man does a skating trick off of graffitifilled stairs ||| a skateboarder skates down stairs covered in graffiti,4,0.6666666666666666,0.408248290463863,0.287684791332394,0.1411399193078977,0.5506172839506173,0.5882352941176471,0.6166640273813618,0.7917527109384537,0.6666666666666666,0.408248290463863,0.287684791332394,0.1411399193078977,0.5506172839506173,0.5882352941176471,0.6145792449354355,0.82563117146492,0.0,0.0,0.0,0.0,0.0,0.0,0.0020847824459263,-0.0338784605264663,0.0,0.0,0.0,0.0,0.0,0.0,0.002942066813059904,-0.47069047333348685
3613705104_46d854134e.jpg,hallucination,a boy skateboards off a ramp covered in graffiti,a boy skateboards off a ramp covered in graffiti with a helicopter,a male skateboarder is skating in a vandalized skate park ||| a man does a jump on a skateboard surrounded by graffiti ||| a man does a skating trick off of graffitifilled stairs ||| a skateboarder skates down stairs covered in graffiti,4,0.5833333333333334,0.3256694736394648,0.2197107811492718,0.1041904464013639,0.530952380952381,0.5,0.4617949179067948,0.8064842224121094,0.6666666666666666,0.408248290463863,0.287684791332394,0.1411399193078977,0.5506172839506173,0.5882352941176471,0.6145792449354355,0.82563117146492,-0.0833333333333332,-0.0825788168243982,-0.0679740101831221,-0.0369494729065338,-0.0196649029982363,-0.088235294117647,-0.1527843270286407,-0.0191469490528106,-0.4090956643236718,-0.38480040662340903,-0.34414844725394333,-0.2195427182874501,-0.1116021511002491,-0.5508592183876151,-0.2156108417859086,-0.26601818301392594
3232470286_903a61ea16.jpg,object_replacement,a ball is about to enter a goal at a soccer match,a book is about to enter a goal at a soccer match,a soccer player in a white shirt kicked a goal ||| a soccer player tries to kick the ball in the goal ||| a soccer team scores a goal ||| goal attempt during a soccer game being played on green grass,4,0.5,0.3015113445777636,0.0968729306151464,0.0563756031525929,0.303030303030303,0.3333333333333333,1.0555628788375604,0.7648986577987671,0.5833333333333334,0.3256694736394648,0.1019807108406801,0.058590593701517,0.3351351351351351,0.3333333333333333,1.1106718888852276,0.7912419736385345,-0.0833333333333333,-0.0241581290617012,-0.0051077802255336,-0.0022149905489241,-0.0321048321048321,0.0,-0.0551090100476672,-0.0263433158397674,-0.4090956643236723,-0.11257194331048907,-0.025860393241419408,-0.013160811449784388,-0.1822011694607875,0.0,-0.0777704119097126,-0.36600092238863596
3232470286_903a61ea16.jpg,hallucination,a ball is about to enter a goal at a soccer match,a ball is about to enter a goal at a soccer match with a helicopter,a soccer player in a white shirt kicked a goal ||| a soccer player tries to kick the ball in the goal ||| a soccer team scores a goal ||| goal attempt during a soccer game being played on green grass,4,0.4666666666666667,0.2581988897471611,0.0800427122344894,0.0454669723699171,0.4574275362318841,0.2857142857142857,0.7384323548917925,0.7505117356777191,0.5833333333333334,0.3256694736394648,0.1019807108406801,0.058590593701517,0.3351351351351351,0.3333333333333333,1.1106718888852276,0.7912419736385345,-0.1166666666666667,-0.0674705838923037,-0.0219379986061906,-0.0131236213315999,0.1222924010967489,-0.0476190476190476,-0.3722395339934351,-0.0407302379608154,-0.5727339300531415,-0.3143991294048975,-0.11107080685456322,-0.07797663333933848,0.6940331730512835,-0.297289101986967,-0.5253083273081649,-0.5658856597036
2115631346_9585a479b0.jpg,action_replacement,two brown dogs are running through the snow,two brown dogs are standing in the snow,two brown dogs run across a large snowy yard ||| two brown dogs running through the snow ||| two dogs race across a snowy field ||| two dogs run through a snowy field,4,0.625,0.5175491695067657,0.3547458529925959,0.1728603923209705,0.6816901408450705,0.6666666666666666,1.6095013336589732,0.8383865654468536,0.875,0.7905694150420949,0.6786044041487267,0.5,0.97441793618856,0.9333333333333332,2.2783543138149556,0.9313565492630004,-0.25,-0.2730202455353292,-0.3238585511561307,-0.3271396076790295,-0.2927277953434894,-0.2666666666666666,-0.6688529801559824,-0.0929699838161467,-1.2272869929710173,-1.2722185366474978,-1.639676947263124,-1.943765717876964,-1.6612872003536916,-1.6648189711270154,-0.9438923277478014,-1.2916786952005315
2115631346_9585a479b0.jpg,negation,two brown dogs are running through the snow,two brown dogs are not running through the snow,two brown dogs run across a large snowy yard ||| two brown dogs running through the snow ||| two dogs race across a snowy field ||| two dogs run through a snowy field,4,0.7777777777777778,0.6972166887783963,0.5928155507483438,0.4316700106852252,0.9608843537414966,0.8750000000000001,1.729139686145701,0.9233158081769944,0.875,0.7905694150420949,0.6786044041487267,0.5,0.97441793618856,0.9333333333333332,2.2783543138149556,0.9313565492630004,-0.0972222222222222,-0.0933527262636986,-0.0857888534003828,-0.0683299893147748,-0.0135335824470633,-0.0583333333333331,-0.5492146276692547,-0.0080407410860059,-0.4772782750442844,-0.43500462233629006,-0.43434395896166694,-0.40599636245596826,-0.07680571388123804,-0.3641791499340332,-0.7750574322371705,-0.11171405574251149
2115631346_9585a479b0.jpg,hallucination,two brown dogs are running through the snow,two brown dogs are running through the snow with an umbrella,two brown dogs run across a large snowy yard ||| two brown dogs running through the snow ||| two dogs race across a snowy field ||| two dogs run through a snowy field,4,0.6363636363636364,0.5640760748177662,0.4733525286819944,0.3393251340793363,0.9349145063430778,0.7777777777777778,1.3127198929434034,0.8915435522794724,0.875,0.7905694150420949,0.6786044041487267,0.5,0.97441793618856,0.9333333333333332,2.2783543138149556,0.9313565492630004,-0.2386363636363636,-0.2264933402243286,-0.2052518754667323,-0.1606748659206637,-0.0395034298454821,-0.1555555555555554,-0.9656344208715522,-0.039812996983528,-1.1715012205632436,-1.0554126683741198,-1.0391782689816176,-0.9546820035545455,-0.22418965132901933,-0.9711443998240915,-1.3627134038593807,-0.5531419699653075
1721637099_93e9ec2a2f.jpg,person_replacement,a boy laying on clothes,a girl laying on clothes,a brownhaired boy is laughing with his eyese clothes whiel lying on a pile of clothes ||| a child in a blue shirt laying on his side with his mouth open ||| a child with and adult hand ||| a little boy laughs as he is tickled,4,0.6549846024623855,0.3661475238303926,0.1540910273198556,0.1106269120304249,0.2118288590604027,0.3157894736842105,0.1154599049347645,0.6298834085464478,0.8187307530779819,0.4093653765389909,0.1659895273402738,0.1169737177441385,0.2496644295302013,0.3809523809523809,0.1695257269967171,0.7975481450557709,-0.1637461506155964,-0.0432178527085982,-0.0118985000204182,-0.0063468057137135,-0.0378355704697986,-0.0651629072681703,-0.0540658220619526,-0.1676647365093231,-0.8038540831983783,-0.2013863595433075,-0.060241411322451074,-0.037710821541505304,-0.21472422482395642,-0.4068166658769015,-0.07629825410324657,-2.329450422555526
1721637099_93e9ec2a2f.jpg,hallucination,a boy laying on clothes,a boy laying on clothes with a suitcase,a brownhaired boy is laughing with his eyese clothes whiel lying on a pile of clothes ||| a child in a blue shirt laying on his side with his mouth open ||| a child with and adult hand ||| a little boy laughs as he is tickled,4,0.875,0.3535533905932737,0.1277182387322588,0.0803428418944651,0.3155209452201933,0.3636363636363636,0.2156358277341239,0.7338626682758331,0.8187307530779819,0.4093653765389909,0.1659895273402738,0.1169737177441385,0.2496644295302013,0.3809523809523809,0.1695257269967171,0.7975481450557709,0.056269246922018,-0.0558119859457172,-0.038271288608015,-0.0366308758496734,0.065856515689992,-0.0173160173160172,0.0461101007374067,-0.0636854767799377,0.27623405940666856,-0.2600724460855519,-0.19376530108159257,-0.21764970985189144,0.3737485415325767,-0.10810512799526005,0.06507105688243549,-0.8848143258044414
516725192_c9cdd63878.jpg,hallucination,a fisherman stands on the beach on a gray day,a fisherman stands on the beach on a gray day with a helicopter,a man holding a fishing pole and tackle box walking in from the ocean ||| a man in a yellow cap is on the beach carrying a fishing pole ||| a man with a fishing pole standing on a beach ||| a person is standing in the ocean fully clothed holding a fishing pole in one hand and a tackle box in the other,4,0.498594426961247,0.3922919972818223,0.2348585172938615,0.1046532980131907,0.3398058252427184,0.3703703703703704,0.2071275541598399,0.7994856685400009,0.5,0.408248290463863,0.2751606040745522,0.1313454947212079,0.372,0.4166666666666666,0.2138415402081832,0.8648940920829773,-0.0014055730387529,-0.0159562931820407,-0.0403020867806906,-0.0266921967080172,-0.0321941747572815,-0.0462962962962961,-0.0067139860483432,-0.0654084235429763,-0.006900166032528727,-0.07435306463288426,-0.20404711373218692,-0.1585970505496759,-0.18270820639858723,-0.28903107137621675,-0.009474847399437492,-0.9087520908274268
848180689_d67a1361ce.jpg,object_replacement,a girl and a woman playing with a ball in a pool,a girl and a woman playing with a book in a pool,a woman and a little girl are playing with a ball in the pool underneath some water chutes ||| a young girl and a woman play volleyball with a beach ball ||| the mother and daughter are batting a ball in the air to each other at the water park ||| two girls in a pool one catching a ball the other has thrown,4,0.8333333333333334,0.7282190812544191,0.5963868149074115,0.3918189150070214,0.5260416666666666,0.6666666666666666,0.7819618217352807,0.7187391817569733,0.9166666666666666,0.8660254037844387,0.7663094323935531,0.6223329772884783,0.573559670781893,0.75,1.603122471552921,0.784170925617218,-0.0833333333333332,-0.1378063225300195,-0.1699226174861415,-0.2305140622814568,-0.0475180041152263,-0.0833333333333333,-0.8211606498176404,-0.0654317438602447,-0.4090956643236718,-0.642149294262604,-0.8603082972983335,-1.3696456229502694,-0.2696739198624762,-0.5202559284771922,-1.158830505667348,-0.9090760917118464
848180689_d67a1361ce.jpg,person_replacement,a girl and a woman playing with a ball in a pool,a boy and a woman playing with a ball in a pool,a woman and a little girl are playing with a ball in the pool underneath some water chutes ||| a young girl and a woman play volleyball with a beach ball ||| the mother and daughter are batting a ball in the air to each other at the water park ||| two girls in a pool one catching a ball the other has thrown,4,0.8333333333333334,0.778498944161523,0.6716793862139855,0.5094110796339641,0.4761494252873564,0.6666666666666666,1.264620072967507,0.775134339928627,0.9166666666666666,0.8660254037844387,0.7663094323935531,0.6223329772884783,0.573559670781893,0.75,1.603122471552921,0.784170925617218,-0.0833333333333332,-0.0875264596229157,-0.0946300461795676,-0.1129218976545141,-0.0974102454945365,-0.0833333333333333,-0.3385023985854141,-0.009036585688591,-0.4090956643236718,-0.40785541072628223,-0.4791064021165174,-0.670948146620663,-0.5528220982004657,-0.5202559284771922,-0.47769812862983446,-0.1255498251391521
848180689_d67a1361ce.jpg,hallucination,a girl and a woman playing with a ball in a pool,a girl and a woman playing with a ball in a pool with an umbrella,a woman and a little girl are playing with a ball in the pool underneath some water chutes ||| a young girl and a woman play volleyball with a beach ball ||| the mother and daughter are batting a ball in the air to each other at the water park ||| two girls in a pool one catching a ball the other has thrown,4,0.7333333333333333,0.6866065623255951,0.6014616379314802,0.4829375245352885,0.55957041051892,0.6666666666666665,1.3467237530480007,0.8086344599723816,0.9166666666666666,0.8660254037844387,0.7663094323935531,0.6223329772884783,0.573559670781893,0.75,1.603122471552921,0.784170925617218,-0.1833333333333333,-0.1794188414588435,-0.1648477944620728,-0.1393954527531897,-0.0139892602629729,-0.0833333333333334,-0.2563987185049203,0.0244635343551635,-0.9000104615120791,-0.8360551265353766,-0.8346147644448686,-0.8282460941123057,-0.07939177415668082,-0.5202559284771928,-0.36183255576542844,0.3398841737819358
3678100844_e3a9802471.jpg,color_replacement,a lady with sunglasses on her head and a green sweatshirt is looking off camera,a lady with sunglasses on her head and a yellow sweatshirt is looking off camera,a smiling lady in a green jacket at a public gathering ||| a woman in a green jacket and black sunglasses outside in a crowd ||| a woman with dark hair is wearing a green sweater ||| woman with green sweater and sunglasses smiling,4,0.4666666666666667,0.0577350269189625,0.0294879873108467,0.0215000038028141,0.1923076923076923,0.24,0.2450950792823927,0.649942010641098,0.5333333333333333,0.1951800145897066,0.0664215664147782,0.0395308837466984,0.3542857142857143,0.32,0.4456103005738673,0.702960193157196,-0.0666666666666666,-0.1374449876707441,-0.0369335791039314,-0.0180308799438843,-0.161978021978022,-0.08,-0.2005152212914746,-0.053018182516098,-0.3272765314589376,-0.6404655476781493,-0.18699255591815475,-0.10713409650006216,-0.9192567939608943,-0.49944569133810474,-0.28296917945934436,-0.7366082471276423
3678100844_e3a9802471.jpg,negation,a lady with sunglasses on her head and a green sweatshirt is looking off camera,a lady with sunglasses on her head and a green sweatshirt is not looking off camera,a smiling lady in a green jacket at a public gathering ||| a woman in a green jacket and black sunglasses outside in a crowd ||| a woman with dark hair is wearing a green sweater ||| woman with green sweater and sunglasses smiling,4,0.5,0.1825741858350553,0.0619798094241093,0.0367876324992777,0.350943396226415,0.3076923076923077,0.3624913694479095,0.6904657185077667,0.5333333333333333,0.1951800145897066,0.0664215664147782,0.0395308837466984,0.3542857142857143,0.32,0.4456103005738673,0.702960193157196,-0.0333333333333333,-0.0126058287546513,-0.0044417569906688,-0.0027432512474206,-0.0033423180592992,-0.0123076923076922,-0.0831189311259578,-0.0124944746494293,-0.1636382657294688,-0.058740585263286516,-0.022488356465947802,-0.016299578544127447,-0.01896830536679764,-0.07683779866740005,-0.11729830576832151,-0.17359201378701347
3678100844_e3a9802471.jpg,hallucination,a lady with sunglasses on her head and a green sweatshirt is looking off camera,a lady with sunglasses on her head and a green sweatshirt is looking off camera with a helicopter,a smiling lady in a green jacket at a public gathering ||| a woman in a green jacket and black sunglasses outside in a crowd ||| a woman with dark hair is wearing a green sweater ||| woman with green sweater and sunglasses smiling,4,0.5,0.1714985851425088,0.0568591504881488,0.0332718891397095,0.317948717948718,0.3448275862068966,0.2517603771990479,0.7000631093978882,0.5333333333333333,0.1951800145897066,0.0664215664147782,0.0395308837466984,0.3542857142857143,0.32,0.4456103005738673,0.702960193157196,-0.0333333333333333,-0.0236814294471978,-0.0095624159266293,-0.0062589946069889,-0.0363369963369963,0.0248275862068965,-0.1938499233748193,-0.0028970837593078,-0.1636382657294688,-0.11035062054816132,-0.04841395386678212,-0.03718907420521951,-0.206219525013389,0.1550003869669977,-0.27356304126105574,-0.04025064022286551
3157847991_463e006a28.jpg,negation,these men are smoking outside a grey building,these men are not smoking outside a grey building,two men are standing by a railing while posing for a picture ||| two men in black jackets behind a white handrail ||| two men smoking behind a railing ||| two men smoking while standing by a rail in front of a building,4,0.5555555555555556,0.2635231383473649,0.0997347467647626,0.0637671569379741,0.2380952380952381,0.4,0.5244942466705558,0.7687586545944214,0.5515605641153721,0.263696386404524,0.1007527167248761,0.0651821033328897,0.2419354838709677,0.4285714285714285,0.5619780712903925,0.7862068712711334,0.0039949914401834,-0.000173248057159,-0.0010179699601134,-0.0014149463949155,-0.0038402457757295,-0.0285714285714284,-0.0374838246198366,-0.017448216676712,0.019612004126270555,-0.0008073005330563434,-0.005153922509211803,-0.008407188339507972,-0.02179414204908589,-0.17837346119217917,-0.052897565717740874,-0.2424168406345068
3157847991_463e006a28.jpg,hallucination,these men are smoking outside a grey building,these men are smoking outside a grey building with a traffic cone,two men are standing by a railing while posing for a picture ||| two men in black jackets behind a white handrail ||| two men smoking behind a railing ||| two men smoking while standing by a rail in front of a building,4,0.5,0.2132007163556104,0.0768880959828629,0.0474060425987813,0.2630208333333333,0.3333333333333333,0.4364917933423222,0.7245797663927078,0.5515605641153721,0.263696386404524,0.1007527167248761,0.0651821033328897,0.2419354838709677,0.4285714285714285,0.5619780712903925,0.7862068712711334,-0.0515605641153721,-0.0504956700489135,-0.0238646207420131,-0.0177760607341083,0.0210853494623656,-0.0952380952380951,-0.1254862779480702,-0.0616271048784256,-0.25311843875617746,-0.23529950070442915,-0.12082518230927226,-0.1056200369591427,0.11966346118826683,-0.5945782039739332,-0.1770875491429956,-0.8562163308081163
3559374748_f18c7caa55.jpg,object_replacement,a blue and grey race car driving on a dirt track,a blue and grey race truck driving on a dirt track,a person driving a drag racer on dirt ||| a person is in a race car on a track with a lot debri ||| a race car driver is driving his car through the mud ||| the blue and gray vehicle is racing through the gravel,4,0.8181818181818182,0.4045199174779453,0.1220522444470285,0.0690457308327456,0.3712871287128713,0.4210526315789474,0.6004033606009913,0.7160366326570511,0.9090909090909092,0.5222329678670935,0.1447089370238733,0.0784510965440677,0.3712871287128713,0.4799999999999999,0.9780298137415608,0.8263804018497467,-0.0909090909090909,-0.1177130503891482,-0.0226566925768448,-0.0094053657113221,0.0,-0.0589473684210525,-0.3776264531405695,-0.1103437691926956,-0.44628617926218805,-0.5485187533135397,-0.11470951249198386,-0.055883870386310604,0.0,-0.3680126146701816,-0.5329104040036923,-1.5330614243860476
3559374748_f18c7caa55.jpg,hallucination,a blue and grey race car driving on a dirt track,a blue and grey race car driving on a dirt track with a suitcase,a person driving a drag racer on dirt ||| a person is in a race car on a track with a lot debri ||| a race car driver is driving his car through the mud ||| the blue and gray vehicle is racing through the gravel,4,0.8571428571428571,0.5741692517632145,0.3017399903511526,0.1257119267652252,0.5357142857142857,0.5714285714285714,0.8581367752946514,0.7985974848270416,0.9090909090909092,0.5222329678670935,0.1447089370238733,0.0784510965440677,0.3712871287128713,0.4799999999999999,0.9780298137415608,0.8263804018497467,-0.051948051948052,0.051936283896121,0.1570310533272793,0.0472608302211574,0.1644271570014144,0.0914285714285714,-0.1198930384469094,-0.027782917022705,-0.25502067386410776,0.24201246675929,0.7950390601885209,0.28080971984419867,0.933156111794807,0.5707950758149767,-0.16919431100391993,-0.38600202490859814
2502782508_2c8211cd6b.jpg,person_replacement,a man in a hat and sunglasses reads a book on a park bench,a woman in a hat and sunglasses reads a book on a park bench,a man in c camouflage cap and jeans is sitting on a bench reading a book ||| a man is sitting on a bench and reading a book ||| a man on a park bench reads a novel ||| a man wearing a camouflage hat and sunglasses reading a book on a black metal bench,4,0.8049580497680259,0.6552980970848463,0.5372892702048843,0.3954166352259141,0.6794643791191547,0.7333333333333334,1.8820987740644264,0.7523897290229797,0.8668778997501817,0.7603022137359318,0.6304250794323608,0.4457834303038864,0.7454289732770746,0.7999999999999999,2.019107680684405,0.8422938734292984,-0.0619198499821558,-0.1050041166510854,-0.0931358092274765,-0.0503667950779723,-0.0659645941579198,-0.0666666666666665,-0.1370089066199784,-0.0899041444063186,-0.3039737059592659,-0.48929771990304843,-0.4715411676172395,-0.29926443418600607,-0.3743619078690109,-0.4162047427817529,-0.19334840335398312,-1.249083447938658
2502782508_2c8211cd6b.jpg,hallucination,a man in a hat and sunglasses reads a book on a park bench,a man in a hat and sunglasses reads a book on a park bench with a traffic cone,a man in c camouflage cap and jeans is sitting on a bench reading a book ||| a man is sitting on a bench and reading a book ||| a man on a park bench reads a novel ||| a man wearing a camouflage hat and sunglasses reading a book on a black metal bench,4,0.7777777777777778,0.6763995415945232,0.5556644666651004,0.388905561152711,0.7094381313131314,0.7058823529411765,1.199767624350599,0.7609815150499344,0.8668778997501817,0.7603022137359318,0.6304250794323608,0.4457834303038864,0.7454289732770746,0.7999999999999999,2.019107680684405,0.8422938734292984,-0.0891001219724039,-0.0839026721414085,-0.0747606127672604,-0.0568778691511753,-0.0359908419639432,-0.0941176470588234,-0.8193400563338058,-0.081312358379364,-0.43740568307544975,-0.39096930179393913,-0.37850862013720693,-0.33795128919521933,-0.20425503158827782,-0.5875831662801224,-1.1562612650833586,-1.1297134479751705
3699522388_2333f01f40.jpg,person_replacement,a bald man in a black wetsuit flips leaps in the air on a surfboard holds on to a waterskiing handle,a bald woman in a black wetsuit flips leaps in the air on a surfboard holds on to a waterskiing handle,a man doing a trick on a wakeboard ||| a person waterskiing in a river with a large wall in the background ||| a wakeboarder soars through the air ||| male performing water sports acrobatics while being pulled by a boat,4,0.4285714285714285,0.2927700218845599,0.0766949089979699,0.0397884275531624,0.3475303164744158,0.2941176470588235,0.0508297591317733,0.6186310201883316,0.4761904761904761,0.3086066999241838,0.0794363047598884,0.040850384507442,0.3475303164744158,0.3448275862068965,0.0521855671441148,0.6524048000574112,-0.0476190476190476,-0.0158366780396239,-0.0027413957619185,-0.0010619569542796,0.0,-0.050709939148073,-0.0013558080123414,-0.0337737798690795,-0.23376895104209844,-0.07379568251952487,-0.013879526781355764,-0.006309830644582146,0.0,-0.31658575769403174,-0.0019133304608280255,-0.46923609236668457
3699522388_2333f01f40.jpg,hallucination,a bald man in a black wetsuit flips leaps in the air on a surfboard holds on to a waterskiing handle,a bald man in a black wetsuit flips leaps in the air on a surfboard holds on to a waterskiing handle with a suitcase,a man doing a trick on a wakeboard ||| a person waterskiing in a river with a large wall in the background ||| a wakeboarder soars through the air ||| male performing water sports acrobatics while being pulled by a boat,4,0.4583333333333333,0.3156543697771666,0.0767951235874871,0.0383217566808291,0.4476950354609929,0.3125,0.0222978999097477,0.6594863533973694,0.4761904761904761,0.3086066999241838,0.0794363047598884,0.040850384507442,0.3475303164744158,0.3448275862068965,0.0521855671441148,0.6524048000574112,-0.0178571428571427,0.0070476698529827,-0.0026411811724013,-0.0025286278266129,0.100164718986577,-0.0323275862068965,-0.0298876672343671,0.0070815533399581,-0.08766335664078617,0.032840700914160234,-0.013372146162180538,-0.01502435036072509,0.5684542712596415,-0.201823420529945,-0.04217778889199157,0.09838757847090654
2774554310_007e980a90.jpg,person_replacement,a woman dressed in black and pink has a large tattoo on her back,a man dressed in black and pink has a large tattoo on his back,a woman in pink pants and a black tank top displays the tattoo on her back ||| a woman wearing a black tank top revealing a large fairy tattoo ||| a woman with a tattoo on her back walks away from the camera ||| the woman wearing pink pants has a tattoo of a butterfly on her back,4,0.7857142857142857,0.4258153136263201,0.1147502838816034,0.0608789502480578,0.3695889982809814,0.4666666666666667,1.2949962556264945,0.761793777346611,0.9285714285714286,0.6546536707079772,0.4149132666831217,0.2838702104880644,0.6064964954493147,0.6000000000000001,2.1010737514441704,0.8350032567977905,-0.1428571428571429,-0.2288383570816571,-0.3001629828015182,-0.2229912602400066,-0.2369074971683333,-0.1333333333333334,-0.806077495817676,-0.0732094794511795,-0.7013068531262958,-1.0663399675888519,-1.5197076673270054,-1.324947382910523,-1.3444961461611813,-0.8324094855635081,-1.1375450008386414,-1.0171360799719347
2774554310_007e980a90.jpg,hallucination,a woman dressed in black and pink has a large tattoo on her back,a woman dressed in black and pink has a large tattoo on her back with an umbrella,a woman in pink pants and a black tank top displays the tattoo on her back ||| a woman wearing a black tank top revealing a large fairy tattoo ||| a woman with a tattoo on her back walks away from the camera ||| the woman wearing pink pants has a tattoo of a butterfly on her back,4,0.8235294117647058,0.5557189302262113,0.3453157386450629,0.2328789695413994,0.5951953185154767,0.5454545454545455,1.5804018767391557,0.8478838205337524,0.9285714285714286,0.6546536707079772,0.4149132666831217,0.2838702104880644,0.6064964954493147,0.6000000000000001,2.1010737514441704,0.8350032567977905,-0.1050420168067227,-0.0989347404817658,-0.0695975280380588,-0.0509912409466649,-0.011301176933838,-0.0545454545454545,-0.5206718747050147,0.0128805637359619,-0.515666803769335,-0.4610156675836141,-0.35236822342075025,-0.3029747047975227,-0.06413637819082837,-0.3405311531850711,-0.7347776004429488,0.17895614344535357
3424927725_c4d1fcfac3.jpg,person_replacement,a man in yellow sits on a rock ledge overlooking a forest,a woman in yellow sits on a rock ledge overlooking a forest,a person in a yellow raincoat is sitting on the edge of a rock looking down ||| a person in a yellow raincoat seating on a cliff ||| a person is sitting on the edge of a rock cliff ||| a person sitting on the edge of a rock outcropping looking down,4,0.5833333333333334,0.3256694736394648,0.1019807108406801,0.058590593701517,0.470188075230092,0.5,0.4411701739045954,0.7683266699314117,0.5833333333333334,0.3256694736394648,0.1019807108406801,0.058590593701517,0.470188075230092,0.5,0.4426765485644164,0.81437848508358,0.0,0.0,0.0,0.0,0.0,0.0,-0.001506374659821,-0.0460518151521682,0.0,0.0,0.0,0.0,0.0,0.0,-0.0021258116900176732,-0.6398210052935137
3424927725_c4d1fcfac3.jpg,color_replacement,a man in yellow sits on a rock ledge overlooking a forest,a man in green sits on a rock ledge overlooking a forest,a person in a yellow raincoat is sitting on the edge of a rock looking down ||| a person in a yellow raincoat seating on a cliff ||| a person is sitting on the edge of a rock cliff ||| a person sitting on the edge of a rock outcropping looking down,4,0.5,0.3015113445777636,0.0968729306151464,0.0563756031525929,0.4180283224400871,0.4347826086956521,0.3513043172281362,0.7606516778469086,0.5833333333333334,0.3256694736394648,0.1019807108406801,0.058590593701517,0.470188075230092,0.5,0.4426765485644164,0.81437848508358,-0.0833333333333333,-0.0241581290617012,-0.0051077802255336,-0.0022149905489241,-0.0521597527900049,-0.0652173913043479,-0.0913722313362802,-0.0537268072366714,-0.4090956643236723,-0.11257194331048907,-0.025860393241419408,-0.013160811449784388,-0.29601674682777995,-0.40715681359084666,-0.1289454494280625,-0.7464535263982849
3424927725_c4d1fcfac3.jpg,hallucination,a man in yellow sits on a rock ledge overlooking a forest,a man in yellow sits on a rock ledge overlooking a forest with a suitcase,a person in a yellow raincoat is sitting on the edge of a rock looking down ||| a person in a yellow raincoat seating on a cliff ||| a person is sitting on the edge of a rock cliff ||| a person sitting on the edge of a rock outcropping looking down,4,0.4365699263480883,0.2415468648858778,0.0748805163962406,0.042534670240297,0.4567541302235179,0.4516129032258064,0.3626857821187743,0.7626397907733917,0.5833333333333334,0.3256694736394648,0.1019807108406801,0.058590593701517,0.470188075230092,0.5,0.4426765485644164,0.81437848508358,-0.1467634069852451,-0.084122608753587,-0.0271001944444394,-0.01605592346122,-0.013433945006574,-0.0483870967741936,-0.0799907664456421,-0.0517386943101882,-0.7204832817484121,-0.391994161449868,-0.1372067031679929,-0.09539949568991446,-0.07624025201805333,-0.30208408750288623,-0.11288380702303212,-0.7188316746415987
3160531982_37f5636b8a.jpg,negation,a parachute is making his landing as the sunsets behind him,a parachute is not making his landing as the sunsets behind him,a person is parasailing as the sun sets ||| a person paraglides at sundown ||| a silhouette of a figure parachuting at sunset ||| with the sun rising a person is gliding with a huge parachute attached to them,4,0.324500326279752,0.151573896833314,0.0563497167358116,0.0352748170863923,0.3757440476190476,0.4,0.1761242371799841,0.8660199493169785,0.4545454545454545,0.2132007163556104,0.0796363970529507,0.0501257871573906,0.3802710843373494,0.4210526315789474,0.1909792856878582,0.8732835948467255,-0.1300451282657024,-0.0616268195222964,-0.023286680317139,-0.0148509700709982,-0.0045270367183017,-0.0210526315789473,-0.0148550485078741,-0.007263645529747,-0.6384107776789765,-0.28716838195338135,-0.11789910366112606,-0.08824002298598331,-0.02569181429054569,-0.13143307666792187,-0.0209635999702563,-0.10091747675052616
3160531982_37f5636b8a.jpg,hallucination,a parachute is making his landing as the sunsets behind him,a parachute is making his landing as the sunsets behind him with a suitcase,a person is parasailing as the sun sets ||| a person paraglides at sundown ||| a silhouette of a figure parachuting at sunset ||| with the sun rising a person is gliding with a huge parachute attached to them,4,0.4655313898520114,0.2582303532999144,0.0802793965811989,0.0457456333399325,0.3670058139534884,0.3636363636363636,0.1635647379344354,0.8451582491397858,0.4545454545454545,0.2132007163556104,0.0796363970529507,0.0501257871573906,0.3802710843373494,0.4210526315789474,0.1909792856878582,0.8732835948467255,0.0109859353065569,0.045029636944304,0.0006429995282482,-0.004380153817458,-0.0132652703838609,-0.0574162679425838,-0.0274145477534228,-0.0281253457069396,0.05393158202943339,0.20982890373833998,0.0032554690923117195,-0.02602556410031589,-0.07528299071183214,-0.3584538454579703,-0.03868769678965459,-0.390759558661923
3118534315_cc03e5ddab.jpg,person_replacement,a man is recording something with a red flag behind him,a woman is recording something with a red flag behind her,a man with a video camera is taping while another paints art while onlookers pass by ||| a person holding a camera in front of a pole with writing on it ||| kid posts sign while a woman walks by and a young man hold a video camera ||| the man is shooting video of another writing on a pole,4,0.4545454545454545,0.3015113445777636,0.1003355729847986,0.059609942732681,0.2877419354838709,0.2222222222222222,0.0353587725319713,0.7842858135700226,0.4545454545454545,0.3692744729379982,0.1148555594304482,0.0659692458566296,0.3629032258064515,0.2962962962962963,0.0774418299504408,0.7816334813833237,0.0,-0.0677631283602346,-0.0145199864456496,-0.0063593031239485,-0.0751612903225806,-0.074074074074074,-0.0420830574184695,0.0026523321866989,0.0,-0.3157623268269993,-0.07351384412890462,-0.03778507741577679,-0.4265549481847251,-0.46244971420194836,-0.05938805119205729,0.036850183656357685
3118534315_cc03e5ddab.jpg,color_replacement,a man is recording something with a red flag behind him,a man is recording something with a blue flag behind him,a man with a video camera is taping while another paints art while onlookers pass by ||| a person holding a camera in front of a pole with writing on it ||| kid posts sign while a woman walks by and a young man hold a video camera ||| the man is shooting video of another writing on a pole,4,0.4545454545454545,0.3692744729379982,0.1148555594304482,0.0659692458566296,0.3629032258064515,0.2962962962962963,0.0776144788385416,0.7534074038267136,0.4545454545454545,0.3692744729379982,0.1148555594304482,0.0659692458566296,0.3629032258064515,0.2962962962962963,0.0774418299504408,0.7816334813833237,0.0,0.0,0.0,0.0,0.0,0.0,0.0001726488881007,-0.0282260775566101,0.0,0.0,0.0,0.0,0.0,0.0,0.00024364391833080453,-0.39215907685916007
3118534315_cc03e5ddab.jpg,action_replacement,a man is recording something with a red flag behind him,a man is watching something with a red flag behind him,a man with a video camera is taping while another paints art while onlookers pass by ||| a person holding a camera in front of a pole with writing on it ||| kid posts sign while a woman walks by and a young man hold a video camera ||| the man is shooting video of another writing on a pole,4,0.4545454545454545,0.3692744729379982,0.1148555594304482,0.0659692458566296,0.2877419354838709,0.2962962962962963,0.0774418299504408,0.7077206671237946,0.4545454545454545,0.3692744729379982,0.1148555594304482,0.0659692458566296,0.3629032258064515,0.2962962962962963,0.0774418299504408,0.7816334813833237,0.0,0.0,0.0,0.0,-0.0751612903225806,0.0,0.0,-0.0739128142595291,0.0,0.0,0.0,0.0,-0.4265549481847251,0.0,0.0,-1.0269078638342908
3118534315_cc03e5ddab.jpg,negation,a man is recording something with a red flag behind him,a man is not recording something with a red flag behind him,a man with a video camera is taping while another paints art while onlookers pass by ||| a person holding a camera in front of a pole with writing on it ||| kid posts sign while a woman walks by and a young man hold a video camera ||| the man is shooting video of another writing on a pole,4,0.4166666666666667,0.337099931231621,0.1043532011211616,0.059609942732681,0.3276353276353276,0.2857142857142857,0.0737741082484098,0.7592871785163879,0.4545454545454545,0.3692744729379982,0.1148555594304482,0.0659692458566296,0.3629032258064515,0.2962962962962963,0.0774418299504408,0.7816334813833237,-0.0378787878787877,-0.0321745417063771,-0.0105023583092866,-0.0063593031239485,-0.0352678981711239,-0.0105820105820105,-0.003667721702031,-0.0223463028669357,-0.1859525746925775,-0.14992678761507508,-0.05317282730426545,-0.03778507741577679,-0.2001521848866977,-0.06606424488599218,-0.00517592726289986,-0.3104684129750957
3118534315_cc03e5ddab.jpg,hallucination,a man is recording something with a red flag behind him,a man is recording something with a red flag behind him with an umbrella,a man with a video camera is taping while another paints art while onlookers pass by ||| a person holding a camera in front of a pole with writing on it ||| kid posts sign while a woman walks by and a young man hold a video camera ||| the man is shooting video of another writing on a pole,4,0.3571428571428572,0.2870846258816073,0.0882293084114949,0.0499875078066453,0.3234880450070324,0.2666666666666666,0.0700352104035182,0.7601944357156754,0.4545454545454545,0.3692744729379982,0.1148555594304482,0.0659692458566296,0.3629032258064515,0.2962962962962963,0.0774418299504408,0.7816334813833237,-0.0974025974025972,-0.0821898470563908,-0.0266262510189533,-0.0159817380499842,-0.0394151807994191,-0.0296296296296296,-0.0074066195469225,-0.0214390456676483,-0.4781637634952005,-0.3829878870130622,-0.13480715525949308,-0.09495870816146504,-0.2236888208202668,-0.18497988568077933,-0.01045229904374003,-0.2978634328806138
973827791_467d83986e.jpg,hallucination,a little kid splashes around in the kiddie pool while a lady watches,a little kid splashes around in the kiddie pool while a lady watches with a suitcase,a woman dumping water on a small child who is in a pool ||| a woman is throwing a bucket of water over a baby in the paddling pool ||| a woman is throwing water on a child in a plastic swimming pool in a rural area ||| i child slides into a wading pool full of water while an adult tosses a bucket of water on them,4,0.4375,0.1707825127659933,0.0592815550748344,0.0355798286793877,0.2823767476085357,0.2580645161290323,0.160319754079825,0.8127787709236145,0.4615384615384615,0.196116135138184,0.0704495119733688,0.0432422707546321,0.2513513513513513,0.2857142857142857,0.1603584742433973,0.8262155950069427,-0.0240384615384615,-0.0253336223721906,-0.0111679568985343,-0.0076624420752443,0.0310253962571844,-0.0276497695852533,-3.872016357231445e-05,-0.0134368240833282,-0.11800836470875148,-0.11804950185702635,-0.05654271412375588,-0.04552793936126199,0.1760751609784162,-0.1726194785730767,-5.4642300190580404e-05,-0.18668454792801747
1110208841_5bb6806afe.jpg,hallucination,a black and white border collie catches a frisbee in front of an audience,a black and white border collie catches a frisbee in front of an audience with a helicopter,a brown and white dog catches a frisbee in it mouth in front of a group of people ||| a brown and white dug jumping up to catch a frisbee while an audience watches ||| a dog jumps to catch a frisbee while many people watch ||| an agile dog catches a frisbee while a crowd of onlookers watches closely,4,0.6655575133093234,0.5239724548420557,0.3727062923930216,0.2430000434616019,0.4983240223463687,0.5714285714285715,1.0349885763205076,0.8111672848463058,0.7857142857142857,0.6504436355879909,0.4729186581101111,0.3131422481382734,0.5033557046979866,0.5625000000000001,1.148790267040105,0.7923691719770432,-0.1201567724049622,-0.1264711807459352,-0.1002123657170894,-0.0701422046766715,-0.0050316823516179,0.0089285714285713,-0.1138016907195973,0.0187981128692626,-0.5898673755599558,-0.589329850543462,-0.5073693602050265,-0.4167640041941735,-0.028555776458398057,0.05574170662255552,-0.16059813732145678,0.2611716266533799
3052038928_9f53aa2084.jpg,hallucination,a group of five young adults lounging indoors,a group of five young adults lounging indoors with a television,a man and a woman sit on a couch and look at each other while three other men stand by ||| a small group of people standing while two sit on the couch ||| there are four men and one woman ||| three men are setting up a scene by measuring the lights for a couple sitting on a low couch,4,0.3320366241026409,0.1741214746376982,0.0675036022466866,0.0432864914530547,0.2147525676937441,0.2608695652173913,0.0905255620631354,0.7744349539279938,0.375,0.2314550249431378,0.0962928392777089,0.0650059326034369,0.2203065134099616,0.3,0.0834631089705432,0.7667745649814606,-0.0429633758973591,-0.0573335503054396,-0.0287892370310223,-0.0217194411503822,-0.0055539457162175,-0.0391304347826086,0.0070624530925922,0.0076603889465332,-0.21091356965181332,-0.2671626249817925,-0.14575822722773746,-0.12905042412651088,-0.03151972267951069,-0.24429408815450715,0.00996660774034661,0.10642963237203543
308014594_f1d5e75507.jpg,negation,two japanese girls are wearing traditional dress,two japanese girls are not wearing traditional dress,two japanese ladies with colorful kimonos on them ||| two women dressed as geishas ||| two women dressed in brightly colored traditional asian clothes stand at the top of steps ||| two women in elaborate japanese costumes,4,0.375,0.2314550249431378,0.0962928392777089,0.0650059326034369,0.234375,0.3076923076923077,0.4889794904138633,0.771772563457489,0.4285714285714285,0.2672612419124243,0.1126247880443606,0.0773055175693945,0.2373417721518987,0.3333333333333333,0.5428473759720995,0.7738432288169861,-0.0535714285714284,-0.0358062169692864,-0.0163319487666517,-0.0122995849659575,-0.0029667721518986,-0.0256410256410256,-0.0538678855582362,-0.002070665359497,-0.26299006992236,-0.1668496519964256,-0.08268770363161143,-0.07308045568239406,-0.016837009264978022,-0.16007874722375123,-0.07601892403702548,-0.02876879418459685
308014594_f1d5e75507.jpg,hallucination,two japanese girls are wearing traditional dress,two japanese girls are wearing traditional dress with an umbrella,two japanese ladies with colorful kimonos on them ||| two women dressed as geishas ||| two women dressed in brightly colored traditional asian clothes stand at the top of steps ||| two women in elaborate japanese costumes,4,0.4,0.2108185106778919,0.082207069144349,0.0530771217107244,0.3116531165311653,0.3333333333333332,0.4350354128688988,0.7591807842254639,0.4285714285714285,0.2672612419124243,0.1126247880443606,0.0773055175693945,0.2373417721518987,0.3333333333333333,0.5428473759720995,0.7738432288169861,-0.0285714285714284,-0.0564427312345323,-0.0304177189000116,-0.02422839585867,0.0743113443792665,-1.1102230246251563e-16,-0.1078119631032007,-0.0146624445915222,-0.14026137062525829,-0.26301159020199,-0.15400313590804102,-0.14395788270138538,0.42173133956579156,-6.931201325917411e-16,-0.15214537100336786,-0.20371270942545003
957682378_46c3b07bcd.jpg,object_replacement,a brown dog and a black dog run into each other in the grass,a brown cat and a black dog run into each other in the grass,a brown dog is grabbing the collar of a black dog ||| a dark black dog is playing with a light brown dog in a backyard ||| two dogs are wrestling in a field ||| two dogs are wrestling in the park,4,0.5,0.3922322702763681,0.2340463103883151,0.1039030217423355,0.4977876106194691,0.4,0.3201715887793589,0.6854343414306641,0.5714285714285714,0.4688072309384954,0.3321078320738909,0.1350862565735142,0.5950875925591476,0.4799999999999999,0.5106303489447442,0.7319152355194092,-0.0714285714285714,-0.0765749606621273,-0.0980615216855757,-0.0311832348311787,-0.0972999819396784,-0.0799999999999999,-0.1904587601653853,-0.0464808940887451,-0.35065342656314763,-0.3568236641440021,-0.4964797623758456,-0.1852814560345805,-0.5521963310705069,-0.4994456913381041,-0.26877739623817065,-0.6457824145375092
957682378_46c3b07bcd.jpg,hallucination,a brown dog and a black dog run into each other in the grass,a brown dog and a black dog run into each other in the grass with a television,a brown dog is grabbing the collar of a black dog ||| a dark black dog is playing with a light brown dog in a backyard ||| two dogs are wrestling in a field ||| two dogs are wrestling in the park,4,0.5882352941176471,0.4696682183138622,0.3086789594993042,0.1203921753741131,0.4934904996481351,0.4285714285714285,0.3338290530791254,0.7363408803939819,0.5714285714285714,0.4688072309384954,0.3321078320738909,0.1350862565735142,0.5950875925591476,0.4799999999999999,0.5106303489447442,0.7319152355194092,0.0168067226890756,0.0008609873753667,-0.0234288725745867,-0.014694081199401,-0.1015970929110124,-0.0514285714285714,-0.1768012958656188,0.0044256448745727,0.08250668860309344,0.004012025176423231,-0.11861901476362433,-0.0873078362284989,-0.5765832720058559,-0.3210722301459243,-0.24950383963977923,0.06148770777796093
3265964840_5374ed9c53.jpg,person_replacement,a boy on a snowboard leaps through the air,a girl on a snowboard leaps through the air,a man in a yellow hat is crouching on his snowboard ||| a man in a blue shirt and green cap on a red snowboard ||| a snowboarder flies through the air on a red snowboard in front of a snowy landscape ||| a snowboarder landing on a pile of wood,4,0.7777777777777778,0.5400617248673217,0.3466806371753174,0.1623339577375495,0.3896604938271605,0.3999999999999999,0.5242907618930399,0.8287293463945389,0.7777777777777778,0.5400617248673217,0.3466806371753174,0.1623339577375495,0.3896604938271605,0.3999999999999999,0.5208546299877597,0.8365985751152039,0.0,0.0,0.0,0.0,0.0,0.0,0.0034361319052802,-0.0078692287206649,0.0,0.0,0.0,0.0,0.0,0.0,0.0048491053172358455,-0.10933114827946919
3265964840_5374ed9c53.jpg,hallucination,a boy on a snowboard leaps through the air,a boy on a snowboard leaps through the air with an umbrella,a man in a yellow hat is crouching on his snowboard ||| a man in a blue shirt and green cap on a red snowboard ||| a snowboarder flies through the air on a red snowboard in front of a snowy landscape ||| a snowboarder landing on a pile of wood,4,0.5833333333333334,0.3988620176087328,0.2515060604240896,0.1153056832378949,0.3757440476190476,0.3571428571428571,0.5054903621136698,0.7868093252182007,0.7777777777777778,0.5400617248673217,0.3466806371753174,0.1623339577375495,0.3896604938271605,0.3999999999999999,0.5208546299877597,0.8365985751152039,-0.1944444444444444,-0.1411997072585889,-0.0951745767512278,-0.0470282744996545,-0.0139164462081128,-0.0428571428571428,-0.0153642678740898,-0.0497892498970031,-0.9545565500885688,-0.6579617734624438,-0.4818633286273162,-0.27942794329271187,-0.07897854022649324,-0.26756019178827006,-0.021682215670824016,-0.6917470639680237
2049051050_20359a434a.jpg,person_replacement,a girl in a black jacket and hat is covered in a pink blanket,a boy in a black jacket and hat is covered in a pink blanket,a woman derssed in a black sweater gloves hat and a scarf sits on the beach near a boulder ||| a woman in a black cap and outfit sits in the sand ||| a woman wearing a black hat sits on the sand with a rock behind her ||| the girl sitting by a rock is wearing a black coat black hat black gloves but is covered by a pink blanket,4,0.7980538111748767,0.5345876195672374,0.3539608012932542,0.1391915744350798,0.469220475075276,0.5000000000000001,0.5243050638084968,0.7095330953598022,0.8645582954394498,0.5564164356943271,0.3635319100764518,0.1420049469262367,0.469220475075276,0.5000000000000001,0.5414940548680764,0.8182823657989502,-0.0665044842645731,-0.0218288161270896,-0.0095711087831976,-0.0028133724911569,0.0,0.0,-0.0171889910595796,-0.1087492704391479,-0.326480354048625,-0.10171782116560883,-0.04845796529235672,-0.016716218004682294,0.0,0.0,-0.024257284133022815,-1.510908252093856
2049051050_20359a434a.jpg,color_replacement,a girl in a black jacket and hat is covered in a pink blanket,a girl in a black jacket and hat is covered in a purple blanket,a woman derssed in a black sweater gloves hat and a scarf sits on the beach near a boulder ||| a woman in a black cap and outfit sits in the sand ||| a woman wearing a black hat sits on the sand with a rock behind her ||| the girl sitting by a rock is wearing a black coat black hat black gloves but is covered by a pink blanket,4,0.7980538111748767,0.4140897895345154,0.2369530234231917,0.1030132907696105,0.469220475075276,0.4615384615384615,0.4543331726865127,0.808277428150177,0.8645582954394498,0.5564164356943271,0.3635319100764518,0.1420049469262367,0.469220475075276,0.5000000000000001,0.5414940548680764,0.8182823657989502,-0.0665044842645731,-0.1423266461598116,-0.1265788866532601,-0.0389916561566262,0.0,-0.0384615384615386,-0.0871608821815637,-0.0100049376487731,-0.326480354048625,-0.6632130783867123,-0.6408615172107169,-0.2316767604455211,0.0,-0.24011812083562814,-0.1230023494127541,-0.13900362544201564
2049051050_20359a434a.jpg,hallucination,a girl in a black jacket and hat is covered in a pink blanket,a girl in a black jacket and hat is covered in a pink blanket with an umbrella,a woman derssed in a black sweater gloves hat and a scarf sits on the beach near a boulder ||| a woman in a black cap and outfit sits in the sand ||| a woman wearing a black hat sits on the sand with a rock behind her ||| the girl sitting by a rock is wearing a black coat black hat black gloves but is covered by a pink blanket,4,0.8235294117647058,0.5072996561958923,0.324954551404669,0.1251223692116191,0.4579591836734693,0.4615384615384615,0.546957129763933,0.8023133128881454,0.8645582954394498,0.5564164356943271,0.3635319100764518,0.1420049469262367,0.469220475075276,0.5000000000000001,0.5414940548680764,0.8182823657989502,-0.041028883674744,-0.0491167794984347,-0.0385773586717828,-0.0168825777146175,-0.0112612914018067,-0.0384615384615386,0.0054630748958565,-0.0159690529108047,-0.20141686108053689,-0.22887415259558277,-0.19531491595517197,-0.10031122805302153,-0.06391002003524174,-0.24011812083562814,0.00770954848539064,-0.22186607527228652
3350786891_6d39b234e9.jpg,color_replacement,a group of dark skinned children are sitting beside a red metal container,a group of dark skinned children are sitting beside a blue metal container,a group of kids sitting against a large red dumpster ||| a group of people sitting outside in the dirt on the ground ||| a large group of people sitting near a shipping container ||| two sub saharan african girls in purple dresses sit on the ground,4,0.4615384615384615,0.2773500981126146,0.1912293963810261,0.0914462689237286,0.4962243797195253,0.5217391304347826,0.5869129878419057,0.7204751670360565,0.5384615384615384,0.299572344757639,0.2013122721975551,0.0950391816390425,0.555775708341589,0.5217391304347826,0.6087848821726753,0.7360383123159409,-0.0769230769230769,-0.0222222466450244,-0.010082875816529,-0.0035929127153138,-0.0595513286220636,0.0,-0.0218718943307696,-0.0155631452798843,-0.3776267670680052,-0.10355112695880397,-0.051049011920358815,-0.021348012895470864,-0.3379653779983659,0.0,-0.0308658462541492,-0.2162265966195201
3350786891_6d39b234e9.jpg,action_replacement,a group of dark skinned children are sitting beside a red metal container,a group of dark skinned children are standing beside a red metal container,a group of kids sitting against a large red dumpster ||| a group of people sitting outside in the dirt on the ground ||| a large group of people sitting near a shipping container ||| two sub saharan african girls in purple dresses sit on the ground,4,0.4615384615384615,0.2773500981126146,0.1912293963810261,0.0914462689237286,0.4962243797195253,0.4347826086956522,0.5193433108173058,0.6883953511714935,0.5384615384615384,0.299572344757639,0.2013122721975551,0.0950391816390425,0.555775708341589,0.5217391304347826,0.6087848821726753,0.7360383123159409,-0.0769230769230769,-0.0222222466450244,-0.010082875816529,-0.0035929127153138,-0.0595513286220636,-0.0869565217391303,-0.0894415713553695,-0.0476429611444473,-0.3776267670680052,-0.10355112695880397,-0.051049011920358815,-0.021348012895470864,-0.3379653779983659,-0.5428757514544608,-0.12622088185112454,-0.661927595988904
3350786891_6d39b234e9.jpg,negation,a group of dark skinned children are sitting beside a red metal container,a group of dark skinned children are not sitting beside a red metal container,a group of kids sitting against a large red dumpster ||| a group of people sitting outside in the dirt on the ground ||| a large group of people sitting near a shipping container ||| two sub saharan african girls in purple dresses sit on the ground,4,0.5,0.2773500981126146,0.1857626796598436,0.0873716785171587,0.5504317111459968,0.5,0.5322069535359565,0.7008065283298492,0.5384615384615384,0.299572344757639,0.2013122721975551,0.0950391816390425,0.555775708341589,0.5217391304347826,0.6087848821726753,0.7360383123159409,-0.0384615384615384,-0.0222222466450244,-0.0155495925377114,-0.0076675031218838,-0.0053439971955921,-0.0217391304347825,-0.0765779286367188,-0.0352317839860916,-0.18881338353400237,-0.10355112695880397,-0.0787266796951995,-0.045558010586890185,-0.030328223971166645,-0.13571893786361475,-0.10806757457843859,-0.4894928760957586
3350786891_6d39b234e9.jpg,hallucination,a group of dark skinned children are sitting beside a red metal container,a group of dark skinned children are sitting beside a red metal container with a traffic cone,a group of kids sitting against a large red dumpster ||| a group of people sitting outside in the dirt on the ground ||| a large group of people sitting near a shipping container ||| two sub saharan african girls in purple dresses sit on the ground,4,0.4117647058823529,0.2268713032432575,0.1508305417231562,0.070361478913418,0.4482166698455083,0.4444444444444445,0.3193865411221336,0.6683264672756195,0.5384615384615384,0.299572344757639,0.2013122721975551,0.0950391816390425,0.555775708341589,0.5217391304347826,0.6087848821726753,0.7360383123159409,-0.1266968325791855,-0.0727010415143815,-0.0504817304743989,-0.0246777027256245,-0.1075590384960806,-0.0772946859903381,-0.2893983410505417,-0.0677118450403213,-0.6219734987002439,-0.33877199277592357,-0.2555860557682708,-0.14662752973981352,-0.6104184733336183,-0.48255622351507665,-0.40840196857139577,-0.9407546829766438
2701603045_6cbdc4ce7c.jpg,person_replacement,a boy is wading through water,a girl is wading through water,a boy up to his knees in water ||| a boy wearing white shorts walks through the water ||| a young boy with white swim trunks walks out of the water ||| the boy is wading through the blue ocean,4,0.5971094254781577,0.4136895450425726,0.31297387764458,0.1644975929846581,0.3774928774928775,0.4285714285714285,0.8963368056672192,0.7009242475032806,0.7165313105737893,0.6408850873800026,0.5279447835831834,0.4329820146406897,0.5088141025641026,0.5714285714285715,1.5868410523367489,0.8438418060541153,-0.1194218850956315,-0.22719554233743,-0.2149709059386034,-0.2684844216560316,-0.1313212250712251,-0.142857142857143,-0.6905042466695297,-0.1429175585508346,-0.5862597050157917,-1.058684786685379,-1.0883851531524549,-1.5952541433351821,-0.7452735060215208,-0.8918673059609021,-0.974446821716557,-1.9856254456841833
2701603045_6cbdc4ce7c.jpg,negation,a boy is wading through water,a boy is not wading through water,a boy up to his knees in water ||| a boy wearing white shorts walks through the water ||| a young boy with white swim trunks walks out of the water ||| the boy is wading through the blue ocean,4,0.7430381997858699,0.5675047991270782,0.1774090081828215,0.1048832740572588,0.4746835443037974,0.5333333333333333,0.8864600617303846,0.8179497718811035,0.7165313105737893,0.6408850873800026,0.5279447835831834,0.4329820146406897,0.5088141025641026,0.5714285714285715,1.5868410523367489,0.8438418060541153,0.0265068892120806,-0.0733802882529244,-0.3505357754003619,-0.3280987405834309,-0.0341305582603052,-0.0380952380952381,-0.7003809906063643,-0.0258920341730117,0.1301262414164412,-0.34193714373400447,-1.7747421769878968,-1.9494645987666557,-0.19369755957830354,-0.2378312815895737,-0.9883849861588141,-0.3597310394591556
2701603045_6cbdc4ce7c.jpg,hallucination,a boy is wading through water,a boy is wading through water with a traffic cone,a boy up to his knees in water ||| a boy wearing white shorts walks through the water ||| a young boy with white swim trunks walks out of the water ||| the boy is wading through the blue ocean,4,0.7,0.557773351022717,0.4268597216624981,0.3246679154750989,0.4839939024390244,0.4444444444444445,0.9848263537235724,0.739380419254303,0.7165313105737893,0.6408850873800026,0.5279447835831834,0.4329820146406897,0.5088141025641026,0.5714285714285715,1.5868410523367489,0.8438418060541153,-0.0165313105737893,-0.0831117363572856,-0.1010850619206853,-0.1083140991655908,-0.0248202001250782,-0.126984126984127,-0.6020146986131765,-0.1044613867998123,-0.08115464977590342,-0.3872837027136,-0.511787770161756,-0.6435699859595365,-0.1408594654621908,-0.7927709386319124,-0.8495694451116363,-1.451334530371138
1287931016_fb015e2e10.jpg,object_replacement,a black and a white dog on the snow,a black and a white cat on the snow,a black dog and a white dog are standing on snow ||| two dogs one black and one white face the camera in a field of snow ||| two dogs standing in the snow ||| two dogs stand in the snow,4,0.7117665803704959,0.5968344216828737,0.344112091646952,0.1527072534971618,0.5876795162509448,0.7000000000000001,0.7278837460658549,0.6452010571956635,0.800737402916808,0.6934589326863314,0.479168052629889,0.3480972619949626,0.6944444444444444,0.7999999999999999,1.4495032419346066,0.7608949393033981,-0.088970822546312,-0.0966245110034577,-0.1350559609829369,-0.1953900084978008,-0.1067649281934995,-0.0999999999999998,-0.7216194958687516,-0.1156938821077346,-0.43677093306008496,-0.45025047044429534,-0.6837804499021255,-1.1609489992001956,-0.6059117428408786,-0.6243071141726296,-1.0183569871287785,-1.6073932311220716
1287931016_fb015e2e10.jpg,hallucination,a black and a white dog on the snow,a black and a white dog on the snow with a suitcase,a black dog and a white dog are standing on snow ||| two dogs one black and one white face the camera in a field of snow ||| two dogs standing in the snow ||| two dogs stand in the snow,4,0.75,0.6396021490668313,0.4341268110716201,0.3087818953963447,0.4793074324324324,0.6956521739130435,0.8650072383797116,0.7466909289360046,0.800737402916808,0.6934589326863314,0.479168052629889,0.3480972619949626,0.6944444444444444,0.7999999999999999,1.4495032419346066,0.7608949393033981,-0.0507374029168079,-0.0538567836195,-0.0450412415582688,-0.0393153665986178,-0.215137012012012,-0.1043478260869564,-0.584496003554895,-0.0142040103673934,-0.24907741862771235,-0.2509616029045543,-0.2280411778400099,-0.2336001510863738,-1.2209444065894475,-0.6514509017453533,-0.8248468792440088,-0.19734345242279241
2518508760_68d8df7365.jpg,object_replacement,a dog in a yellow jersey is running a race,a cat in a yellow jersey is running a race,a dog participating in a race while wearing the number ||| a greyhound wearing a muzzle and the number six on a yellow jacket is running on a dog track ||| a muzzled race dog running ||| a race dog is running for first,4,0.8,0.5962847939999439,0.164414138288698,0.0892647227570666,0.5136986301369862,0.4137931034482758,0.4852031885946218,0.7530716061592102,0.9,0.7071067811865476,0.1842015749320193,0.0972065420906982,0.610958904109589,0.5,0.7351137171370661,0.8128683269023895,-0.0999999999999999,-0.1108219871866036,-0.0197874366433213,-0.0079418193336316,-0.0972602739726027,-0.0862068965517242,-0.2499105285424442,-0.0597967207431793,-0.49091479718840636,-0.5164078073787547,-0.10018263712247007,-0.04718791548295647,-0.5519709806305956,-0.5381957880798546,-0.35267635416620213,-0.8307858843942914
2518508760_68d8df7365.jpg,color_replacement,a dog in a yellow jersey is running a race,a dog in a green jersey is running a race,a dog participating in a race while wearing the number ||| a greyhound wearing a muzzle and the number six on a yellow jacket is running on a dog track ||| a muzzled race dog running ||| a race dog is running for first,4,0.8,0.5962847939999439,0.164414138288698,0.0892647227570666,0.610958904109589,0.5,0.7140632220707974,0.7680927217006683,0.9,0.7071067811865476,0.1842015749320193,0.0972065420906982,0.610958904109589,0.5,0.7351137171370661,0.8128683269023895,-0.0999999999999999,-0.1108219871866036,-0.0197874366433213,-0.0079418193336316,0.0,0.0,-0.0210504950662686,-0.0447756052017211,-0.49091479718840636,-0.5164078073787547,-0.10018263712247007,-0.04718791548295647,0.0,0.0,-0.029706679012942664,-0.6220899792576767
2518508760_68d8df7365.jpg,negation,a dog in a yellow jersey is running a race,a dog in a yellow jersey is not running a race,a dog participating in a race while wearing the number ||| a greyhound wearing a muzzle and the number six on a yellow jacket is running on a dog track ||| a muzzled race dog running ||| a race dog is running for first,4,0.8181818181818182,0.5720775535473553,0.1537761919657259,0.0821096743668638,0.5027027027027028,0.4761904761904761,0.541583893946218,0.7965017855167389,0.9,0.7071067811865476,0.1842015749320193,0.0972065420906982,0.610958904109589,0.5,0.7351137171370661,0.8128683269023895,-0.0818181818181817,-0.1350292276391922,-0.0304253829662934,-0.0150968677238344,-0.1082562014068861,-0.0238095238095238,-0.1935298231908481,-0.0163665413856506,-0.40165756133596875,-0.6292085997320134,-0.1540419386284253,-0.08970107330355406,-0.614375008513079,-0.1486445509934835,-0.2731113125303404,-0.2273885823597518
2518508760_68d8df7365.jpg,hallucination,a dog in a yellow jersey is running a race,a dog in a yellow jersey is running a race with a television,a dog participating in a race while wearing the number ||| a greyhound wearing a muzzle and the number six on a yellow jacket is running on a dog track ||| a muzzled race dog running ||| a race dog is running for first,4,0.7692307692307693,0.5661385170722979,0.1428293874371987,0.0734705312597788,0.4894736842105263,0.4347826086956522,0.4664393449003596,0.803559273481369,0.9,0.7071067811865476,0.1842015749320193,0.0972065420906982,0.610958904109589,0.5,0.7351137171370661,0.8128683269023895,-0.1307692307692307,-0.1409682641142496,-0.0413721874948206,-0.0237360108309194,-0.1214852198990626,-0.0652173913043477,-0.2686743722367065,-0.0093090534210205,-0.6419655040156087,-0.6568832957186738,-0.20946497120714014,-0.14103227811401134,-0.6894522626853617,-0.40715681359084543,-0.37915608682425617,-0.12933535623921946
3455757720_7aeba57056.jpg,object_replacement,a brown dog running along the dirt shore of a stream,a brown cat running along the dirt shore of a stream,a small dog running on a beach ||| a small furry brown dog is running on the shore of the ocean ||| a woman sitting on the sand at the beach with a furry animal in the foreground walking towards her ||| dog running away from woman on the seashore,4,0.5305700387751149,0.210324586787188,0.0742776774237933,0.0454601203920704,0.4472257653061224,0.4999999999999999,0.3045100164571813,0.6681451946496964,0.6063657586001313,0.38944545984787,0.1120029296533713,0.0618598527606863,0.6027027027027028,0.5833333333333334,0.5186002801718175,0.7189469039440155,-0.0757957198250164,-0.179120873060682,-0.0377252522295779,-0.0163997323686159,-0.1554769373965803,-0.0833333333333334,-0.2140902637146362,-0.0508017092943191,-0.3720924042564724,-0.8346666547070956,-0.19100075075894654,-0.09744230540176252,-0.8823618739178802,-0.5202559284771928,-0.30212642144260493,-0.7058136710554772
3455757720_7aeba57056.jpg,hallucination,a brown dog running along the dirt shore of a stream,a brown dog running along the dirt shore of a stream with an umbrella,a small dog running on a beach ||| a small furry brown dog is running on the shore of the ocean ||| a woman sitting on the sand at the beach with a furry animal in the foreground walking towards her ||| dog running away from woman on the seashore,4,0.6428571428571429,0.3851644432598217,0.1073256951376911,0.0579001396544736,0.5792207792207792,0.5185185185185186,0.3862655134572548,0.6977269053459167,0.6063657586001313,0.38944545984787,0.1120029296533713,0.0618598527606863,0.6027027027027028,0.5833333333333334,0.5186002801718175,0.7189469039440155,0.0364913842570115,-0.0042810165880483,-0.0046772345156802,-0.0039597131062127,-0.0234819234819235,-0.0648148148148147,-0.1323347667145626,-0.0212199985980987,0.17914160501655024,-0.01994866222587768,-0.023680565434898656,-0.023527431126701002,-0.13326448509759506,-0.4046434999267045,-0.18675220818638008,-0.2948201018895828
3652572138_34d6b72999.jpg,person_replacement,a boy jumps,a girl jumps,a boy raises his arms amongst a crowd of people who are not in focus ||| a boy surrounded by people who seem to swirl around him ||| a boy with a red shirt waves his arms in the air as he looks at another person ||| the boy in the purple shirt and green jacket stands in the crowd whilst raising his hands in the air,4,0.0231611504076005,0.0089702749807641,0.0082381740809081,0.0078948442928346,0.0490196078431372,0.1428571428571428,4.035273692230515e-06,0.5323388427495956,0.046322300815201,0.0401162892677087,0.0223618448537926,0.0166955629691623,0.1838235294117647,0.2857142857142857,0.0760157442535696,0.6816288083791733,-0.0231611504076005,-0.0311460142869446,-0.0141236707728845,-0.0088007186763277,-0.1348039215686275,-0.1428571428571429,-0.0760117089798773,-0.1492899656295776,-0.11370151454997388,-0.14513406007984578,-0.07150732100282935,-0.05229123852379643,-0.7650384863407357,-0.8918673059609016,-0.10726851947100968,-2.074160498858279
3652572138_34d6b72999.jpg,hallucination,a boy jumps,a boy jumps with a suitcase,a boy raises his arms amongst a crowd of people who are not in focus ||| a boy surrounded by people who seem to swirl around him ||| a boy with a red shirt waves his arms in the air as he looks at another person ||| the boy in the purple shirt and green jacket stands in the crowd whilst raising his hands in the air,4,0.2897321390047188,0.2244255498452656,0.081794514458462,0.053062145153021,0.2232142857142857,0.3333333333333333,0.0914443115579703,0.7550692558288574,0.046322300815201,0.0401162892677087,0.0223618448537926,0.0166955629691623,0.1838235294117647,0.2857142857142857,0.0760157442535696,0.6816288083791733,0.2434098381895177,0.1843092605775569,0.0594326696046694,0.0363665821838587,0.039390756302521,0.0476190476190476,0.0154285673044006,0.0734404474496841,1.1949349134847003,0.8588434799873459,0.3009041382949367,0.2160793559265218,0.22355020704761744,0.297289101986967,0.021772955700022606,1.0203450344182587
1075881101_d55c46bece.jpg,person_replacement,a boy cleans the bubbles off his face,a girl cleans the bubbles off her face,a boy covered in suds has his face wiped clean ||| a boy is covered in bubbles ||| a child covered in foam is climbing on a black inflatable ramp ||| a person covered in soapy water is getting cleaned off,4,0.5,0.0845154254728516,0.0491934073403098,0.0392814650900513,0.1612903225806451,0.3333333333333332,0.3828874040186164,0.7513117045164108,0.75,0.4629100498862757,0.1528553543664399,0.0919322715224918,0.4551020408163265,0.4444444444444445,0.6374499975973265,0.7479216903448105,-0.25,-0.3783946244134241,-0.1036619470261301,-0.0526508064324404,-0.2938117182356814,-0.1111111111111112,-0.2545625935787101,0.0033900141716003,-1.2272869929710173,-1.7632416028438154,-0.52483438908863,-0.3128353466216922,-1.667438673686984,-0.6936745713029238,-0.35924139704736135,0.04709917009927983
1075881101_d55c46bece.jpg,hallucination,a boy cleans the bubbles off his face,a boy cleans the bubbles off his face with a helicopter,a boy covered in suds has his face wiped clean ||| a boy is covered in bubbles ||| a child covered in foam is climbing on a black inflatable ramp ||| a person covered in soapy water is getting cleaned off,4,0.6363636363636364,0.3567530340063378,0.1122442959954951,0.0648411507139764,0.3683168316831683,0.380952380952381,0.4804459465057882,0.6878669559955597,0.75,0.4629100498862757,0.1528553543664399,0.0919322715224918,0.4551020408163265,0.4444444444444445,0.6374499975973265,0.7479216903448105,-0.1136363636363636,-0.1061570158799379,-0.0406110583709448,-0.0270911208085153,-0.0867852091331581,-0.0634920634920634,-0.1570040510915382,-0.0600547343492507,-0.5578577240777349,-0.49466999464757083,-0.20561141886506204,-0.16096733825676365,-0.492522949328257,-0.3963854693159556,-0.2215657605593181,-0.8343705970548136
3695949492_27ca3892fd.jpg,hallucination,two dogs holding opposite ends of a toy with their mouths swimming,two dogs holding opposite ends of a toy with their mouths swimming with an umbrella,two grey dogs are carrying a stick in the water ||| two grey dogs swimming in a lake to retrieve a white toy ||| two identical brown dogs side by side holding something white in both their mouths ||| two similar brown dogs share holding a white toy while swimming,4,0.5333333333333333,0.1951800145897066,0.0664215664147782,0.0395308837466984,0.2638297872340425,0.4615384615384615,0.5334071931922714,0.8078330755233765,0.6666666666666666,0.2461829819586654,0.0846262997471468,0.0509411079633964,0.2702702702702703,0.5217391304347826,0.6593501890609685,0.8367443829774857,-0.1333333333333333,-0.0510029673689587,-0.0182047333323686,-0.0114102242166979,-0.0064404830362277,-0.060200668896321,-0.1259429958686971,-0.0289113074541091,-0.6545530629178757,-0.23766340252016313,-0.09216950261031365,-0.06779614007322364,-0.03655099448149527,-0.3758370586992423,-0.17773207425391624,-0.40167932009878704
3496028495_431cfdc042.jpg,object_replacement,a brown dog swimming in the water with a tennis ball in his mouth,a brown cat swimming in the water with a tennis ball in his mouth,a brown dog swims back to shore after retrieving a yellow tennis ball ||| a brown labradoodle retrieves a tennis ball in a lake ||| the brown dog is swimming ||| there is a brown dog swimming outside with a tennis ball in its mouth,4,0.7142857142857143,0.5241424183609592,0.4095241727201729,0.3342866121562731,0.6146384479717814,0.6428571428571429,1.5530100621771714,0.9051521122455596,0.7857142857142857,0.6504436355879909,0.5607070695334264,0.4682568791024402,0.7046428571428572,0.7142857142857143,2.098297433199222,0.9525580704212188,-0.0714285714285714,-0.1263012172270317,-0.1511828968132535,-0.1339702669461671,-0.0900044091710758,-0.0714285714285714,-0.5452873710220505,-0.0474059581756591,-0.35065342656314763,-0.5885378552872901,-0.7654301849996366,-0.796011262446341,-0.5107925359662303,-0.44593365298045046,-0.7695152465425981,-0.6586347946683362
3496028495_431cfdc042.jpg,hallucination,a brown dog swimming in the water with a tennis ball in his mouth,a brown dog swimming in the water with a tennis ball in his mouth with a helicopter,a brown dog swims back to shore after retrieving a yellow tennis ball ||| a brown labradoodle retrieves a tennis ball in a lake ||| the brown dog is swimming ||| there is a brown dog swimming outside with a tennis ball in its mouth,4,0.7058823529411765,0.5557189302262113,0.4686655621328207,0.3853856918030314,0.6555944055944056,0.6451612903225806,1.3564082276148646,0.9185362607240676,0.7857142857142857,0.6504436355879909,0.5607070695334264,0.4682568791024402,0.7046428571428572,0.7142857142857143,2.098297433199222,0.9525580704212188,-0.0798319327731091,-0.0947247053617795,-0.0920415074006057,-0.0828711872994087,-0.0490484515484516,-0.0691244239631336,-0.7418892055843573,-0.0340218096971511,-0.3919067708646939,-0.441397764489719,-0.46600078132062156,-0.4923958123419774,-0.27835950685515637,-0.43154869643269395,-1.0469618136809058,-0.47268209538339906
3134644844_493eec6cdc.jpg,person_replacement,a man is playing a guitar for a little girl in a hospital,a woman is playing a guitar for a little girl in a hospital,a man is playing the guitar for a child in a hospital bed ||| a man plays a guitar for a sick child in a hospital ||| a man plays guitar for a girl in the hospital ||| a man with a guitar playing to an ill little girl in a hospital bed,4,0.9230769230769232,0.7844645405527361,0.6539953362181172,0.5382218220688944,0.7300275482093663,0.7199999999999999,3.129505150012072,0.6975133717060089,1.0,0.9128709291752768,0.8094214383448018,0.6786502681586727,0.815289256198347,0.8,3.533807698039093,0.7575434446334839,-0.0769230769230767,-0.1284063886225407,-0.1554261021266846,-0.1404284460897783,-0.0852617079889807,-0.0800000000000001,-0.404302548027021,-0.0600300729274749,-0.37762676706800424,-0.5983475236762963,-0.7869132859092778,-0.8343838316021247,-0.4838767838775992,-0.49944569133810535,-0.5705559883766914,-0.8340279635316741
3134644844_493eec6cdc.jpg,action_replacement,a man is playing a guitar for a little girl in a hospital,a man is holding a guitar for a little girl in a hospital,a man is playing the guitar for a child in a hospital bed ||| a man plays a guitar for a sick child in a hospital ||| a man plays guitar for a girl in the hospital ||| a man with a guitar playing to an ill little girl in a hospital bed,4,0.9230769230769232,0.8320502943378437,0.7228018255774361,0.5801559414528517,0.7300275482093663,0.7199999999999999,3.290134725882599,0.7429727911949158,1.0,0.9128709291752768,0.8094214383448018,0.6786502681586727,0.815289256198347,0.8,3.533807698039093,0.7575434446334839,-0.0769230769230767,-0.080820634837433,-0.0866196127673657,-0.098494326705821,-0.0852617079889807,-0.0800000000000001,-0.243672972156494,-0.0145706534385681,-0.37762676706800424,-0.3766076379507744,-0.4385500451616514,-0.5852238346021005,-0.4838767838775992,-0.49944569133810535,-0.3438738492940258,-0.20243740881968492
3134644844_493eec6cdc.jpg,negation,a man is playing a guitar for a little girl in a hospital,a man is not playing a guitar for a little girl in a hospital,a man is playing the guitar for a child in a hospital bed ||| a man plays a guitar for a sick child in a hospital ||| a man plays guitar for a girl in the hospital ||| a man with a guitar playing to an ill little girl in a hospital bed,4,0.9285714285714286,0.8017837257372732,0.6850067105944413,0.54413074047686,0.8086065573770491,0.7692307692307692,2.7859382009929123,0.7381044328212738,1.0,0.9128709291752768,0.8094214383448018,0.6786502681586727,0.815289256198347,0.8,3.533807698039093,0.7575434446334839,-0.0714285714285714,-0.1110872034380036,-0.1244147277503605,-0.1345195276818126,-0.0066826988212979,-0.0307692307692308,-0.7478694970461808,-0.01943901181221,-0.35065342656314763,-0.517643660897931,-0.6299045069646358,-0.799274805481372,-0.03792561619443707,-0.192094496668502,-1.055401263598875,-0.270075957668633
3134644844_493eec6cdc.jpg,hallucination,a man is playing a guitar for a little girl in a hospital,a man is playing a guitar for a little girl in a hospital with a suitcase,a man is playing the guitar for a child in a hospital bed ||| a man plays a guitar for a sick child in a hospital ||| a man plays guitar for a girl in the hospital ||| a man with a guitar playing to an ill little girl in a hospital bed,4,0.875,0.801040989379861,0.6845836056624629,0.560530218497532,0.6493128348474261,0.7142857142857143,2.4313525216960934,0.7397668063640594,1.0,0.9128709291752768,0.8094214383448018,0.6786502681586727,0.815289256198347,0.8,3.533807698039093,0.7575434446334839,-0.125,-0.1118299397954157,-0.1248378326823389,-0.1181200496611406,-0.1659764213509209,-0.0857142857142857,-1.1024551763429995,-0.0177766382694244,-0.6136434964855086,-0.5211046605021507,-0.632046662546947,-0.7018340113390295,-0.9419484884489588,-0.5351203835765407,-1.555796286342822,-0.2469797668278612
3242808166_8638150274.jpg,object_replacement,a bike rider in red rides through the trees down a snowy hill,a motorcycle rider in red rides through the trees down a snowy hill,a person is riding a bike in a wooded area at night ||| bike rider riding downhill in forest ||| cyclist in snowy forest at night ||| the rider is biking in the snow and wearing a red jacket,4,0.5384615384615384,0.0669864127057083,0.0344239143228651,0.0252723244879964,0.2238805970149254,0.32,0.2464171194295421,0.7984696328639984,0.6153846153846154,0.3202563076101743,0.0976939267984706,0.0552587014212449,0.4710820895522387,0.32,0.5086931001137056,0.8767881989479065,-0.0769230769230769,-0.253269894904466,-0.0632700124756054,-0.0299863769332485,-0.2472014925373132,0.0,-0.2622759806841635,-0.078318566083908,-0.3776267670680052,-1.18018593983914,-0.32033238134041647,-0.17817008432489273,-1.4029165729844,0.0,-0.37012660968121763,-1.0881191874712293
3242808166_8638150274.jpg,color_replacement,a bike rider in red rides through the trees down a snowy hill,a bike rider in blue rides through the trees down a snowy hill,a person is riding a bike in a wooded area at night ||| bike rider riding downhill in forest ||| cyclist in snowy forest at night ||| the rider is biking in the snow and wearing a red jacket,4,0.5384615384615384,0.299572344757639,0.0934408794701388,0.0534444593479054,0.4710820895522387,0.32,0.4769669778329465,0.8487376570701599,0.6153846153846154,0.3202563076101743,0.0976939267984706,0.0552587014212449,0.4710820895522387,0.32,0.5086931001137056,0.8767881989479065,-0.0769230769230769,-0.0206839628525353,-0.0042530473283318,-0.0018142420733395,0.0,0.0,-0.0317261222807591,-0.0280505418777465,-0.3776267670680052,-0.09638303892345788,-0.021532930456799087,-0.010779683851511204,0.0,0.0,-0.04477223590005297,-0.3897202714799523
3242808166_8638150274.jpg,hallucination,a bike rider in red rides through the trees down a snowy hill,a bike rider in red rides through the trees down a snowy hill with a traffic cone,a person is riding a bike in a wooded area at night ||| bike rider riding downhill in forest ||| cyclist in snowy forest at night ||| the rider is biking in the snow and wearing a red jacket,4,0.5294117647058824,0.2572478777137633,0.076126777700895,0.0421328732255683,0.4445422535211268,0.2758620689655172,0.2438306818138888,0.8080185949802399,0.6153846153846154,0.3202563076101743,0.0976939267984706,0.0552587014212449,0.4710820895522387,0.32,0.5086931001137056,0.8767881989479065,-0.085972850678733,-0.063008429896411,-0.0215671490975755,-0.0131258281956765,-0.0265398360311118,-0.0441379310344828,-0.2648624182998168,-0.0687696039676666,-0.422053445546594,-0.2936064038844166,-0.10919321743162133,-0.07798974586571993,-0.15061873385216396,-0.2755562434968856,-0.37377661752157165,-0.9554506591942152
2206960564_325ed0c7ae.jpg,hallucination,a beige puppy walks across the floor,a beige puppy walks across the floor with a suitcase,a small puppy rungs towards the camera ||| a white puppy is running on a tiled floor ||| puppy running on the floor ||| the white dog ran across the tile floor,4,0.6,0.3651483716701106,0.1185631101496687,0.0698534205658009,0.4646464646464646,0.4,1.104509639718256,0.767848938703537,0.7142857142857143,0.4879500364742665,0.1682390865739974,0.1044552273072038,0.4914529914529914,0.5,1.4810454707175893,0.7971023768186569,-0.1142857142857143,-0.1228016648041558,-0.0496759764243286,-0.0346018067414028,-0.0268065268065267,-0.0999999999999999,-0.3765358309993332,-0.0292534381151199,-0.5610454825010365,-0.5722306563335179,-0.2515065700287473,-0.20559358800274732,-0.15213225589789006,-0.6243071141726302,-0.5313713066203709,-0.4064327132657306
2886411666_72d8b12ce4.jpg,object_replacement,a black brown and white dog is running beside a green fence in a grassy garden,a black brown and white cat is running beside a green fence in a grassy garden,a dog is galloping through the grass ||| a dog runs through a lush green lawn ||| a tricolored dog is running on the green grass ||| dog running through grass in fenced in area,4,0.375,0.1581138830084189,0.0563123940221803,0.0342347495586902,0.3253865979381443,0.3333333333333333,0.0827377406982107,0.7477188855409622,0.4375,0.241522945769824,0.1609148974342716,0.0752421768074461,0.4597938144329897,0.4166666666666667,0.1543893792529918,0.8579668402671814,-0.0625,-0.0834090627614051,-0.1046025034120912,-0.0410074272487559,-0.1344072164948454,-0.0833333333333333,-0.071651638554781,-0.1102479547262191,-0.3068217482427543,-0.3886691829808743,-0.5295963711890131,-0.24365386945952167,-0.7627871078523477,-0.5202559284771922,-0.10111554244199392,-1.5317302258641197
2886411666_72d8b12ce4.jpg,color_replacement,a black brown and white dog is running beside a green fence in a grassy garden,a black brown and white dog is running beside a yellow fence in a grassy garden,a dog is galloping through the grass ||| a dog runs through a lush green lawn ||| a tricolored dog is running on the green grass ||| dog running through grass in fenced in area,4,0.375,0.223606797749979,0.1528553543664399,0.072397680788887,0.3865979381443298,0.3333333333333333,0.1112766292539471,0.8396290242671967,0.4375,0.241522945769824,0.1609148974342716,0.0752421768074461,0.4597938144329897,0.4166666666666667,0.1543893792529918,0.8579668402671814,-0.0625,-0.017916148019845,-0.0080595430678316,-0.0028444960185591,-0.0731958762886599,-0.0833333333333333,-0.0431127499990446,-0.0183378159999847,-0.3068217482427543,-0.08348558756686669,-0.04080499627575645,-0.01690114469702936,-0.4154008410931294,-0.5202559284771922,-0.060841164141508475,-0.2547764909858344
2886411666_72d8b12ce4.jpg,action_replacement,a black brown and white dog is running beside a green fence in a grassy garden,a black brown and white dog is standing beside a green fence in a grassy garden,a dog is galloping through the grass ||| a dog runs through a lush green lawn ||| a tricolored dog is running on the green grass ||| dog running through grass in fenced in area,4,0.375,0.1581138830084189,0.0563123940221803,0.0342347495586902,0.3253865979381443,0.3333333333333333,0.0943542573678881,0.7494634389877319,0.4375,0.241522945769824,0.1609148974342716,0.0752421768074461,0.4597938144329897,0.4166666666666667,0.1543893792529918,0.8579668402671814,-0.0625,-0.0834090627614051,-0.1046025034120912,-0.0410074272487559,-0.1344072164948454,-0.0833333333333333,-0.0600351218851036,-0.1085034012794494,-0.3068217482427543,-0.3886691829808743,-0.5295963711890131,-0.24365386945952167,-0.7627871078523477,-0.5202559284771922,-0.08472219250565086,-1.5074922683284133
2886411666_72d8b12ce4.jpg,negation,a black brown and white dog is running beside a green fence in a grassy garden,a black brown and white dog is not running beside a green fence in a grassy garden,a dog is galloping through the grass ||| a dog runs through a lush green lawn ||| a tricolored dog is running on the green grass ||| dog running through grass in fenced in area,4,0.4117647058823529,0.160422236979937,0.05556644666651,0.0332718891397095,0.3795918367346939,0.4,0.0949617974076701,0.8037522435188293,0.4375,0.241522945769824,0.1609148974342716,0.0752421768074461,0.4597938144329897,0.4166666666666667,0.1543893792529918,0.8579668402671814,-0.025735294117647,-0.081100708789887,-0.1053484507677615,-0.0419702876677366,-0.0802019776982958,-0.0166666666666666,-0.0594275818453216,-0.054214596748352,-0.12633836692348677,-0.3779127253198281,-0.5333730591245275,-0.24937489812613184,-0.4551618299071592,-0.10405118569543807,-0.08386482564123755,-0.7532306311596033
2886411666_72d8b12ce4.jpg,hallucination,a black brown and white dog is running beside a green fence in a grassy garden,a black brown and white dog is running beside a green fence in a grassy garden with a helicopter,a dog is galloping through the grass ||| a dog runs through a lush green lawn ||| a tricolored dog is running on the green grass ||| dog running through grass in fenced in area,4,0.3684210526315789,0.2023256595556279,0.1340348304822999,0.0622849695401344,0.446,0.3703703703703703,0.0651946084779097,0.8222348988056183,0.4375,0.241522945769824,0.1609148974342716,0.0752421768074461,0.4597938144329897,0.4166666666666667,0.1543893792529918,0.8579668402671814,-0.069078947368421,-0.0391972862141961,-0.0268800669519717,-0.0129572072673117,-0.0137938144329897,-0.0462962962962963,-0.089194770775082,-0.0357319414615631,-0.3391187743735703,-0.18265134151571472,-0.13609221051813195,-0.0769878507353887,-0.07828258103980376,-0.28903107137621803,-0.12587259428849343,-0.4964418151919448
3225998968_ef786d86e0.jpg,person_replacement,a man on skis on a snowcovered hill with mountains in the background,a woman on skis on a snowcovered hill with mountains in the background,a man with red pants is skiing downhill ||| a person in red pants skis down a mountain ||| a skier in red pants is on a snow covered slope ||| this person is skiing,4,0.4615384615384615,0.196116135138184,0.0704495119733688,0.0432422707546321,0.2818080357142857,0.3636363636363637,0.1200141795222585,0.7588867843151093,0.5384615384615384,0.299572344757639,0.0934408794701388,0.0534444593479054,0.2818080357142857,0.3636363636363637,0.1415271965429601,0.7252153754234314,-0.0769230769230769,-0.103456209619455,-0.02299136749677,-0.0102021885932733,0.0,0.0,-0.0215130170207015,0.0336714088916778,-0.3776267670680052,-0.4820847895403718,-0.11640395208318652,-0.0606183536613419,0.0,0.0,-0.030359394837132188,0.4678138009443464
3225998968_ef786d86e0.jpg,hallucination,a man on skis on a snowcovered hill with mountains in the background,a man on skis on a snowcovered hill with mountains in the background with an umbrella,a man with red pants is skiing downhill ||| a person in red pants skis down a mountain ||| a skier in red pants is on a snow covered slope ||| this person is skiing,4,0.4375,0.241522945769824,0.0746900791092861,0.0423117854161057,0.2744565217391305,0.32,0.0757767529167014,0.6657430529594421,0.5384615384615384,0.299572344757639,0.0934408794701388,0.0534444593479054,0.2818080357142857,0.3636363636363637,0.1415271965429601,0.7252153754234314,-0.1009615384615384,-0.058049398987815,-0.0187508003608526,-0.0111326739317996,-0.0073515139751552,-0.0436363636363636,-0.0657504436262586,-0.0594723224639892,-0.49563513177675667,-0.2704983335163994,-0.0949342081123587,-0.06614701928164521,-0.041721272337038595,-0.2724249225480569,-0.0927877143798725,-0.8262788561170982
136639119_6040b00946.jpg,negation,a climber is attempting to climb around an overhang above the woods,a climber is not attempting to climb around an overhang above the woods,a man climbs up a cliff and reaches an overhang ||| a man is rock climbing under a large cliff ||| a person is rock climbing ||| climber on rock formation using ropes,4,0.3846153846153846,0.1790287185098582,0.0662955289840255,0.0413155159110629,0.3064320388349515,0.3478260869565217,0.2155819912084933,0.8572451770305634,0.4166666666666667,0.1946247360403807,0.0723544685119367,0.0452937617079388,0.309436274509804,0.3636363636363636,0.2504201616121346,0.8861374855041504,-0.0320512820512821,-0.0155960175305225,-0.0060589395279112,-0.0039782457968758,-0.0030042356748524,-0.0158102766798419,-0.0348381704036412,-0.028892308473587,-0.15734448627833578,-0.07267425374006754,-0.030676057288936107,-0.02363754683242837,-0.01704962204775212,-0.0987046820826294,-0.0491639907907695,-0.4014153577169127
136639119_6040b00946.jpg,hallucination,a climber is attempting to climb around an overhang above the woods,a climber is attempting to climb around an overhang above the woods with a television,a man climbs up a cliff and reaches an overhang ||| a man is rock climbing under a large cliff ||| a person is rock climbing ||| climber on rock formation using ropes,4,0.4,0.1690308509457033,0.0603479980702305,0.0367876324992777,0.3542857142857143,0.3333333333333333,0.1593950422778167,0.8804778009653091,0.4166666666666667,0.1946247360403807,0.0723544685119367,0.0452937617079388,0.309436274509804,0.3636363636363636,0.2504201616121346,0.8861374855041504,-0.0166666666666666,-0.0255938850946773,-0.0120064704417062,-0.008506129208661,0.0448494397759103,-0.0303030303030302,-0.0910251193343179,-0.0056596845388412,-0.08181913286473416,-0.11926227294400817,-0.06078805926532683,-0.05054087600376806,0.25452929796203805,-0.1891839739917057,-0.12845560133701417,-0.07863284084069466
61209225_8512e1dad5.jpg,hallucination,a civil war reenactment with cannon teams firing cannons,a civil war reenactment with cannon teams firing cannons with a suitcase,a group of men firing an old fashion cannon ||| a recreation of some battle ||| sveral men participating in a civil war reenactment ||| war reenactors fire a cannon,4,0.5,0.3692744729379982,0.3010067189543958,0.23462350320528,0.4464285714285714,0.4,0.8731765291399092,0.8824754506349564,0.6666666666666666,0.5,0.4149132666831217,0.3303164318013807,0.4899691358024691,0.4705882352941176,1.2290843804756,0.9010447561740876,-0.1666666666666666,-0.1307255270620018,-0.1139065477287258,-0.0956929285961007,-0.0435405643738976,-0.0705882352941175,-0.3559078513356908,-0.0185693055391312,-0.8181913286473446,-0.6091542347535244,-0.5767022046704505,-0.568578764790981,-0.24710117536209836,-0.44068737471009145,-0.5022608857668838,-0.25799269145832915
1057089366_ca83da0877.jpg,person_replacement,a boy descends off the end of a high diving board,a girl descends off the end of a high diving board,a child jumps off a high diving board into the pool ||| a kid jumps off the diving board and into the swimming pool below ||| a little kid is jumping off a high dive at the pool ||| the boy is jumping off a high diving board into the pool,4,0.6363636363636364,0.504524979109513,0.3838700926079122,0.2899784414715207,0.5769944341372912,0.5454545454545454,2.004339782083892,0.8196161687374115,0.7272727272727273,0.5393598899705937,0.4013422919391943,0.2998221389342337,0.5769944341372912,0.5454545454545454,2.020383249600309,0.8487176150083542,-0.0909090909090909,-0.0348349108610807,-0.017472199331282,-0.009843697462713,0.0,0.0,-0.0160434675164169,-0.0291014462709426,-0.44628617926218805,-0.1623235640750142,-0.08846072570638357,-0.05848830657016318,0.0,0.0,-0.02264070931654582,-0.4043210142107292
1057089366_ca83da0877.jpg,hallucination,a boy descends off the end of a high diving board,a boy descends off the end of a high diving board with an umbrella,a child jumps off a high diving board into the pool ||| a kid jumps off the diving board and into the swimming pool below ||| a little kid is jumping off a high dive at the pool ||| the boy is jumping off a high diving board into the pool,4,0.5714285714285714,0.4193139346887672,0.3083016009819039,0.2271870978054231,0.5616759978327613,0.4799999999999999,1.6680982008706065,0.8474352955818176,0.7272727272727273,0.5393598899705937,0.4013422919391943,0.2998221389342337,0.5769944341372912,0.5454545454545454,2.020383249600309,0.8487176150083542,-0.1558441558441559,-0.1200459552818264,-0.0930406909572904,-0.0726350411288106,-0.0153184363045298,-0.0654545454545454,-0.3522850487297027,-0.0012823194265365,-0.7650620215923227,-0.5593896132487851,-0.47105958936546594,-0.43157569291116965,-0.0869351068363268,-0.40863738382208536,-0.4971483488025729,-0.017815908056674223
3066491113_86569e15be.jpg,object_replacement,a black dog is following a brown dog that is carrying a brown plate through a grassy field,a black cat is following a brown dog that is carrying a brown plate through a grassy field,a black dog following a tan dog fetching a large shallow bowl ||| a brown dog carrying a frisbee like object in its mouth ||| a dog runs with a large plate in its mouth ||| two dogs one carrying a large dish in its mouth,4,0.5,0.3834824944236852,0.2094709013842742,0.0884748757476627,0.317948717948718,0.4,0.3277729100586815,0.7189059257507324,0.5555555555555556,0.4428074427700477,0.290478022246353,0.1130608235160298,0.3806284418529316,0.4666666666666666,0.4083259699125546,0.7281091809272766,-0.0555555555555555,-0.0593249483463624,-0.0810071208620787,-0.024585947768367,-0.0626797239042136,-0.0666666666666666,-0.0805530598538731,-0.0092032551765441,-0.27273044288244797,-0.2764421327946212,-0.41013432613571343,-0.14608234922306793,-0.355719629977698,-0.4162047427817535,-0.1136773213673184,-0.12786544807348255
3066491113_86569e15be.jpg,negation,a black dog is following a brown dog that is carrying a brown plate through a grassy field,a black dog is not following a brown dog that is carrying a brown plate through a grassy field,a black dog following a tan dog fetching a large shallow bowl ||| a brown dog carrying a frisbee like object in its mouth ||| a dog runs with a large plate in its mouth ||| two dogs one carrying a large dish in its mouth,4,0.5263157894736842,0.4188539082916955,0.2743060625339522,0.1065728448555557,0.377631367507633,0.4516129032258065,0.3116111585499991,0.714915543794632,0.5555555555555556,0.4428074427700477,0.290478022246353,0.1130608235160298,0.3806284418529316,0.4666666666666666,0.4083259699125546,0.7281091809272766,-0.0292397660818714,-0.0239535344783521,-0.0161719597124008,-0.006487978660474,-0.0029970743452986,-0.0150537634408601,-0.0967148113625555,-0.0131936371326446,-0.14354233835918356,-0.11161857437287044,-0.08187768838534683,-0.03854962897345027,-0.017008980109014176,-0.09398171611200823,-0.136484954292052,-0.18330582944001625
3066491113_86569e15be.jpg,hallucination,a black dog is following a brown dog that is carrying a brown plate through a grassy field,a black dog is following a brown dog that is carrying a brown plate through a grassy field with a traffic cone,a black dog following a tan dog fetching a large shallow bowl ||| a brown dog carrying a frisbee like object in its mouth ||| a dog runs with a large plate in its mouth ||| two dogs one carrying a large dish in its mouth,4,0.5,0.408248290463863,0.2554364774645177,0.0967773636539916,0.368916797488226,0.4117647058823529,0.129188090798458,0.741717740893364,0.5555555555555556,0.4428074427700477,0.290478022246353,0.1130608235160298,0.3806284418529316,0.4666666666666666,0.4083259699125546,0.7281091809272766,-0.0555555555555555,-0.0345591523061846,-0.0350415447818353,-0.0162834598620381,-0.0117116443647056,-0.0549019607843137,-0.2791378791140966,0.0136085599660873,-0.27273044288244797,-0.16103858557647807,-0.1774132965461335,-0.0967514489389178,-0.06646586073368788,-0.34275684699673836,-0.3939222972709849,0.18907056083084922
3608663656_9192a21eeb.jpg,person_replacement,a man climbs up the side of a steep rock that overlooks a river,a woman climbs up the side of a steep rock that overlooks a river,a man is climbing a steep and rocky cliff overlooking water ||| a man is climbing on rocks by the water ||| a man is climbing the side of a mountain over the ocean ||| a man rock climbing at the ocean,4,0.5,0.3922322702763681,0.2948798731084673,0.2197281387499715,0.3494990892531876,0.4615384615384615,0.5049551818423272,0.7269435375928879,0.5714285714285714,0.4688072309384954,0.3321078320738909,0.2402211086439153,0.3931080628972901,0.5384615384615384,0.5878858053796454,0.7086384296417236,-0.0714285714285714,-0.0765749606621273,-0.0372279589654235,-0.0204929698939438,-0.0436089736441024,-0.0769230769230769,-0.0829306235373181,0.0183051079511642,-0.35065342656314763,-0.3568236641440021,-0.18848298397973895,-0.12176309869642886,-0.24748941128224192,-0.4802362416712544,-0.11703256412786077,0.2543220616303709
3608663656_9192a21eeb.jpg,hallucination,a man climbs up the side of a steep rock that overlooks a river,a man climbs up the side of a steep rock that overlooks a river with a traffic cone,a man is climbing a steep and rocky cliff overlooking water ||| a man is climbing on rocks by the water ||| a man is climbing the side of a mountain over the ocean ||| a man rock climbing at the ocean,4,0.4444444444444444,0.3615507630310936,0.25375592566965,0.1816725573641283,0.3806284418529316,0.4666666666666666,0.2917157777717852,0.672890841960907,0.5714285714285714,0.4688072309384954,0.3321078320738909,0.2402211086439153,0.3931080628972901,0.5384615384615384,0.5878858053796454,0.7086384296417236,-0.1269841269841269,-0.1072564679074017,-0.0783519064042408,-0.058548551279787,-0.0124796210443585,-0.0717948717948718,-0.2961700276078602,-0.0357475876808166,-0.6233838694455957,-0.4997932163586623,-0.3966911302682137,-0.3478779827866946,-0.0708242778309793,-0.4482204922265043,-0.4179582435331598,-0.49665919597701785
3275537015_74e04c0f3e.jpg,action_replacement,four girls are playing volleyball on a sandy beach near ocean,four girls are watching volleyball on a sandy beach near ocean,four girls in swimsuits are playing volleyball at the beach ||| four ladies in swimsuits play sand volleyball on the beach ||| four women in bikinis are playing volleyball on the beach ||| girls in bikinis are playing a game of volleyball near a body of water,4,0.7272727272727273,0.3813850356982369,0.1173531980725211,0.0670422683816333,0.3683168316831683,0.4761904761904761,1.122446960536725,0.7395770400762558,0.8181818181818182,0.5720775535473553,0.4174128044846463,0.3087818953963449,0.5569306930693068,0.5714285714285713,1.8370503474761657,0.7698297500610352,-0.0909090909090909,-0.1906925178491184,-0.3000596064121252,-0.2417396270147115,-0.1886138613861384,-0.0952380952380951,-0.7146033869394406,-0.0302527099847793,-0.44628617926218805,-0.8885881540833906,-1.5191842786995509,-1.4363445715952086,-1.0704203656588163,-0.5945782039739332,-1.0084557807568264,-0.4203160994057643
3275537015_74e04c0f3e.jpg,negation,four girls are playing volleyball on a sandy beach near ocean,four girls are not playing volleyball on a sandy beach near ocean,four girls in swimsuits are playing volleyball at the beach ||| four ladies in swimsuits play sand volleyball on the beach ||| four women in bikinis are playing volleyball on the beach ||| girls in bikinis are playing a game of volleyball near a body of water,4,0.75,0.4522670168666454,0.2734827537964344,0.1227826014909612,0.5010893246187365,0.5454545454545454,1.3724797116524918,0.7710060477256775,0.8181818181818182,0.5720775535473553,0.4174128044846463,0.3087818953963449,0.5569306930693068,0.5714285714285713,1.8370503474761657,0.7698297500610352,-0.0681818181818182,-0.1198105366807099,-0.1439300506882119,-0.1859992939053836,-0.0558413684505703,-0.0259740259740258,-0.4645706358236738,0.0011762976646423,-0.3347146344466412,-0.5582926106890489,-0.7287094482742255,-1.1051521813810075,-0.3169106321055417,-0.16215769199289004,-0.6556069448156162,0.016342894451152033
3275537015_74e04c0f3e.jpg,hallucination,four girls are playing volleyball on a sandy beach near ocean,four girls are playing volleyball on a sandy beach near ocean with a traffic cone,four girls in swimsuits are playing volleyball at the beach ||| four ladies in swimsuits play sand volleyball on the beach ||| four women in bikinis are playing volleyball on the beach ||| girls in bikinis are playing a game of volleyball near a body of water,4,0.6666666666666666,0.4364357804719847,0.3083016009819039,0.2222984955206401,0.5357142857142857,0.48,1.108246167555556,0.7764774560928345,0.8181818181818182,0.5720775535473553,0.4174128044846463,0.3087818953963449,0.5569306930693068,0.5714285714285713,1.8370503474761657,0.7698297500610352,-0.1515151515151516,-0.1356417730753706,-0.1091112035027424,-0.0864833998757047,-0.021216407355021,-0.0914285714285713,-0.7288041799206098,0.0066477060317993,-0.7438102987703139,-0.6320629362553615,-0.5524236566640226,-0.5138584992397898,-0.12040724023158679,-0.570795075814976,-1.0284960884784644,0.09235991984479526
1457762320_7fe121b285.jpg,hallucination,a group of bicyclists getting ready for a ride,a group of bicyclists getting ready for a ride with an umbrella,a group of cyclists is pausing nearby a green and tan sign ||| a group of men are standing around and drinking water with their bikes ||| a group of men chat and drink water from water bottles while standing by their bicycles ||| men in athletic clothing stand near bicycles,4,0.4166666666666667,0.2752409412815901,0.1964002439681624,0.0957846440861982,0.4033333333333334,0.3333333333333333,0.3668297981398705,0.7336822152137756,0.4444444444444444,0.3333333333333333,0.2513158137097179,0.1275343138759482,0.4136752136752137,0.380952380952381,0.3454372426077738,0.7977687567472458,-0.0277777777777777,-0.0580923920517432,-0.0549155697415554,-0.03174966978975,-0.0103418803418803,-0.0476190476190476,0.0213925555320966,-0.0640865415334701,-0.13636522144122376,-0.2706986724061747,-0.2780343252620773,-0.18864704316629283,-0.058692183362345406,-0.297289101986967,0.030189398323314267,-0.8903865199284946
2407091303_931c918490.jpg,hallucination,a child plays at a playground,a child plays at a playground with a suitcase,a little boy stands widelegged each foot on each side of the tube slide ||| a little boy wearing a red shirt is standing on a slide ||| a young boy climbing in a playhouse ||| boy on playground equipment,4,0.4444444444444444,0.0745355992499929,0.0429743996463099,0.0339132609103075,0.1388888888888889,0.2857142857142857,0.1475187312612194,0.6809117645025253,0.423240862445307,0.0846481724890614,0.0533250071770502,0.045480190470279,0.144927536231884,0.3076923076923076,0.2762671725603393,0.764131173491478,0.0212035819991374,-0.0101125732390685,-0.0103506075307403,-0.0115669295599715,-0.0060386473429951,-0.0219780219780219,-0.1287484412991199,-0.0832194089889526,0.10409152156774293,-0.04712252420227046,-0.05240452196718747,-0.06872723636029329,-0.03427049872936061,-0.13721035476321508,-0.1816911482152428,-1.1562090602358555
2164363131_6930455d45.jpg,object_replacement,a dog leaps for a toy on a road,a cat leaps for a toy on a road,a man and a dog play with a frisbee ||| a person holding a frisbee just out of reach of a white dog on a rural road ||| person holding a frisbee with a white dog jumping for it on a road ||| the dog jumps up to get the frisbee in the man s hand,4,0.6666666666666666,0.408248290463863,0.287684791332394,0.1411399193078977,0.4701436130007558,0.4347826086956521,0.2307695000188348,0.7230725884437561,0.7777777777777778,0.5400617248673217,0.3466806371753174,0.1623339577375495,0.5555555555555556,0.5217391304347826,0.3899413519336941,0.8261553943157196,-0.1111111111111111,-0.1318134344034587,-0.0589958458429233,-0.0211940384296517,-0.0854119425547997,-0.0869565217391304,-0.1591718519148593,-0.1030828058719635,-0.5454608857648965,-0.6142236605876509,-0.29869252507800936,-0.12592863828137643,-0.4847293942727034,-0.5428757514544614,-0.22462498377566822,-1.4321812129129627
2164363131_6930455d45.jpg,hallucination,a dog leaps for a toy on a road,a dog leaps for a toy on a road with an umbrella,a man and a dog play with a frisbee ||| a person holding a frisbee just out of reach of a white dog on a rural road ||| person holding a frisbee with a white dog jumping for it on a road ||| the dog jumps up to get the frisbee in the man s hand,4,0.6133629430862155,0.3923082565559,0.2419289812644991,0.1096875897351539,0.5962605117194489,0.4615384615384615,0.4030328587931703,0.7802349328994751,0.7777777777777778,0.5400617248673217,0.3466806371753174,0.1623339577375495,0.5555555555555556,0.5217391304347826,0.3899413519336941,0.8261553943157196,-0.1644148346915622,-0.1477534683114217,-0.1047516559108182,-0.0526463680023956,0.0407049561638933,-0.060200668896321,0.0130915068594761,-0.0459204614162445,-0.807136752273737,-0.6885009603268603,-0.5303515215869764,-0.3128089747976765,0.23100854699050719,-0.3758370586992423,0.01847487153370454,-0.637996041845492
