image,perturbation_type,original_caption,perturbed_caption,references,reference_count,BLEU-1,BLEU-2,BLEU-3,BLEU-4,METEOR,ROUGE-L,CIDEr
2224995194_518859d97d.jpg,original,the rock climbers are on their equipment in front of a cave,the rock climbers are on their equipment in front of a cave,two people hang from safety ropes over a giant cliff ||| two people hanging on a rope over a cliff ||| two people lower themselves into a cave with long ropes ||| two people repel down into a hole,4,0.25,0.1507556722888818,0.06102612222351427,0.03986357128268015,0.18382352941176472,0.1904761904761905,0.1954816765450369
2224995194_518859d97d.jpg,hallucination,the rock climbers are on their equipment in front of a cave,the rock climbers are on their equipment in front of a cave with a helicopter,two people hang from safety ropes over a giant cliff ||| two people hanging on a rope over a cliff ||| two people lower themselves into a cave with long ropes ||| two people repel down into a hole,4,0.3333333333333333,0.21821789023599233,0.154150800490952,0.07432998184513635,0.24338624338624337,0.25,0.21555322995661103
3168123064_d1983b8f92.jpg,original,a person in a black wetsuit is surfing in the ocean with a wave coming down,a person in a black wetsuit is surfing in the ocean with a wave coming down,a person is surfing ||| a surfer in all black is riding a wave ||| a surfer rides the waves ||| a woman in a black wetsuit surfs in bad weather,4,0.6875,0.5244044240850758,0.3399472648478799,0.23446219441058622,0.606971153846154,0.5384615384615384,0.4194815323946246
3168123064_d1983b8f92.jpg,action_replacement,a person in a black wetsuit is surfing in the ocean with a wave coming down,a person in a black wetsuit is swimming in the ocean with a wave coming down,a person is surfing ||| a surfer in all black is riding a wave ||| a surfer rides the waves ||| a woman in a black wetsuit surfs in bad weather,4,0.625,0.45643546458763845,0.3098990471205467,0.2187405715612322,0.4395761741122566,0.4800000000000001,0.3767642516443602
3168123064_d1983b8f92.jpg,negation,a person in a black wetsuit is surfing in the ocean with a wave coming down,a person in a black wetsuit is not surfing in the ocean with a wave coming down,a person is surfing ||| a surfer in all black is riding a wave ||| a surfer rides the waves ||| a woman in a black wetsuit surfs in bad weather,4,0.6470588235294118,0.4496730838653134,0.29985468634200246,0.2094841271665114,0.5349990463475109,0.5185185185185185,0.3000837159699389
3168123064_d1983b8f92.jpg,hallucination,a person in a black wetsuit is surfing in the ocean with a wave coming down,a person in a black wetsuit is surfing in the ocean with a wave coming down with a helicopter,a person is surfing ||| a surfer in all black is riding a wave ||| a surfer rides the waves ||| a woman in a black wetsuit surfs in bad weather,4,0.5789473684210527,0.4392976851069795,0.2831606939029296,0.194086232706272,0.5738636363636362,0.48275862068965514,0.18034333365115232
2441629086_52f68eb316.jpg,original,a girl is peeking in a window,a girl is peeking in a window,a girl peers into a window ||| a girl peers into a window ||| a little girl is trying to look into a dark window ||| a small girl in a pink shirt and blue jeans is peeping through a window into a house,4,0.8571428571428571,0.7559289460184544,0.22524957608872123,0.13001186520687386,0.6147540983606558,0.6153846153846153,1.1623428902373536
2441629086_52f68eb316.jpg,person_replacement,a girl is peeking in a window,a boy is peeking in a window,a girl peers into a window ||| a girl peers into a window ||| a little girl is trying to look into a dark window ||| a small girl in a pink shirt and blue jeans is peeping through a window into a house,4,0.7142857142857143,0.48795003647426655,0.16823908657399744,0.10445522730720382,0.4189435336976321,0.4615384615384615,0.9105746183614055
2441629086_52f68eb316.jpg,negation,a girl is peeking in a window,a girl is not peeking in a window,a girl peers into a window ||| a girl peers into a window ||| a little girl is trying to look into a dark window ||| a small girl in a pink shirt and blue jeans is peeping through a window into a house,4,0.75,0.6546536707079771,0.1925856785554179,0.10932651139290935,0.6048387096774195,0.5714285714285715,0.9991008559981365
2441629086_52f68eb316.jpg,hallucination,a girl is peeking in a window,a girl is peeking in a window with a suitcase,a girl peers into a window ||| a girl peers into a window ||| a little girl is trying to look into a dark window ||| a small girl in a pink shirt and blue jeans is peeping through a window into a house,4,0.6333861926251716,0.5046941987886602,0.14229153467444675,0.07811823558239488,0.36700581395348836,0.5,0.8722628958661476
3279524184_d5e2ffbaed.jpg,original,two black and white dogs and one has something blue in its mouth,two black and white dogs and one has something blue in its mouth,two black and white dogs run through a field ||| two white dogs are running through a field ||| two white dogs run along a light colored field and one has a blue toy ||| two white dogs with black spots jumping through the grass,4,0.5276331810218101,0.4756021222025773,0.4131554120176103,0.3316186519505937,0.474468085106383,0.5,1.3106155193594815
3279524184_d5e2ffbaed.jpg,color_replacement,two black and white dogs and one has something blue in its mouth,two black and white dogs and one has something red in its mouth,two black and white dogs run through a field ||| two white dogs are running through a field ||| two white dogs run along a light colored field and one has a blue toy ||| two white dogs with black spots jumping through the grass,4,0.4616790333940838,0.444885048426159,0.39516893548983056,0.32073101805405074,0.474468085106383,0.4545454545454546,1.2810173416455202
3279524184_d5e2ffbaed.jpg,hallucination,two black and white dogs and one has something blue in its mouth,two black and white dogs and one has something blue in its mouth with an umbrella,two black and white dogs run through a field ||| two white dogs are running through a field ||| two white dogs run along a light colored field and one has a blue toy ||| two white dogs with black spots jumping through the grass,4,0.5625,0.47434164902525694,0.40059435451459874,0.31535540524901323,0.4597938144329897,0.45161290322580644,0.8086307663446152
3339105374_cc41e0b7d7.jpg,original,a woman in a red coat with a man in a white and black coat and a black dog in the snow,a woman in a red coat with a man in a white and black coat and a black dog in the snow,two people and a dog are in the snow ||| two people are interacting with a dog that has bitten an object one of them is holding ||| two people are walking up a snowy hill with a dog ||| two people playing on a snowy hill,4,0.36363636363636365,0.26318067798390754,0.1512954970122327,0.0653402965991945,0.5461165048543688,0.3870967741935484,0.04435495207232534
3339105374_cc41e0b7d7.jpg,object_replacement,a woman in a red coat with a man in a white and black coat and a black dog in the snow,a woman in a red coat with a man in a white and black coat and a black cat in the snow,two people and a dog are in the snow ||| two people are interacting with a dog that has bitten an object one of them is holding ||| two people are walking up a snowy hill with a dog ||| two people playing on a snowy hill,4,0.3181818181818182,0.24618298195866542,0.14470893702387339,0.06319505771145682,0.4699029126213593,0.3225806451612903,0.021421962389702377
3339105374_cc41e0b7d7.jpg,person_replacement,a woman in a red coat with a man in a white and black coat and a black dog in the snow,a man in a red coat with a man in a white and black coat and a black dog in the snow,two people and a dog are in the snow ||| two people are interacting with a dog that has bitten an object one of them is holding ||| two people are walking up a snowy hill with a dog ||| two people playing on a snowy hill,4,0.36363636363636365,0.26318067798390754,0.1512954970122327,0.0653402965991945,0.5461165048543688,0.3870967741935484,0.043051909537849126
3339105374_cc41e0b7d7.jpg,color_replacement,a woman in a red coat with a man in a white and black coat and a black dog in the snow,a woman in a blue coat with a man in a white and black coat and a black dog in the snow,two people and a dog are in the snow ||| two people are interacting with a dog that has bitten an object one of them is holding ||| two people are walking up a snowy hill with a dog ||| two people playing on a snowy hill,4,0.36363636363636365,0.26318067798390754,0.1512954970122327,0.0653402965991945,0.5461165048543688,0.3870967741935484,0.043845878788109534
3339105374_cc41e0b7d7.jpg,hallucination,a woman in a red coat with a man in a white and black coat and a black dog in the snow,a woman in a red coat with a man in a white and black coat and a black dog in the snow with an umbrella,two people and a dog are in the snow ||| two people are interacting with a dog that has bitten an object one of them is holding ||| two people are walking up a snowy hill with a dog ||| two people playing on a snowy hill,4,0.36,0.2449489742783178,0.13766001254296353,0.05868136174076832,0.5306603773584906,0.3529411764705882,0.025360965298182388
2272750492_91e8f67328.jpg,original,a man jumps through the air while snowboarding,a man jumps through the air while snowboarding,a snowboarder in gray pants and a white jacket catches some air ||| a snowboarder in gray pants is doing a jump ||| a snowboarder with brown pants ||| person wearing grey pants airborne on a snowboard,4,0.25,0.059761430466719695,0.03904483328095401,0.03303164318013808,0.18867924528301888,0.3076923076923077,0.05367427823667699
2272750492_91e8f67328.jpg,person_replacement,a man jumps through the air while snowboarding,a woman jumps through the air while snowboarding,a snowboarder in gray pants and a white jacket catches some air ||| a snowboarder in gray pants is doing a jump ||| a snowboarder with brown pants ||| person wearing grey pants airborne on a snowboard,4,0.25,0.059761430466719695,0.03904483328095401,0.03303164318013808,0.18867924528301888,0.3076923076923077,0.05316646386321934
2272750492_91e8f67328.jpg,hallucination,a man jumps through the air while snowboarding,a man jumps through the air while snowboarding with an umbrella,a snowboarder in gray pants and a white jacket catches some air ||| a snowboarder in gray pants is doing a jump ||| a snowboarder with brown pants ||| person wearing grey pants airborne on a snowboard,4,0.24902746807698065,0.0476851297025655,0.028467371580196018,0.022652581507881558,0.45634920634920634,0.37499999999999994,0.054220845167225966
2021671653_567395c7cf.jpg,original,a boy dressed in denim is running on the sidewalk,a boy dressed in denim is running on the sidewalk,a young boy in motion in front of potted plants and a beige wall ||| a young boy wearing a denim outfit running down the street ||| little boy in denim runs through paved spanishstyle yard area ||| young boy running waring blue jacket and blue jeans flower pots are in the background on a cement walkway,4,0.7,0.2788866755113585,0.09906536587938553,0.06104735835807846,0.31562500000000004,0.47619047619047616,0.6388749652959769
2021671653_567395c7cf.jpg,person_replacement,a boy dressed in denim is running on the sidewalk,a girl dressed in denim is running on the sidewalk,a young boy in motion in front of potted plants and a beige wall ||| a young boy wearing a denim outfit running down the street ||| little boy in denim runs through paved spanishstyle yard area ||| young boy running waring blue jacket and blue jeans flower pots are in the background on a cement walkway,4,0.6,0.25819888974716104,0.09410360288810288,0.05873949094699214,0.25555555555555554,0.380952380952381,0.5104136603800865
2021671653_567395c7cf.jpg,action_replacement,a boy dressed in denim is running on the sidewalk,a boy dressed in denim is standing on the sidewalk,a young boy in motion in front of potted plants and a beige wall ||| a young boy wearing a denim outfit running down the street ||| little boy in denim runs through paved spanishstyle yard area ||| young boy running waring blue jacket and blue jeans flower pots are in the background on a cement walkway,4,0.6,0.25819888974716104,0.09410360288810288,0.05873949094699214,0.25555555555555554,0.380952380952381,0.5590109315138989
2021671653_567395c7cf.jpg,negation,a boy dressed in denim is running on the sidewalk,a boy dressed in denim is not running on the sidewalk,a young boy in motion in front of potted plants and a beige wall ||| a young boy wearing a denim outfit running down the street ||| little boy in denim runs through paved spanishstyle yard area ||| young boy running waring blue jacket and blue jeans flower pots are in the background on a cement walkway,4,0.6363636363636364,0.25226248955475655,0.08908835677033948,0.05452469119630864,0.31250000000000006,0.45454545454545453,0.5409047711459023
2021671653_567395c7cf.jpg,hallucination,a boy dressed in denim is running on the sidewalk,a boy dressed in denim is running on the sidewalk with a helicopter,a young boy in motion in front of potted plants and a beige wall ||| a young boy wearing a denim outfit running down the street ||| little boy in denim runs through paved spanishstyle yard area ||| young boy running waring blue jacket and blue jeans flower pots are in the background on a cement walkway,4,0.5698222022414253,0.2096888927716905,0.07179876377385977,0.043026488932731095,0.3064320388349515,0.41666666666666663,0.4819060458413543
416960865_048fd3f294.jpg,original,a hiker in a red on a snowy peak,a hiker in a red on a snowy peak,a person in a red jacket and a red hardhat stands near a mountain ||| a person wearing a red jacket and helmet walks up near the large rock ||| a woman wearing a red work man s hat and red jacket is hiking in the snow topped mountains ||| the person wearing the red hardhat is on the mountain,4,0.596559544542913,0.3653166213293175,0.257431662133764,0.1262975489687145,0.27555555555555555,0.43478260869565216,0.20285812506439854
416960865_048fd3f294.jpg,color_replacement,a hiker in a red on a snowy peak,a hiker in a blue on a snowy peak,a person in a red jacket and a red hardhat stands near a mountain ||| a person wearing a red jacket and helmet walks up near the large rock ||| a woman wearing a red work man s hat and red jacket is hiking in the snow topped mountains ||| the person wearing the red hardhat is on the mountain,4,0.49713295378576094,0.2358108650835347,0.08924657265763436,0.05706135914957148,0.14814814814814814,0.34782608695652173,0.00643732641136714
416960865_048fd3f294.jpg,hallucination,a hiker in a red on a snowy peak,a hiker in a red on a snowy peak with a television,a person in a red jacket and a red hardhat stands near a mountain ||| a person wearing a red jacket and helmet walks up near the large rock ||| a woman wearing a red work man s hat and red jacket is hiking in the snow topped mountains ||| the person wearing the red hardhat is on the mountain,4,0.5833333333333334,0.3256694736394648,0.21971078114927187,0.10419044640136393,0.3089774557165861,0.4615384615384615,0.2208622108311275
3474406285_01f3d24b71.jpg,original,a brown dog jumping over a blue and yellow stick,a brown dog jumping over a blue and yellow stick,a brown dog jumping over a hurdle ||| a brown dog jumps over an obstacle ||| a dog jumps over a hurdle at a competition ||| the brown dog is jumping a hurdle over a yellow and black pole,4,0.8,0.6666666666666667,0.60570686427738,0.5555238068023582,0.8200152207001522,0.7058823529411764,1.8339403413555635
3474406285_01f3d24b71.jpg,object_replacement,a brown dog jumping over a blue and yellow stick,a brown cat jumping over a blue and yellow stick,a brown dog jumping over a hurdle ||| a brown dog jumps over an obstacle ||| a dog jumps over a hurdle at a competition ||| the brown dog is jumping a hurdle over a yellow and black pole,4,0.7,0.4830458915396479,0.30781912507463893,0.14287202148494,0.6630136986301369,0.588235294117647,0.88402690394006
3474406285_01f3d24b71.jpg,hallucination,a brown dog jumping over a blue and yellow stick,a brown dog jumping over a blue and yellow stick with a helicopter,a brown dog jumping over a hurdle ||| a brown dog jumps over an obstacle ||| a dog jumps over a hurdle at a competition ||| the brown dog is jumping a hurdle over a yellow and black pole,4,0.6923076923076923,0.5370861555295747,0.4716122463218143,0.4211813371894875,0.7401315789473685,0.6,1.1450134443434026
3690348036_a01f243fb0.jpg,original,a bmx biker is in midair attempting a trick,a bmx biker is in midair attempting a trick,a boy does a trick on a bike in the woods ||| a person is in the air with a trick bike ||| a person riding a bike doing a very high jump ||| the young man is performing a bicycle trick high in the air,4,0.49713295378576094,0.3334869235560669,0.11244363552232572,0.067857774292396,0.4505050505050505,0.5263157894736842,0.38603364843375537
3690348036_a01f243fb0.jpg,hallucination,a bmx biker is in midair attempting a trick,a bmx biker is in midair attempting a trick with a television,a boy does a trick on a bike in the woods ||| a person is in the air with a trick bike ||| a person riding a bike doing a very high jump ||| the young man is performing a bicycle trick high in the air,4,0.5833333333333334,0.39886201760873286,0.11673877216503953,0.06484115071397646,0.5010893246187365,0.45454545454545453,0.3573754224825246
2746839158_4195210d27.jpg,original,children playing outside in a fountain,children playing outside in a fountain,two boys in underwear play in the water in the city street ||| two little boys play in the water left behind by the sprinklers ||| two young boys are playing in a fountain in a city plaza ||| two young boys play in the water that has collected on the street,4,0.24525296078096154,0.18997212654254494,0.14916780474822494,0.07987344010387555,0.2768640350877193,0.4444444444444444,0.23075207493938676
2746839158_4195210d27.jpg,hallucination,children playing outside in a fountain,children playing outside in a fountain with a traffic cone,two boys in underwear play in the water in the city street ||| two little boys play in the water left behind by the sprinklers ||| two young boys are playing in a fountain in a city plaza ||| two young boys play in the water that has collected on the street,4,0.40936537653899097,0.272910251025994,0.19680234613736342,0.09717028343213063,0.31525423728813556,0.45454545454545453,0.2434444065985897
989754491_7e53fb4586.jpg,original,a girl in a pool wearing goggles and surrounded by other children,a girl in a pool wearing goggles and surrounded by other children,a girl in green goggles in a pool with three other children ||| a red haired girl making a peace sign is wearing neon green glasses and floaties and playing in the pool with other kids ||| a redheaded girl offers the peace sign as she swims in the pool with floaties ||| a young girl with goggles and floaties poses for the camera as she plays in a pool,4,0.8333333333333334,0.674199862463242,0.4496443130226092,0.17827531042796255,0.625,0.5833333333333334,1.0130934356435963
989754491_7e53fb4586.jpg,person_replacement,a girl in a pool wearing goggles and surrounded by other children,a boy in a pool wearing goggles and surrounded by other children,a girl in green goggles in a pool with three other children ||| a red haired girl making a peace sign is wearing neon green glasses and floaties and playing in the pool with other kids ||| a redheaded girl offers the peace sign as she swims in the pool with floaties ||| a young girl with goggles and floaties poses for the camera as she plays in a pool,4,0.75,0.5222329678670936,0.3010067189543958,0.13193849171325928,0.5289115646258503,0.5,0.8618625922491183
989754491_7e53fb4586.jpg,hallucination,a girl in a pool wearing goggles and surrounded by other children,a girl in a pool wearing goggles and surrounded by other children with a helicopter,a girl in green goggles in a pool with three other children ||| a red haired girl making a peace sign is wearing neon green glasses and floaties and playing in the pool with other kids ||| a redheaded girl offers the peace sign as she swims in the pool with floaties ||| a young girl with goggles and floaties poses for the camera as she plays in a pool,4,0.7333333333333333,0.560611910581388,0.3643094426946137,0.14167966116048497,0.4747565994178461,0.5185185185185186,0.8988580306907469
3638178504_be1ff246bd.jpg,original,a little girl is looking at the two horses on the other side of the fence,a little girl is looking at the two horses on the other side of the fence,a small child staring at a horse and a pony ||| two horses are looking at a small child ||| two horses look over a fence at a child wearing a red sweatshirt ||| two horse stare at a young child with crumbling structures nearby,4,0.375,0.223606797749979,0.07094917059851923,0.04071220775553065,0.5068181818181818,0.23076923076923075,0.5316657208486916
3638178504_be1ff246bd.jpg,person_replacement,a little girl is looking at the two horses on the other side of the fence,a little boy is looking at the two horses on the other side of the fence,a small child staring at a horse and a pony ||| two horses are looking at a small child ||| two horses look over a fence at a child wearing a red sweatshirt ||| two horse stare at a young child with crumbling structures nearby,4,0.375,0.223606797749979,0.07094917059851923,0.04071220775553065,0.5068181818181818,0.23076923076923075,0.5309586174789807
3638178504_be1ff246bd.jpg,action_replacement,a little girl is looking at the two horses on the other side of the fence,a little girl is pointing at the two horses on the other side of the fence,a small child staring at a horse and a pony ||| two horses are looking at a small child ||| two horses look over a fence at a child wearing a red sweatshirt ||| two horse stare at a young child with crumbling structures nearby,4,0.3125,0.14433756729740646,0.052991991647416345,0.032709344708772174,0.3586647727272727,0.23076923076923075,0.4066413770584231
3638178504_be1ff246bd.jpg,negation,a little girl is looking at the two horses on the other side of the fence,a little girl is not looking at the two horses on the other side of the fence,a small child staring at a horse and a pony ||| two horses are looking at a small child ||| two horses look over a fence at a child wearing a red sweatshirt ||| two horse stare at a young child with crumbling structures nearby,4,0.35294117647058826,0.21004201260420147,0.06650286584282479,0.03807134866446317,0.501123595505618,0.22222222222222224,0.4055144715701136
3638178504_be1ff246bd.jpg,hallucination,a little girl is looking at the two horses on the other side of the fence,a little girl is looking at the two horses on the other side of the fence with a helicopter,a small child staring at a horse and a pony ||| two horses are looking at a small child ||| two horses look over a fence at a child wearing a red sweatshirt ||| two horse stare at a young child with crumbling structures nearby,4,0.42105263157894735,0.21629522817435004,0.06504515981386978,0.03621439574176347,0.49010989010989015,0.27586206896551724,0.26317767682527426
3472270112_0a7cb7b27c.jpg,original,a baseman and a ballplayer from the opposing team sliding onto base,a baseman and a ballplayer from the opposing team sliding onto base,a runner slides into second base while the shortstop waits for the ball ||| men participate in a baseball game ||| three baseball players in motion one sliding into a base another running in the background ||| three men playing baseball and the one wearing a red helmet is sliding to the plate,4,0.38335183942888473,0.05662481938196541,0.03089874338539149,0.02343404092837612,0.15503875968992248,0.24000000000000002,0.27638280412762306
3472270112_0a7cb7b27c.jpg,hallucination,a baseman and a ballplayer from the opposing team sliding onto base,a baseman and a ballplayer from the opposing team sliding onto base with a helicopter,a runner slides into second base while the shortstop waits for the ball ||| men participate in a baseball game ||| three baseball players in motion one sliding into a base another running in the background ||| three men playing baseball and the one wearing a red helmet is sliding to the plate,4,0.3333333333333333,0.048795003647426664,0.02635941610004864,0.019765441873349214,0.15151515151515152,0.21428571428571427,0.28009728069213036
3464871350_3f2d624a9c.jpg,original,a driver is sitting in a team penske race car,a driver is sitting in a team penske race car,a race car driver with an orange helmet sits in a team penske indy car at the raceway ||| a race car sits in the pits ||| race car driver getting ready for the start of the race ||| racing car marked team penske on track banners and spectators in background,4,0.7238699344287677,0.5395407934170133,0.4038186547336971,0.30374414220764573,0.610958904109589,0.5714285714285714,1.215379912196964
3464871350_3f2d624a9c.jpg,object_replacement,a driver is sitting in a team penske race car,a driver is sitting in a team penske race truck,a race car driver with an orange helmet sits in a team penske indy car at the raceway ||| a race car sits in the pits ||| race car driver getting ready for the start of the race ||| racing car marked team penske on track banners and spectators in background,4,0.6333861926251716,0.43707799729361313,0.35092110088913325,0.27338535134616687,0.436046511627907,0.5,0.6971802399069548
3464871350_3f2d624a9c.jpg,negation,a driver is sitting in a team penske race car,a driver is not sitting in a team penske race car,a race car driver with an orange helmet sits in a team penske indy car at the raceway ||| a race car sits in the pits ||| race car driver getting ready for the start of the race ||| racing car marked team penske on track banners and spectators in background,4,0.7272727272727273,0.5393598899705937,0.4013422919391943,0.2998221389342337,0.6027027027027028,0.5517241379310345,1.1255881712715865
3464871350_3f2d624a9c.jpg,hallucination,a driver is sitting in a team penske race car,a driver is sitting in a team penske race car with an umbrella,a race car driver with an orange helmet sits in a team penske indy car at the raceway ||| a race car sits in the pits ||| race car driver getting ready for the start of the race ||| racing car marked team penske on track banners and spectators in background,4,0.7692307692307693,0.5661385170722979,0.38769860542699147,0.27629350710622463,0.5868421052631579,0.5161290322580646,1.1425944608091423
493542985_c85ad29ebe.jpg,original,a girl is rowing in a lake,a girl is rowing in a lake,a girl sits on a skinny canoe ||| a woman sits in a rowing scull and looks behind her at a dock ||| a woman sitting in a rowboat ||| girl in a thin rowboat leaving the dock of a lake,4,0.8571428571428571,0.6546536707079771,0.20465282161876264,0.12098967350244397,0.4189435336976321,0.4615384615384615,0.4140189734137056
493542985_c85ad29ebe.jpg,person_replacement,a girl is rowing in a lake,a boy is rowing in a lake,a girl sits on a skinny canoe ||| a woman sits in a rowing scull and looks behind her at a dock ||| a woman sitting in a rowboat ||| girl in a thin rowboat leaving the dock of a lake,4,0.7142857142857143,0.48795003647426655,0.16823908657399744,0.10445522730720382,0.4189435336976321,0.4615384615384615,0.2715942732377366
493542985_c85ad29ebe.jpg,action_replacement,a girl is rowing in a lake,a girl is floating in a lake,a girl sits on a skinny canoe ||| a woman sits in a rowing scull and looks behind her at a dock ||| a woman sitting in a rowboat ||| girl in a thin rowboat leaving the dock of a lake,4,0.7142857142857143,0.5976143046671969,0.1925856785554179,0.1155987114790698,0.4189435336976321,0.4615384615384615,0.27717028161183427
493542985_c85ad29ebe.jpg,negation,a girl is rowing in a lake,a girl is not rowing in a lake,a girl sits on a skinny canoe ||| a woman sits in a rowing scull and looks behind her at a dock ||| a woman sitting in a rowboat ||| girl in a thin rowboat leaving the dock of a lake,4,0.75,0.5669467095138409,0.17497570119380043,0.10173978273092252,0.41218637992831536,0.42857142857142855,0.36001980993609684
493542985_c85ad29ebe.jpg,hallucination,a girl is rowing in a lake,a girl is rowing in a lake with an umbrella,a girl sits on a skinny canoe ||| a woman sits in a rowing scull and looks behind her at a dock ||| a woman sitting in a rowboat ||| girl in a thin rowboat leaving the dock of a lake,4,0.5429024508215757,0.40465559506275994,0.12280533138355296,0.0699489249174245,0.3993055555555556,0.380952380952381,0.35011531959878717
2303016989_0deb96c8d9.jpg,original,a black and white dog is catching a red and green object in his mouth,a black and white dog is catching a red and green object in his mouth,a black and white dog is running through the field to catch something in its mouth ||| a dog catching a flexable frisbee in its mouth ||| a small black and white dog jumps with an object in its mouth ||| the black and white dog leaps to catch a toy,4,0.686038455689853,0.5664776108983309,0.4520395053577804,0.38337964779820516,0.48677248677248675,0.5806451612903225,1.484617961977569
2303016989_0deb96c8d9.jpg,object_replacement,a black and white dog is catching a red and green object in his mouth,a black and white cat is catching a red and green object in his mouth,a black and white dog is running through the field to catch something in its mouth ||| a dog catching a flexable frisbee in its mouth ||| a small black and white dog jumps with an object in its mouth ||| the black and white dog leaps to catch a toy,4,0.6236713233544118,0.45648066746810906,0.31068919668883255,0.21989282626654563,0.3875,0.5161290322580646,0.9087938402064304
2303016989_0deb96c8d9.jpg,negation,a black and white dog is catching a red and green object in his mouth,a black and white dog is not catching a red and green object in his mouth,a black and white dog is running through the field to catch something in its mouth ||| a dog catching a flexable frisbee in its mouth ||| a small black and white dog jumps with an object in its mouth ||| the black and white dog leaps to catch a toy,4,0.6875,0.5664215155988809,0.45088987149920673,0.3813707100324891,0.48218029350104813,0.5625,1.2544980949018862
2303016989_0deb96c8d9.jpg,hallucination,a black and white dog is catching a red and green object in his mouth,a black and white dog is catching a red and green object in his mouth with a television,a black and white dog is running through the field to catch something in its mouth ||| a dog catching a flexable frisbee in its mouth ||| a small black and white dog jumps with an object in its mouth ||| the black and white dog leaps to catch a toy,4,0.6666666666666666,0.5239368319955838,0.40941707957388823,0.34228034887472175,0.5098308184727939,0.5294117647058824,0.9634702479282481
540604040_bec822c144.jpg,original,a girl sliding down a pole,a girl sliding down a pole,a small child with a ponytail dressed in jean shorts and a pink and brown shirt climbs on a pole near wooden playground equipment ||| a young asian girl is sliding down a pole on outdoor playground equipment ||| a young girl slides down a bar in a play structure ||| a young girl sliding down a black pole,4,0.7165313105737893,0.6408850873800026,0.6043459130494065,0.5698363775444273,0.7211538461538461,0.8571428571428571,1.8709002978014313
540604040_bec822c144.jpg,person_replacement,a girl sliding down a pole,a boy sliding down a pole,a small child with a ponytail dressed in jean shorts and a pink and brown shirt climbs on a pole near wooden playground equipment ||| a young asian girl is sliding down a pole on outdoor playground equipment ||| a young girl slides down a bar in a play structure ||| a young girl sliding down a black pole,4,0.5971094254781577,0.5066641486392106,0.451386440550339,0.38498150077635496,0.5717948717948719,0.7142857142857143,1.2763959792108732
540604040_bec822c144.jpg,hallucination,a girl sliding down a pole,a girl sliding down a pole with a television,a small child with a ponytail dressed in jean shorts and a pink and brown shirt climbs on a pole near wooden playground equipment ||| a young asian girl is sliding down a pole on outdoor playground equipment ||| a young girl slides down a bar in a play structure ||| a young girl sliding down a black pole,4,0.8888888888888888,0.7453559924999299,0.6197980942410934,0.5307712171072443,0.6310013717421126,0.7058823529411765,1.6024536930865405
2735979477_eef7c680f9.jpg,original,a tan dog and larger white dog run along the grass,a tan dog and larger white dog run along the grass,two big dogs brown and tan are running in grass ||| two dogs running on grass ||| two golden retreiver dogs are running on the grass ||| two large dogs running in some grass,4,0.36363636363636365,0.19069251784911848,0.07392788226202592,0.04740604259878138,0.6696428571428572,0.39999999999999997,0.36741422839137705
2735979477_eef7c680f9.jpg,object_replacement,a tan dog and larger white dog run along the grass,a tan cat and larger white dog run along the grass,two big dogs brown and tan are running in grass ||| two dogs running on grass ||| two golden retreiver dogs are running on the grass ||| two large dogs running in some grass,4,0.36363636363636365,0.19069251784911848,0.07392788226202592,0.04740604259878138,0.6696428571428572,0.39999999999999997,0.32519484052796094
2735979477_eef7c680f9.jpg,hallucination,a tan dog and larger white dog run along the grass,a tan dog and larger white dog run along the grass with a helicopter,two big dogs brown and tan are running in grass ||| two dogs running on grass ||| two golden retreiver dogs are running on the grass ||| two large dogs running in some grass,4,0.2857142857142857,0.14824986333222023,0.056789640454929714,0.03592143420342892,0.6355932203389831,0.34782608695652173,0.2235751662784133
2053441349_a98b5fc742.jpg,original,a dog in a field of colorful flowers,a dog in a field of colorful flowers,a large brown dog is running through a field of flowers ||| a tan dog walks through a field of colorful flowers ||| dog runs through field of flowers ||| the brown dog walks through the flowers,4,0.875,0.7071067811865475,0.6299605249474366,0.5623413251903491,0.6861724281549355,0.7777777777777777,2.7888544331406178
2053441349_a98b5fc742.jpg,object_replacement,a dog in a field of colorful flowers,a cat in a field of colorful flowers,a large brown dog is running through a field of flowers ||| a tan dog walks through a field of colorful flowers ||| dog runs through field of flowers ||| the brown dog walks through the flowers,4,0.75,0.6546536707079771,0.5984084805885754,0.5410822690539396,0.600907029478458,0.6666666666666665,2.1970689049654286
2053441349_a98b5fc742.jpg,hallucination,a dog in a field of colorful flowers,a dog in a field of colorful flowers with a television,a large brown dog is running through a field of flowers ||| a tan dog walks through a field of colorful flowers ||| dog runs through field of flowers ||| the brown dog walks through the flowers,4,0.6363636363636364,0.504524979109513,0.4394215622985436,0.38163309113713373,0.6284097797534854,0.6666666666666666,2.057957403157718
244910177_7c4ec3f65b.jpg,original,three woman walk down a city street and one has a pink purse,three woman walk down a city street and one has a pink purse,three women two with tattoos walking down the street ||| women are walking through the street drinking iced coffee ||| women walk down a buzy sidewalk ||| women walking down the street,4,0.38461538461538464,0.25318484177091666,0.179953751775717,0.08737167851715875,0.4406130268199234,0.3636363636363637,0.4381787770902302
244910177_7c4ec3f65b.jpg,person_replacement,three woman walk down a city street and one has a pink purse,three man walk down a city street and one has a pink purse,three women two with tattoos walking down the street ||| women are walking through the street drinking iced coffee ||| women walk down a buzy sidewalk ||| women walking down the street,4,0.38461538461538464,0.25318484177091666,0.179953751775717,0.08737167851715875,0.4406130268199234,0.3636363636363637,0.43972423036837416
244910177_7c4ec3f65b.jpg,color_replacement,three woman walk down a city street and one has a pink purse,three woman walk down a city street and one has a purple purse,three women two with tattoos walking down the street ||| women are walking through the street drinking iced coffee ||| women walk down a buzy sidewalk ||| women walking down the street,4,0.38461538461538464,0.25318484177091666,0.179953751775717,0.08737167851715875,0.4406130268199234,0.3636363636363637,0.42894559867350407
244910177_7c4ec3f65b.jpg,hallucination,three woman walk down a city street and one has a pink purse,three woman walk down a city street and one has a pink purse with an umbrella,three women two with tattoos walking down the street ||| women are walking through the street drinking iced coffee ||| women walk down a buzy sidewalk ||| women walking down the street,4,0.375,0.223606797749979,0.15285535436643996,0.07239768078888709,0.418943533697632,0.32,0.2108248235452872
2290589734_b588471345.jpg,original,one boy in a black shirt is grabbing the flag of the boy in the red shirt with the football,one boy in a black shirt is grabbing the flag of the boy in the red shirt with the football,two boys are playing flag football ||| two boys playing a game of flag football ||| two boys with mouthguards and one is holding a football while the other reaches for him ||| young football players with mouthguards,4,0.4,0.04588314677411235,0.022699238870860717,0.016195570128532413,0.27173913043478265,0.28571428571428575,0.16398116886950045
2290589734_b588471345.jpg,person_replacement,one boy in a black shirt is grabbing the flag of the boy in the red shirt with the football,one girl in a black shirt is grabbing the flag of the boy in the red shirt with the football,two boys are playing flag football ||| two boys playing a game of flag football ||| two boys with mouthguards and one is holding a football while the other reaches for him ||| young football players with mouthguards,4,0.4,0.04588314677411235,0.022699238870860717,0.016195570128532413,0.27173913043478265,0.21428571428571425,0.17120481374989951
2290589734_b588471345.jpg,color_replacement,one boy in a black shirt is grabbing the flag of the boy in the red shirt with the football,one boy in a black shirt is grabbing the flag of the boy in the blue shirt with the football,two boys are playing flag football ||| two boys playing a game of flag football ||| two boys with mouthguards and one is holding a football while the other reaches for him ||| young football players with mouthguards,4,0.4,0.04588314677411235,0.022699238870860717,0.016195570128532413,0.27173913043478265,0.28571428571428575,0.1625540692364263
2290589734_b588471345.jpg,negation,one boy in a black shirt is grabbing the flag of the boy in the red shirt with the football,one boy in a black shirt is not grabbing the flag of the boy in the red shirt with the football,two boys are playing flag football ||| two boys playing a game of flag football ||| two boys with mouthguards and one is holding a football while the other reaches for him ||| young football players with mouthguards,4,0.38095238095238093,0.04364357804719848,0.02156233050374431,0.015362208233245517,0.2688172043010753,0.27586206896551724,0.1219336239792922
2290589734_b588471345.jpg,hallucination,one boy in a black shirt is grabbing the flag of the boy in the red shirt with the football,one boy in a black shirt is grabbing the flag of the boy in the red shirt with the football with a television,two boys are playing flag football ||| two boys playing a game of flag football ||| two boys with mouthguards and one is holding a football while the other reaches for him ||| young football players with mouthguards,4,0.3478260869565218,0.03976213862437722,0.019599277341185984,0.013929083599454667,0.2631578947368421,0.25806451612903225,0.07407214353249511
3685373706_37f2ced9ff.jpg,original,a man is shirtless and is covered in red marks,a man is shirtless and is covered in red marks,a man with several red marks on his body is holding a flag while people in the background are cheering ||| a shirtless man covered in red lipstick kisses waving a blue flag ||| a shirtless man waaves a flag ||| a shirtless man with red paint on his torso holding a stick,4,0.6549846024623855,0.48819669844052344,0.29001041687055,0.1299633699540968,0.43314500941619577,0.45454545454545453,0.8851532449505588
3685373706_37f2ced9ff.jpg,person_replacement,a man is shirtless and is covered in red marks,a woman is shirtless and is covered in red marks,a man with several red marks on his body is holding a flag while people in the background are cheering ||| a shirtless man covered in red lipstick kisses waving a blue flag ||| a shirtless man waaves a flag ||| a shirtless man with red paint on his torso holding a stick,4,0.5731115271545874,0.3954845265514811,0.2520209840841646,0.11697371774413853,0.37796610169491524,0.45454545454545453,0.8077466346819626
3685373706_37f2ced9ff.jpg,color_replacement,a man is shirtless and is covered in red marks,a man is shirtless and is covered in blue marks,a man with several red marks on his body is holding a flag while people in the background are cheering ||| a shirtless man covered in red lipstick kisses waving a blue flag ||| a shirtless man waaves a flag ||| a shirtless man with red paint on his torso holding a stick,4,0.6549846024623855,0.34520719602017813,0.10684075106849358,0.06145588330593126,0.36134651600753287,0.45454545454545453,0.7302356397148897
3685373706_37f2ced9ff.jpg,hallucination,a man is shirtless and is covered in red marks,a man is shirtless and is covered in red marks with a traffic cone,a man with several red marks on his body is holding a flag while people in the background are cheering ||| a shirtless man covered in red lipstick kisses waving a blue flag ||| a shirtless man waaves a flag ||| a shirtless man with red paint on his torso holding a stick,4,0.7142857142857143,0.4688072309384954,0.26359416100048627,0.1135935489027116,0.46922047507527603,0.4615384615384615,0.6106857438143891
382701159_f98c1988cd.jpg,original,a man fishes in the ocean,a man fishes in the ocean,a man fly fishes in the ocean ||| a man fly fishing ||| a man is fishing in kneehigh waves of water ||| the person is fishing with waves splashing around him,4,0.846481724890614,0.7571162714266755,0.6236930675040936,0.5115078115793242,0.8534621578099838,0.923076923076923,1.2729937252078014
382701159_f98c1988cd.jpg,person_replacement,a man fishes in the ocean,a woman fishes in the ocean,a man fly fishes in the ocean ||| a man fly fishing ||| a man is fishing in kneehigh waves of water ||| the person is fishing with waves splashing around him,4,0.7054014374088451,0.5985529678206387,0.5332500717705028,0.4548019047027907,0.7014492753623188,0.7692307692307692,1.1048116564171595
382701159_f98c1988cd.jpg,hallucination,a man fishes in the ocean,a man fishes in the ocean with an umbrella,a man fly fishes in the ocean ||| a man fly fishing ||| a man is fishing in kneehigh waves of water ||| the person is fishing with waves splashing around him,4,0.7777777777777778,0.6236095644623236,0.4807498567691361,0.36889397323344053,0.8179012345679012,0.75,0.8432389549578043
3053415073_5b667230ed.jpg,original,a person on skis on a rail at night,a person on skis on a rail at night,a skier in electric green on the edge of a ramp made of metal bars ||| a skier slides along a metal rail ||| a yellow uniformed skier is performing a trick across a railed object ||| the skier is wearing a yellow jumpsuit and sliding across a yellow rail,4,0.4444444444444444,0.07453559924999299,0.04297439964630995,0.03391326091030751,0.4383680555555556,0.375,0.25508466979110145
3053415073_5b667230ed.jpg,hallucination,a person on skis on a rail at night,a person on skis on a rail at night with a traffic cone,a skier in electric green on the edge of a ramp made of metal bars ||| a skier slides along a metal rail ||| a yellow uniformed skier is performing a trick across a railed object ||| the skier is wearing a yellow jumpsuit and sliding across a yellow rail,4,0.38461538461538464,0.05661385170722978,0.03077165870507052,0.023233421968350106,0.26315789473684215,0.3,0.1561759071403827
1287475186_2dee85f1a5.jpg,original,a boy sitting in water,a boy sitting in water,a small boy is sitting in the water and water is splashing up through his legs ||| a young boy in a swimming suit sits in water ||| a young boy sitting on a water jet in a pool ||| little boy sitting in water with a fountain coming up through his lap,4,0.36787944117144233,0.31859294158449203,0.2919861059565104,0.2601300475114445,0.4694736842105263,0.6666666666666666,0.9491265735357903
1287475186_2dee85f1a5.jpg,person_replacement,a boy sitting in water,a girl sitting in water,a small boy is sitting in the water and water is splashing up through his legs ||| a young boy in a swimming suit sits in water ||| a young boy sitting on a water jet in a pool ||| little boy sitting in water with a fountain coming up through his lap,4,0.2943035529371539,0.23266738769033593,0.187939657168897,0.10511935884582806,0.39473684210526316,0.5333333333333333,0.529659645277323
1287475186_2dee85f1a5.jpg,hallucination,a boy sitting in water,a boy sitting in water with a television,a small boy is sitting in the water and water is splashing up through his legs ||| a young boy in a swimming suit sits in water ||| a young boy sitting on a water jet in a pool ||| little boy sitting in water with a fountain coming up through his lap,4,0.6814506851874793,0.6156960795070859,0.5816869209797718,0.5506953149031837,0.5215419501133786,0.5714285714285714,1.188184474792571
769260947_02bc973d76.jpg,original,a dog stands shoulder deep in muddy water,a dog stands shoulder deep in muddy water,a dog with white fur is moving through deep murky water ||| a light tan dog swimming through swampy water ||| a white dog is standing in mud up to its neck ||| a white dog is wading in natural water with algae,4,0.625,0.2988071523335984,0.11416778509907355,0.07386099955930606,0.2949766355140187,0.4444444444444445,0.2804149921053957
769260947_02bc973d76.jpg,object_replacement,a dog stands shoulder deep in muddy water,a cat stands shoulder deep in muddy water,a dog with white fur is moving through deep murky water ||| a light tan dog swimming through swampy water ||| a white dog is standing in mud up to its neck ||| a white dog is wading in natural water with algae,4,0.5,0.08451542547285168,0.04919340734030987,0.039281465090051315,0.1530612244897959,0.33333333333333326,0.17941917657294262
769260947_02bc973d76.jpg,hallucination,a dog stands shoulder deep in muddy water,a dog stands shoulder deep in muddy water with a suitcase,a dog with white fur is moving through deep murky water ||| a light tan dog swimming through swampy water ||| a white dog is standing in mud up to its neck ||| a white dog is wading in natural water with algae,4,0.5454545454545454,0.33028912953790823,0.10662245642614353,0.06238986072117501,0.36831683168316837,0.47619047619047616,0.30831965313592774
3375134059_7e9eb2ef01.jpg,original,one dog on the ground and another dog standing above it,one dog on the ground and another dog standing above it,two beige dogs play in the grass ||| two dogs in a field facing each other ||| two dogs play with one another on the grass ||| two tan dogs play in the grass,4,0.36363636363636365,0.19069251784911848,0.07392788226202592,0.04740604259878138,0.4043478260869566,0.3,0.14653751652345587
3375134059_7e9eb2ef01.jpg,object_replacement,one dog on the ground and another dog standing above it,one cat on the ground and another dog standing above it,two beige dogs play in the grass ||| two dogs in a field facing each other ||| two dogs play with one another on the grass ||| two tan dogs play in the grass,4,0.36363636363636365,0.19069251784911848,0.07392788226202592,0.04740604259878138,0.4043478260869566,0.3,0.1302423217399894
3375134059_7e9eb2ef01.jpg,hallucination,one dog on the ground and another dog standing above it,one dog on the ground and another dog standing above it with a helicopter,two beige dogs play in the grass ||| two dogs in a field facing each other ||| two dogs play with one another on the grass ||| two tan dogs play in the grass,4,0.42857142857142855,0.1815682598006407,0.06500791025824092,0.03975360176263952,0.4488304093567252,0.2608695652173913,0.09655711343332898
494329594_6e751372a0.jpg,original,a black woman in a pink bikini is sitting on a towel on a lounge chair,a black woman in a pink bikini is sitting on a towel on a lounge chair,a girl with hot pink toe nails and bathing suit is laying on a hot pink towel ||| a woman in a pink bikini is laying on a deck lounge chair that is covered with a pink towel ||| there is a very oiled darker woman on a pink towel lounging on a lawn chair next to her flip flops and suntan lotion ||| woman in pink is suntanning,4,0.8219864299617914,0.6417412935699331,0.4799207272984559,0.39344656191799,0.5174180327868853,0.6111111111111112,0.9628388630330085
494329594_6e751372a0.jpg,person_replacement,a black woman in a pink bikini is sitting on a towel on a lounge chair,a black man in a pink bikini is sitting on a towel on a lounge chair,a girl with hot pink toe nails and bathing suit is laying on a hot pink towel ||| a woman in a pink bikini is laying on a deck lounge chair that is covered with a pink towel ||| there is a very oiled darker woman on a pink towel lounging on a lawn chair next to her flip flops and suntan lotion ||| woman in pink is suntanning,4,0.7632731135359491,0.5784577848872458,0.4068781655385513,0.3141116890623593,0.43509070294784574,0.5555555555555556,0.8710768146409964
494329594_6e751372a0.jpg,color_replacement,a black woman in a pink bikini is sitting on a towel on a lounge chair,a black woman in a purple bikini is sitting on a towel on a lounge chair,a girl with hot pink toe nails and bathing suit is laying on a hot pink towel ||| a woman in a pink bikini is laying on a deck lounge chair that is covered with a pink towel ||| there is a very oiled darker woman on a pink towel lounging on a lawn chair next to her flip flops and suntan lotion ||| woman in pink is suntanning,4,0.7632731135359491,0.5355478441185191,0.26798369440644304,0.10859493960784426,0.48309948979591827,0.5555555555555556,0.5896578233670651
494329594_6e751372a0.jpg,negation,a black woman in a pink bikini is sitting on a towel on a lounge chair,a black woman in a pink bikini is not sitting on a towel on a lounge chair,a girl with hot pink toe nails and bathing suit is laying on a hot pink towel ||| a woman in a pink bikini is laying on a deck lounge chair that is covered with a pink towel ||| there is a very oiled darker woman on a pink towel lounging on a lawn chair next to her flip flops and suntan lotion ||| woman in pink is suntanning,4,0.8235294117647058,0.6416889479197478,0.478857121200543,0.3916541813506835,0.5097167572763044,0.5945945945945946,0.9484004853347829
494329594_6e751372a0.jpg,hallucination,a black woman in a pink bikini is sitting on a towel on a lounge chair,a black woman in a pink bikini is sitting on a towel on a lounge chair with an umbrella,a girl with hot pink toe nails and bathing suit is laying on a hot pink towel ||| a woman in a pink bikini is laying on a deck lounge chair that is covered with a pink towel ||| there is a very oiled darker woman on a pink towel lounging on a lawn chair next to her flip flops and suntan lotion ||| woman in pink is suntanning,4,0.7489969579077136,0.5619788427847039,0.41310881835795527,0.33464494273746426,0.5328940621474721,0.6153846153846154,0.9942380729210738
599366440_a238e805cf.jpg,original,a black and white dog has pinned a brown dog to the ground in front of a wishing well,a black and white dog has pinned a brown dog to the ground in front of a wishing well,a white dog is trying to play with a brown dog ||| a white spotted dog plays with a brown dog on the green grass ||| two dogs play together on the grass in front of a small stone well ||| two dogs wrestling on a green lawn,4,0.631578947368421,0.4588314677411235,0.3336769761883771,0.21951524426618454,0.485126253891387,0.4375,0.36974312022618033
599366440_a238e805cf.jpg,object_replacement,a black and white dog has pinned a brown dog to the ground in front of a wishing well,a black and white cat has pinned a brown dog to the ground in front of a wishing well,a white dog is trying to play with a brown dog ||| a white spotted dog plays with a brown dog on the green grass ||| two dogs play together on the grass in front of a small stone well ||| two dogs wrestling on a green lawn,4,0.5789473684210527,0.40102208598815653,0.30502561089898556,0.20522120509305022,0.43771991555242784,0.4242424242424242,0.3032223150728092
599366440_a238e805cf.jpg,hallucination,a black and white dog has pinned a brown dog to the ground in front of a wishing well,a black and white dog has pinned a brown dog to the ground in front of a wishing well with a traffic cone,a white dog is trying to play with a brown dog ||| a white spotted dog plays with a brown dog on the green grass ||| two dogs play together on the grass in front of a small stone well ||| two dogs wrestling on a green lawn,4,0.5652173913043478,0.42407770188162636,0.29507400079660445,0.18931747781986427,0.5756915983606556,0.3888888888888889,0.1311001525214266
3182258223_5b9c8a8c55.jpg,original,a woman in shadow looks at the camera while the one in the sun looks at a book,a woman in shadow looks at the camera while the one in the sun looks at a book,girl stands reading a notebook ||| two girls stand up against a red wall ||| two young girls with headscarves stand near a door while one reads a book ||| two young women wearing black head scarves and colorful skirts stand near a red door,4,0.2777777777777778,0.12782749814122843,0.04674224115668197,0.02872495348091206,0.25833333333333336,0.31250000000000006,0.11967197370407809
3182258223_5b9c8a8c55.jpg,person_replacement,a woman in shadow looks at the camera while the one in the sun looks at a book,a man in shadow looks at the camera while the one in the sun looks at a book,girl stands reading a notebook ||| two girls stand up against a red wall ||| two young girls with headscarves stand near a door while one reads a book ||| two young women wearing black head scarves and colorful skirts stand near a red door,4,0.2777777777777778,0.12782749814122843,0.04674224115668197,0.02872495348091206,0.25833333333333336,0.31250000000000006,0.1200009748389399
3182258223_5b9c8a8c55.jpg,hallucination,a woman in shadow looks at the camera while the one in the sun looks at a book,a woman in shadow looks at the camera while the one in the sun looks at a book with a suitcase,girl stands reading a notebook ||| two girls stand up against a red wall ||| two young girls with headscarves stand near a door while one reads a book ||| two young women wearing black head scarves and colorful skirts stand near a red door,4,0.2857142857142857,0.11952286093343939,0.04220683497864847,0.02542254141389555,0.20408163265306123,0.2857142857142857,0.06948798048980911
380041023_0dfd712ef1.jpg,original,a brown and black dog runs through the leaves,a brown and black dog runs through the leaves,a brown dog is running ||| a brown dog with a red collar jumping across a leafy lawn ||| a dog with a brindlecolored coat is running across the yard ||| the brown dog is wearing a red collar,4,0.4444444444444444,0.23570226039551587,0.09258553738130408,0.06030725360407769,0.5844907407407408,0.5714285714285714,0.37920169458801267
380041023_0dfd712ef1.jpg,object_replacement,a brown and black dog runs through the leaves,a brown and black cat runs through the leaves,a brown dog is running ||| a brown dog with a red collar jumping across a leafy lawn ||| a dog with a brindlecolored coat is running across the yard ||| the brown dog is wearing a red collar,4,0.3333333333333333,0.20412414523193154,0.08411954328699874,0.056122223243057295,0.4732510288065844,0.42857142857142855,0.19901040667204717
380041023_0dfd712ef1.jpg,hallucination,a brown and black dog runs through the leaves,a brown and black dog runs through the leaves with a suitcase,a brown dog is running ||| a brown dog with a red collar jumping across a leafy lawn ||| a dog with a brindlecolored coat is running across the yard ||| the brown dog is wearing a red collar,4,0.5,0.30151134457776363,0.09687293061514647,0.05637560315259291,0.38413413413413416,0.47058823529411764,0.257909964682675
1000268201_693b08cb0e.jpg,original,a child in a pink dress is climbing up a set of stairs in an entry way,a child in a pink dress is climbing up a set of stairs in an entry way,a girl going into a wooden building ||| a little girl climbing into a wooden playhouse ||| a little girl climbing the stairs to her playhouse ||| a little girl in a pink dress going into a wooden cabin,4,0.47058823529411764,0.2970442628930023,0.22743660195259538,0.1702602472176709,0.40888888888888886,0.41379310344827586,0.31658203109660055
1000268201_693b08cb0e.jpg,color_replacement,a child in a pink dress is climbing up a set of stairs in an entry way,a child in a purple dress is climbing up a set of stairs in an entry way,a girl going into a wooden building ||| a little girl climbing into a wooden playhouse ||| a little girl climbing the stairs to her playhouse ||| a little girl in a pink dress going into a wooden cabin,4,0.4117647058823529,0.160422236979937,0.05556644666651005,0.033271889139709514,0.2,0.3448275862068966,0.1567429209760523
1000268201_693b08cb0e.jpg,action_replacement,a child in a pink dress is climbing up a set of stairs in an entry way,a child in a pink dress is standing beside a set of stairs in an entry way,a girl going into a wooden building ||| a little girl climbing into a wooden playhouse ||| a little girl climbing the stairs to her playhouse ||| a little girl in a pink dress going into a wooden cabin,4,0.4117647058823529,0.27785946511310566,0.21753528398945562,0.16467029855845897,0.40888888888888886,0.41379310344827586,0.25292897470506326
1000268201_693b08cb0e.jpg,negation,a child in a pink dress is climbing up a set of stairs in an entry way,a child in a pink dress is not climbing up a set of stairs in an entry way,a girl going into a wooden building ||| a little girl climbing into a wooden playhouse ||| a little girl climbing the stairs to her playhouse ||| a little girl in a pink dress going into a wooden cabin,4,0.4444444444444444,0.28005601680560194,0.21402603672366552,0.15989214998944032,0.40564373897707234,0.4,0.24848796273787013
1000268201_693b08cb0e.jpg,hallucination,a child in a pink dress is climbing up a set of stairs in an entry way,a child in a pink dress is climbing up a set of stairs in an entry way with an umbrella,a girl going into a wooden building ||| a little girl climbing into a wooden playhouse ||| a little girl climbing the stairs to her playhouse ||| a little girl in a pink dress going into a wooden cabin,4,0.4,0.2513123449750173,0.19145279541171123,0.14253911354181859,0.3993055555555556,0.37499999999999994,0.15115317314819832
3669564923_8fcb1a6eff.jpg,original,the girls are both eating and the girl wearing the color red has cake icing on her upper lip,the girls are both eating and the girl wearing the color red has cake icing on her upper lip,two girls are eating cake and one has blue icing on her face ||| two girls play with their food for the camera ||| two little girls are eating and making a mess ||| two young girls having fun while eating,4,0.5263157894736842,0.3419927840283847,0.19019320108064594,0.08097785064266204,0.5637254901960784,0.5,0.35706101575463023
3669564923_8fcb1a6eff.jpg,person_replacement,the girls are both eating and the girl wearing the color red has cake icing on her upper lip,the girls are both eating and the boy wearing the color red has cake icing on his upper lip,two girls are eating cake and one has blue icing on her face ||| two girls play with their food for the camera ||| two little girls are eating and making a mess ||| two young girls having fun while eating,4,0.47368421052631576,0.2809757434745082,0.07743956633548241,0.04127548532835144,0.4641544117647059,0.4375,0.303687253139292
3669564923_8fcb1a6eff.jpg,color_replacement,the girls are both eating and the girl wearing the color red has cake icing on her upper lip,the girls are both eating and the girl wearing the color blue has cake icing on her upper lip,two girls are eating cake and one has blue icing on her face ||| two girls play with their food for the camera ||| two little girls are eating and making a mess ||| two young girls having fun while eating,4,0.5789473684210527,0.35868505789931354,0.19633265957054521,0.08293052535578585,0.6091911764705883,0.5,0.3697232067062433
3669564923_8fcb1a6eff.jpg,hallucination,the girls are both eating and the girl wearing the color red has cake icing on her upper lip,the girls are both eating and the girl wearing the color red has cake icing on her upper lip with an umbrella,two girls are eating cake and one has blue icing on her face ||| two girls play with their food for the camera ||| two little girls are eating and making a mess ||| two young girls having fun while eating,4,0.5,0.3086066999241838,0.16823908657399744,0.07075494147561419,0.5515587529976019,0.4571428571428572,0.1647693013760887
2952320230_26601173be.jpg,original,a female tennis player swings for the ball,a female tennis player swings for the ball,a woman intensely playing tennis in an allwhite outfit ||| a woman swinging a tennis racket on the court ||| the tennis player dressed in white swings the racket ||| the woman is dressed in all white swinging a tennis racket,4,0.5515605641153721,0.263696386404524,0.10075271672487614,0.06518210333288976,0.3546348314606741,0.47058823529411764,0.7337513646648084
2952320230_26601173be.jpg,object_replacement,a female tennis player swings for the ball,a female tennis player swings for the book,a woman intensely playing tennis in an allwhite outfit ||| a woman swinging a tennis racket on the court ||| the tennis player dressed in white swings the racket ||| the woman is dressed in all white swinging a tennis racket,4,0.5515605641153721,0.263696386404524,0.10075271672487614,0.06518210333288976,0.3546348314606741,0.47058823529411764,0.7092966753071995
2952320230_26601173be.jpg,hallucination,a female tennis player swings for the ball,a female tennis player swings for the ball with a suitcase,a woman intensely playing tennis in an allwhite outfit ||| a woman swinging a tennis racket on the court ||| the tennis player dressed in white swings the racket ||| the woman is dressed in all white swinging a tennis racket,4,0.5454545454545454,0.2335496832484569,0.08462629974714689,0.052463410228614595,0.34307065217391297,0.39999999999999997,0.6217949054780404
3600403707_527aa0596e.jpg,original,a garden shop is being perused by shoppers with a sitting shop owner waving,a garden shop is being perused by shoppers with a sitting shop owner waving,a man waves to the camera from inside a greenhouse section of a farm products store ||| a man wearing a grey shirt waving in the middle of a plant nursery ||| people browse for herbs at a greenhouse ||| racks of plants at the farm products store,4,0.21428571428571425,0.040599897147057515,0.023949118905214707,0.018798317647335087,0.12658227848101264,0.21428571428571427,0.04573422001532098
3600403707_527aa0596e.jpg,negation,a garden shop is being perused by shoppers with a sitting shop owner waving,a garden shop is not being perused by shoppers with a sitting shop owner waving,a man waves to the camera from inside a greenhouse section of a farm products store ||| a man wearing a grey shirt waving in the middle of a plant nursery ||| people browse for herbs at a greenhouse ||| racks of plants at the farm products store,4,0.2,0.03779644730092273,0.022232392577061867,0.017395797375642234,0.12578616352201258,0.20689655172413796,0.043574032467037074
3600403707_527aa0596e.jpg,hallucination,a garden shop is being perused by shoppers with a sitting shop owner waving,a garden shop is being perused by shoppers with a sitting shop owner waving with a helicopter,a man waves to the camera from inside a greenhouse section of a farm products store ||| a man wearing a grey shirt waving in the middle of a plant nursery ||| people browse for herbs at a greenhouse ||| racks of plants at the farm products store,4,0.23529411764705885,0.03834824944236853,0.021402603672366557,0.01626739260030573,0.15527950310559008,0.2580645161290323,0.03826814020987278
3256043809_47258e0b3e.jpg,original,a brown and white dog is sniffing the snow covered ground,a brown and white dog is sniffing the snow covered ground,a brown and white dog walking in the snow near a fence ||| a brown white greyhound dog sniffs the snow ||| a lean white and brown dog makes its way through a patch of snow ||| a slender dog checks out a snowy patch of land,4,0.6363636363636364,0.5640760748177662,0.47335252868199446,0.40352786374639904,0.6157965194109771,0.631578947368421,0.9058183718592032
3256043809_47258e0b3e.jpg,object_replacement,a brown and white dog is sniffing the snow covered ground,a brown and white cat is sniffing the snow covered ground,a brown and white dog walking in the snow near a fence ||| a brown white greyhound dog sniffs the snow ||| a lean white and brown dog makes its way through a patch of snow ||| a slender dog checks out a snowy patch of land,4,0.5454545454545454,0.4670993664969138,0.3646436717285792,0.2790159393585827,0.5373493975903614,0.5263157894736842,0.6058055886581675
3256043809_47258e0b3e.jpg,action_replacement,a brown and white dog is sniffing the snow covered ground,a brown and white dog is walking on the snow covered ground,a brown and white dog walking in the snow near a fence ||| a brown white greyhound dog sniffs the snow ||| a lean white and brown dog makes its way through a patch of snow ||| a slender dog checks out a snowy patch of land,4,0.6666666666666666,0.5504818825631803,0.44964431302260915,0.37700638045494705,0.625,0.6666666666666666,1.1055976315211355
3256043809_47258e0b3e.jpg,negation,a brown and white dog is sniffing the snow covered ground,a brown and white dog is not sniffing the snow covered ground,a brown and white dog walking in the snow near a fence ||| a brown white greyhound dog sniffs the snow ||| a lean white and brown dog makes its way through a patch of snow ||| a slender dog checks out a snowy patch of land,4,0.5833333333333334,0.5149286505444373,0.4300693137686091,0.3646285861936467,0.6084656084656085,0.6,0.8126668135548025
3256043809_47258e0b3e.jpg,hallucination,a brown and white dog is sniffing the snow covered ground,a brown and white dog is sniffing the snow covered ground with a helicopter,a brown and white dog walking in the snow near a fence ||| a brown white greyhound dog sniffs the snow ||| a lean white and brown dog makes its way through a patch of snow ||| a slender dog checks out a snowy patch of land,4,0.5714285714285714,0.4688072309384954,0.3801685654384932,0.3161487584488943,0.6384477459016394,0.6153846153846153,0.689554306775074
3481859121_3d3e566ec0.jpg,original,a group of people sitting on a sidewalk,a group of people sitting on a sidewalk,girls sit on benches ||| the girl is wearing silver shoes and a pink jacket ||| the girls take a break in the afternoon ||| two teenage girls are texting in the park,4,0.25,0.059761430466719695,0.03904483328095401,0.03303164318013808,0.42613636363636365,0.3333333333333333,0.004288865906686733
3481859121_3d3e566ec0.jpg,hallucination,a group of people sitting on a sidewalk,a group of people sitting on a sidewalk with a traffic cone,girls sit on benches ||| the girl is wearing silver shoes and a pink jacket ||| the girls take a break in the afternoon ||| two teenage girls are texting in the park,4,0.16666666666666669,0.03892494720807617,0.02474488015799765,0.020255986027125642,0.390625,0.25,0.0012982862367855584
3482237861_605b4f0fd9.jpg,original,a boy is riding a scooter down the concrete path,a boy is riding a scooter down the concrete path,a child on a scooter moving down the sidewalk ||| a youth rides a scooter on a sidewalk near a building ||| the boy is riding his scooter on the sidewalk ||| young boy rides his scooter on drive,4,0.8,0.5962847939999439,0.3542195230608704,0.15873761852172436,0.49010989010989015,0.5263157894736842,1.0810146943255614
3482237861_605b4f0fd9.jpg,person_replacement,a boy is riding a scooter down the concrete path,a girl is riding a scooter down the concrete path,a child on a scooter moving down the sidewalk ||| a youth rides a scooter on a sidewalk near a building ||| the boy is riding his scooter on the sidewalk ||| young boy rides his scooter on drive,4,0.7,0.4830458915396479,0.14287698137188995,0.08034284189446518,0.49010989010989015,0.5263157894736842,0.915200445536295
3482237861_605b4f0fd9.jpg,action_replacement,a boy is riding a scooter down the concrete path,a boy is carrying a scooter down the concrete path,a child on a scooter moving down the sidewalk ||| a youth rides a scooter on a sidewalk near a building ||| the boy is riding his scooter on the sidewalk ||| young boy rides his scooter on drive,4,0.7,0.4830458915396479,0.14287698137188995,0.08034284189446518,0.49010989010989015,0.5263157894736842,0.8536942123350898
3482237861_605b4f0fd9.jpg,negation,a boy is riding a scooter down the concrete path,a boy is not riding a scooter down the concrete path,a child on a scooter moving down the sidewalk ||| a youth rides a scooter on a sidewalk near a building ||| the boy is riding his scooter on the sidewalk ||| young boy rides his scooter on drive,4,0.7272727272727273,0.46709936649691375,0.13433587724279708,0.07419446627365012,0.48478260869565226,0.5,0.8321093951295073
3482237861_605b4f0fd9.jpg,hallucination,a boy is riding a scooter down the concrete path,a boy is riding a scooter down the concrete path with a helicopter,a child on a scooter moving down the sidewalk ||| a youth rides a scooter on a sidewalk near a building ||| the boy is riding his scooter on the sidewalk ||| young boy rides his scooter on drive,4,0.6923076923076923,0.48038446141526137,0.2758005147606801,0.12035005811198446,0.474468085106383,0.4545454545454546,0.7615825829025135
3429465163_fb8ac7ce7f.jpg,original,a child in a red and grey coat in front of a wooden shed,a child in a red and grey coat in front of a wooden shed,a child s shadow is shown behind him ||| a little boy in a thick jacket stands with his hand high over his head ||| the little boy in the red jacket is casting a shadow ||| this boy is waving around his arms outside,4,0.33252242132286536,0.2182444817914707,0.07176203639935301,0.04205499985175034,0.17699115044247787,0.23999999999999996,0.0590813397657127
3429465163_fb8ac7ce7f.jpg,hallucination,a child in a red and grey coat in front of a wooden shed,a child in a red and grey coat in front of a wooden shed with a suitcase,a child s shadow is shown behind him ||| a little boy in a thick jacket stands with his hand high over his head ||| the little boy in the red jacket is casting a shadow ||| this boy is waving around his arms outside,4,0.35294117647058826,0.21004201260420147,0.06650286584282479,0.03807134866446317,0.1724137931034483,0.25,0.03291111227988618
3150315970_8f045c41a4.jpg,original,a couple leaning over a concrete railing inside of a building,a couple leaning over a concrete railing inside of a building,a man and a woman are looking at each other while standing on an elaborate indoor balcony ||| a man and a woman looking over a balcony at an elegant building ||| a man and woman are gazing at each other on a balcony inside a building ||| a man and woman stand at a balcony looking at each other,4,0.4980549361539613,0.30158724076130894,0.09735704133448597,0.05696822651325549,0.2547945205479452,0.3846153846153846,0.22724090507652472
3150315970_8f045c41a4.jpg,hallucination,a couple leaning over a concrete railing inside of a building,a couple leaning over a concrete railing inside of a building with a suitcase,a man and a woman are looking at each other while standing on an elaborate indoor balcony ||| a man and a woman looking over a balcony at an elegant building ||| a man and woman are gazing at each other on a balcony inside a building ||| a man and woman stand at a balcony looking at each other,4,0.42857142857142855,0.25677629550654774,0.0819048345440346,0.047275266063115634,0.19083969465648856,0.3448275862068965,0.23393621714969826
292780636_72e1968949.jpg,original,a man in a black coat and hat sits by an old building,a man in a black coat and hat sits by an old building,a man with a black hat sits against a brick building ||| an old man in a black coat and hat leans against a brick building ||| old man in black coat and hat sitting against brick building ||| white haired man in black hat and coat sitting against brick wall,4,0.9230769230769231,0.8320502943378437,0.6801825596093484,0.5956403592718089,0.7682980599647267,0.6666666666666667,2.3725902951514777
292780636_72e1968949.jpg,person_replacement,a man in a black coat and hat sits by an old building,a woman in a black coat and hat sits by an old building,a man with a black hat sits against a brick building ||| an old man in a black coat and hat leans against a brick building ||| old man in black coat and hat sitting against brick building ||| white haired man in black hat and coat sitting against brick wall,4,0.8461538461538461,0.702559423529244,0.5640849044411526,0.4817133384556925,0.6696428571428572,0.5833333333333334,2.121567965652939
292780636_72e1968949.jpg,hallucination,a man in a black coat and hat sits by an old building,a man in a black coat and hat sits by an old building with a television,a man with a black hat sits against a brick building ||| an old man in a black coat and hat leans against a brick building ||| old man in black coat and hat sitting against brick building ||| white haired man in black hat and coat sitting against brick wall,4,0.875,0.7637626158259733,0.5928155507483438,0.5031747626530138,0.7560237457804679,0.5925925925925926,1.684728468122033
766061382_6c7ff514c4.jpg,original,a bare chested smiling child plays in water,a bare chested smiling child plays in water,a child with shoulderlength brown hair is playing in water outdoors ||| a topless boy with long hair who is drenched in water is flexing his muscles whilst smiling ||| a wet smiling child without a shirt poses with arms raised ||| a young boy with long hair plays in the water,4,0.5841005873035536,0.44153854132913556,0.13627121310819992,0.07923502246035705,0.41682242990654206,0.5263157894736842,0.4774536669489078
766061382_6c7ff514c4.jpg,hallucination,a bare chested smiling child plays in water,a bare chested smiling child plays in water with a suitcase,a child with shoulderlength brown hair is playing in water outdoors ||| a topless boy with long hair who is drenched in water is flexing his muscles whilst smiling ||| a wet smiling child without a shirt poses with arms raised ||| a young boy with long hair plays in the water,4,0.7272727272727273,0.46709936649691375,0.13433587724279708,0.07419446627365012,0.46464646464646464,0.45454545454545453,0.4928158174833801
2630806789_6835bbae95.jpg,original,an orange canoe aimed toward two other canoes on a lake,an orange canoe aimed toward two other canoes on a lake,several orange kayakers row in a mountain lake ||| three kayaks are out on the water with a mountain in the background ||| two canoes cross the water behind them are some houses ||| view of a mountain as seen from a kayak,4,0.5454545454545454,0.07385489458759967,0.03928004879363249,0.02950234363196405,0.18072289156626503,0.3157894736842105,0.2498524029138352
2630806789_6835bbae95.jpg,hallucination,an orange canoe aimed toward two other canoes on a lake,an orange canoe aimed toward two other canoes on a lake with a helicopter,several orange kayakers row in a mountain lake ||| three kayaks are out on the water with a mountain in the background ||| two canoes cross the water behind them are some houses ||| view of a mountain as seen from a kayak,4,0.5714285714285714,0.20965696734438366,0.07155046342512741,0.04271802513581977,0.1950805767599661,0.2727272727272727,0.17714496168904803
3128514681_a51b415c31.jpg,original,two ladies wearing dresses pose on the side of the road at night,two ladies wearing dresses pose on the side of the road at night,two woman wearing dresses stand in the street and pose ||| two women in dresses pose on a street ||| two women on the side of a road ||| two women wearing dresses and heels posing under hanging lights on a street,4,0.6923076923076923,0.5883484054145521,0.45533661747372717,0.31170906522700675,0.5016339869281046,0.5714285714285714,1.3482546671165818
3128514681_a51b415c31.jpg,hallucination,two ladies wearing dresses pose on the side of the road at night,two ladies wearing dresses pose on the side of the road at night with a traffic cone,two woman wearing dresses stand in the street and pose ||| two women in dresses pose on a street ||| two women on the side of a road ||| two women wearing dresses and heels posing under hanging lights on a street,4,0.5882352941176471,0.4696682183138622,0.35334920131539654,0.23693055763743093,0.538867232286173,0.48,0.5779343663165969
2242863004_3a9f82a31f.jpg,original,a dog attempting to chew on a red ball,a dog attempting to chew on a red ball,a dog with a red ball ||| a german shepherd is playing with a red ball ||| a german shepherd is playing with a red ball ||| a german sheppard dog bting a large red ball,4,0.5555555555555556,0.45643546458763845,0.3098990471205467,0.14923729480049117,0.7682539682539684,0.6666666666666667,1.3194602570229585
2242863004_3a9f82a31f.jpg,object_replacement,a dog attempting to chew on a red ball,a cat attempting to chew on a red ball,a dog with a red ball ||| a german shepherd is playing with a red ball ||| a german shepherd is playing with a red ball ||| a german sheppard dog bting a large red ball,4,0.4444444444444444,0.33333333333333337,0.25131581370971795,0.12753431387594827,0.5952380952380953,0.5333333333333333,1.125091638312579
2242863004_3a9f82a31f.jpg,color_replacement,a dog attempting to chew on a red ball,a dog attempting to chew on a blue ball,a dog with a red ball ||| a german shepherd is playing with a red ball ||| a german shepherd is playing with a red ball ||| a german sheppard dog bting a large red ball,4,0.4444444444444444,0.23570226039551587,0.09258553738130408,0.06030725360407769,0.5009920634920636,0.5333333333333333,0.45138684832933157
2242863004_3a9f82a31f.jpg,hallucination,a dog attempting to chew on a red ball,a dog attempting to chew on a red ball with a television,a dog with a red ball ||| a german shepherd is playing with a red ball ||| a german shepherd is playing with a red ball ||| a german sheppard dog bting a large red ball,4,0.5,0.4264014327112209,0.26295358943292957,0.119219885465362,0.7744107744107744,0.5555555555555556,0.9202576169457308
3304030264_da3dd18c7b.jpg,original,a boy in black pants and green tshirt jumps high with his skateboard,a boy in black pants and green tshirt jumps high with his skateboard,a guy on a skateboard jumping off some steps ||| a person in a green shirt on a skateboard jumping off of a short set of stairs ||| a skateboarder in a green shirt is taking a jump of a step in front of a pink building ||| he is in the air on his skateboard,4,0.38461538461538464,0.17902871850985821,0.0662955289840255,0.04131551591106297,0.3006535947712418,0.2857142857142857,0.42422255561909694
3304030264_da3dd18c7b.jpg,person_replacement,a boy in black pants and green tshirt jumps high with his skateboard,a girl in black pants and green tshirt jumps high with her skateboard,a guy on a skateboard jumping off some steps ||| a person in a green shirt on a skateboard jumping off of a short set of stairs ||| a skateboarder in a green shirt is taking a jump of a step in front of a pink building ||| he is in the air on his skateboard,4,0.30769230769230765,0.050636968354183326,0.028565877487439748,0.021972813874997166,0.1595744680851064,0.26666666666666666,0.3267753807347121
3304030264_da3dd18c7b.jpg,hallucination,a boy in black pants and green tshirt jumps high with his skateboard,a boy in black pants and green tshirt jumps high with his skateboard with a helicopter,a guy on a skateboard jumping off some steps ||| a person in a green shirt on a skateboard jumping off of a short set of stairs ||| a skateboarder in a green shirt is taking a jump of a step in front of a pink building ||| he is in the air on his skateboard,4,0.35227989855505343,0.14853424711027047,0.05290059854273568,0.03216057093758145,0.29040404040404044,0.30303030303030304,0.2918898390880018
2431120202_b24fe2333a.jpg,original,a girl crosscountry skis,a girl crosscountry skis,a girl on skis in snow ||| a little girl wearing a purple winter coat and sunglasses skiing in the snow ||| little girl on skis ||| the young girl is crosscountry skiing,4,1.0,0.5773502691896257,0.25543647746451775,0.20205155046766235,0.4406130268199233,0.6,1.1493066117146062
2431120202_b24fe2333a.jpg,person_replacement,a girl crosscountry skis,a boy crosscountry skis,a girl on skis in snow ||| a little girl wearing a purple winter coat and sunglasses skiing in the snow ||| little girl on skis ||| the young girl is crosscountry skiing,4,0.75,0.15811388300841897,0.10772173450159421,0.10573712634405641,0.32327586206896547,0.4,0.8971983762343322
2431120202_b24fe2333a.jpg,hallucination,a girl crosscountry skis,a girl crosscountry skis with a traffic cone,a girl on skis in snow ||| a little girl wearing a purple winter coat and sunglasses skiing in the snow ||| little girl on skis ||| the young girl is crosscountry skiing,4,0.625,0.2988071523335984,0.11416778509907355,0.07386099955930606,0.41218637992831536,0.42857142857142855,0.6729335046783551
1419286010_b59af3962a.jpg,original,a fisherman is reeling his rod while another relaxes in a boat on water,a fisherman is reeling his rod while another relaxes in a boat on water,a man in a gray cap fishing ||| a man sits in a boat and holds a fishing pole while another lays down ||| a man wearing a grey hat fishing out of a fishing boat ||| two men in a boat fishing,4,0.39902690558743836,0.2928056981999661,0.18806973932451002,0.08662350693165403,0.4330065359477125,0.3,0.3986978181441287
1419286010_b59af3962a.jpg,object_replacement,a fisherman is reeling his rod while another relaxes in a boat on water,a fisherman is reeling his rod while another relaxes in a car on water,a man in a gray cap fishing ||| a man sits in a boat and holds a fishing pole while another lays down ||| a man wearing a grey hat fishing out of a fishing boat ||| two men in a boat fishing,4,0.33252242132286536,0.2182444817914707,0.07176203639935301,0.04205499985175034,0.3430275913497391,0.2857142857142857,0.08780581659704592
1419286010_b59af3962a.jpg,negation,a fisherman is reeling his rod while another relaxes in a boat on water,a fisherman is not reeling his rod while another relaxes in a boat on water,a man in a gray cap fishing ||| a man sits in a boat and holds a fishing pole while another lays down ||| a man wearing a grey hat fishing out of a fishing boat ||| two men in a boat fishing,4,0.4,0.29277002188455997,0.1875152612730611,0.08609583710384033,0.42673107890499196,0.28571428571428575,0.3556762709300758
1419286010_b59af3962a.jpg,hallucination,a fisherman is reeling his rod while another relaxes in a boat on water,a fisherman is reeling his rod while another relaxes in a boat on water with a helicopter,a man in a gray cap fishing ||| a man sits in a boat and holds a fishing pole while another lays down ||| a man wearing a grey hat fishing out of a fishing boat ||| two men in a boat fishing,4,0.4117647058823529,0.27785946511310566,0.17265786932253144,0.07786777655685517,0.4934210526315789,0.3125,0.28936886512342086
370614351_98b8a166b9.jpg,original,a man with a mohawk with his arms in the air,a man with a mohawk with his arms in the air,a man with multicolored hair wearing a weird outfit ||| a person in a kilt and a sports jersey and a mohawk is in a store ||| punk rocker buys computer ink in the bigbox store ||| the man with the eccentric clothing and hair poses in a store,4,0.5810640921796215,0.4606821198071898,0.2782016036233933,0.12520650587405682,0.34307065217391297,0.39999999999999997,0.3371793263215997
370614351_98b8a166b9.jpg,person_replacement,a man with a mohawk with his arms in the air,a woman with a mohawk with her arms in the air,a man with multicolored hair wearing a weird outfit ||| a person in a kilt and a sports jersey and a mohawk is in a store ||| punk rocker buys computer ink in the bigbox store ||| the man with the eccentric clothing and hair poses in a store,4,0.4980549361539613,0.30158724076130894,0.09735704133448597,0.05696822651325549,0.20380434782608692,0.3,0.19420124255957918
370614351_98b8a166b9.jpg,hallucination,a man with a mohawk with his arms in the air,a man with a mohawk with his arms in the air with a television,a man with multicolored hair wearing a weird outfit ||| a person in a kilt and a sports jersey and a mohawk is in a store ||| punk rocker buys computer ink in the bigbox store ||| the man with the eccentric clothing and hair poses in a store,4,0.5714285714285714,0.41931393468876726,0.24469914286107722,0.10743014571163138,0.23544303797468355,0.34782608695652173,0.29788058970392767
811662356_f9a632b63c.jpg,original,a child stands near a fence,a child stands near a fence,a small child touches a wooden fence ||| a toddler boy stands by a wooden fence ||| a toddler in a white tshirt is touching the wooden fence ||| blond boy touching wooden wall,4,0.8333333333333334,0.12909944487358058,0.07469007910928609,0.06104735835807843,0.2898550724637681,0.6153846153846153,0.5799625119878922
811662356_f9a632b63c.jpg,hallucination,a child stands near a fence,a child stands near a fence with a suitcase,a small child touches a wooden fence ||| a toddler boy stands by a wooden fence ||| a toddler in a white tshirt is touching the wooden fence ||| blond boy touching wooden wall,4,0.5555555555555556,0.08333333333333337,0.04629276869065204,0.03585890753612134,0.2777777777777778,0.5,0.419121121603696
3547499166_67fb4af4ea.jpg,original,the three people are dancing on a wood floor in kitchen clothing,the three people are dancing on a wood floor in kitchen clothing,three dancers dancing in housekeeping clothes ||| three people dance together to prepare for a show ||| two girls and a boy perform a dance ||| two girls dressed like waitresses dance along with a man dressed as a chef,4,0.35270071870442254,0.16474628226984195,0.0612467353095278,0.03834034153732051,0.33938172043010756,0.4444444444444444,0.22961100891409297
3547499166_67fb4af4ea.jpg,negation,the three people are dancing on a wood floor in kitchen clothing,the three people are not dancing on a wood floor in kitchen clothing,three dancers dancing in housekeeping clothes ||| three people dance together to prepare for a show ||| two girls and a boy perform a dance ||| two girls dressed like waitresses dance along with a man dressed as a chef,4,0.3561388764008908,0.1657736252993399,0.06138707952721118,0.03825655967767164,0.3357712765957447,0.42105263157894735,0.18816347887361107
3547499166_67fb4af4ea.jpg,hallucination,the three people are dancing on a wood floor in kitchen clothing,the three people are dancing on a wood floor in kitchen clothing with a television,three dancers dancing in housekeeping clothes ||| three people dance together to prepare for a show ||| two girls and a boy perform a dance ||| two girls dressed like waitresses dance along with a man dressed as a chef,4,0.4666666666666667,0.25819888974716115,0.08004271223448947,0.045466972369917126,0.32877604166666663,0.3809523809523809,0.13232818720152476
3682277595_55f8b16975.jpg,original,a brown and white dog trots across shallow water with his mouth open,a brown and white dog trots across shallow water with his mouth open,a brown spotted dog walks in shallow water ||| a greyhound walks in the rain through a large puddle ||| a white and brown dog is walking through the water ||| the dog walks through the water,4,0.5384615384615384,0.29957234475763905,0.09344087947013886,0.05344445934790546,0.5247058823529411,0.4761904761904762,0.4116514842466379
3682277595_55f8b16975.jpg,object_replacement,a brown and white dog trots across shallow water with his mouth open,a brown and white cat trots across shallow water with his mouth open,a brown spotted dog walks in shallow water ||| a greyhound walks in the rain through a large puddle ||| a white and brown dog is walking through the water ||| the dog walks through the water,4,0.46153846153846156,0.2773500981126146,0.08876082309006834,0.051424016050282635,0.4411764705882353,0.380952380952381,0.31653371425444327
3682277595_55f8b16975.jpg,hallucination,a brown and white dog trots across shallow water with his mouth open,a brown and white dog trots across shallow water with his mouth open with a suitcase,a brown spotted dog walks in shallow water ||| a greyhound walks in the rain through a large puddle ||| a white and brown dog is walking through the water ||| the dog walks through the water,4,0.5,0.25819888974716115,0.07808966656190802,0.043748114312246456,0.4227272727272728,0.4166666666666667,0.21833968774617896
2528547068_7d37479b9b.jpg,original,a race car drives through a dirtcovered racetrack,a race car drives through a dirtcovered racetrack,a red car emitting smoke while on a paved track ||| a red race car pulls off the track smoking ||| a red race car travels down a road marked with red and white striped ribbons ||| a red rally car taking a slippery turn in a race,4,0.4412484512922977,0.3335524767176619,0.11784109235066961,0.07330918073382302,0.3546348314606741,0.35294117647058826,0.4428741926765148
2528547068_7d37479b9b.jpg,object_replacement,a race car drives through a dirtcovered racetrack,a race truck drives through a dirtcovered racetrack,a red car emitting smoke while on a paved track ||| a red race car pulls off the track smoking ||| a red race car travels down a road marked with red and white striped ribbons ||| a red rally car taking a slippery turn in a race,4,0.3309363384692233,0.20425834259995942,0.08497813240365443,0.057367534172156044,0.18691588785046728,0.26086956521739135,0.13080057769731912
2528547068_7d37479b9b.jpg,hallucination,a race car drives through a dirtcovered racetrack,a race car drives through a dirtcovered racetrack with a television,a red car emitting smoke while on a paved track ||| a red race car pulls off the track smoking ||| a red race car travels down a road marked with red and white striped ribbons ||| a red rally car taking a slippery turn in a race,4,0.5454545454545454,0.33028912953790823,0.10662245642614353,0.06238986072117501,0.3876262626262626,0.3846153846153846,0.4353131751064127
289599470_cc665e2dfb.jpg,original,a black haired girl is eating corn on the cob,a black haired girl is eating corn on the cob,a man is eating a piece of corn on the cob ||| a man is nibbling on an ear of corn ||| a person with dark hair is eating a very large ear of corn ||| the child with black hair is eating corn on the cob,4,0.8,0.6666666666666667,0.60570686427738,0.5555238068023582,0.7282110091743119,0.761904761904762,2.5876190113903776
289599470_cc665e2dfb.jpg,person_replacement,a black haired girl is eating corn on the cob,a black haired boy is eating corn on the cob,a man is eating a piece of corn on the cob ||| a man is nibbling on an ear of corn ||| a person with dark hair is eating a very large ear of corn ||| the child with black hair is eating corn on the cob,4,0.8,0.6666666666666667,0.60570686427738,0.5555238068023582,0.7282110091743119,0.761904761904762,2.569041158824956
289599470_cc665e2dfb.jpg,negation,a black haired girl is eating corn on the cob,a black haired girl is not eating corn on the cob,a man is eating a piece of corn on the cob ||| a man is nibbling on an ear of corn ||| a person with dark hair is eating a very large ear of corn ||| the child with black hair is eating corn on the cob,4,0.7272727272727273,0.5393598899705937,0.459422237721793,0.3945881255591767,0.7080965909090909,0.7272727272727273,2.005463926838057
289599470_cc665e2dfb.jpg,hallucination,a black haired girl is eating corn on the cob,a black haired girl is eating corn on the cob with an umbrella,a man is eating a piece of corn on the cob ||| a man is nibbling on an ear of corn ||| a person with dark hair is eating a very large ear of corn ||| the child with black hair is eating corn on the cob,4,0.7692307692307693,0.5661385170722979,0.4884696339923532,0.43242270754632145,0.7886904761904763,0.6666666666666667,2.0701536363519195
3613705104_46d854134e.jpg,original,a boy skateboards off a ramp covered in graffiti,a boy skateboards off a ramp covered in graffiti,a male skateboarder is skating in a vandalized skate park ||| a man does a jump on a skateboard surrounded by graffiti ||| a man does a skating trick off of graffitifilled stairs ||| a skateboarder skates down stairs covered in graffiti,4,0.6666666666666666,0.408248290463863,0.28768479133239405,0.14113991930789777,0.5506172839506173,0.5882352941176471,0.6145792449354355
3613705104_46d854134e.jpg,person_replacement,a boy skateboards off a ramp covered in graffiti,a girl skateboards off a ramp covered in graffiti,a male skateboarder is skating in a vandalized skate park ||| a man does a jump on a skateboard surrounded by graffiti ||| a man does a skating trick off of graffitifilled stairs ||| a skateboarder skates down stairs covered in graffiti,4,0.6666666666666666,0.408248290463863,0.28768479133239405,0.14113991930789777,0.5506172839506173,0.5882352941176471,0.6166640273813618
3613705104_46d854134e.jpg,hallucination,a boy skateboards off a ramp covered in graffiti,a boy skateboards off a ramp covered in graffiti with a helicopter,a male skateboarder is skating in a vandalized skate park ||| a man does a jump on a skateboard surrounded by graffiti ||| a man does a skating trick off of graffitifilled stairs ||| a skateboarder skates down stairs covered in graffiti,4,0.5833333333333334,0.3256694736394648,0.21971078114927187,0.10419044640136393,0.530952380952381,0.5,0.46179491790679483
3232470286_903a61ea16.jpg,original,a ball is about to enter a goal at a soccer match,a ball is about to enter a goal at a soccer match,a soccer player in a white shirt kicked a goal ||| a soccer player tries to kick the ball in the goal ||| a soccer team scores a goal ||| goal attempt during a soccer game being played on green grass,4,0.5833333333333334,0.3256694736394648,0.10198071084068015,0.05859059370151704,0.33513513513513515,0.3333333333333333,1.1106718888852276
3232470286_903a61ea16.jpg,object_replacement,a ball is about to enter a goal at a soccer match,a book is about to enter a goal at a soccer match,a soccer player in a white shirt kicked a goal ||| a soccer player tries to kick the ball in the goal ||| a soccer team scores a goal ||| goal attempt during a soccer game being played on green grass,4,0.5,0.30151134457776363,0.09687293061514647,0.05637560315259291,0.30303030303030304,0.3333333333333333,1.0555628788375604
3232470286_903a61ea16.jpg,hallucination,a ball is about to enter a goal at a soccer match,a ball is about to enter a goal at a soccer match with a helicopter,a soccer player in a white shirt kicked a goal ||| a soccer player tries to kick the ball in the goal ||| a soccer team scores a goal ||| goal attempt during a soccer game being played on green grass,4,0.4666666666666667,0.25819888974716115,0.08004271223448947,0.045466972369917126,0.4574275362318841,0.28571428571428575,0.7384323548917925
2115631346_9585a479b0.jpg,original,two brown dogs are running through the snow,two brown dogs are running through the snow,two brown dogs run across a large snowy yard ||| two brown dogs running through the snow ||| two dogs race across a snowy field ||| two dogs run through a snowy field,4,0.875,0.7905694150420949,0.6786044041487267,0.5,0.97441793618856,0.9333333333333333,2.2783543138149556
2115631346_9585a479b0.jpg,action_replacement,two brown dogs are running through the snow,two brown dogs are standing in the snow,two brown dogs run across a large snowy yard ||| two brown dogs running through the snow ||| two dogs race across a snowy field ||| two dogs run through a snowy field,4,0.625,0.5175491695067657,0.3547458529925959,0.17286039232097053,0.6816901408450705,0.6666666666666666,1.6095013336589732
2115631346_9585a479b0.jpg,negation,two brown dogs are running through the snow,two brown dogs are not running through the snow,two brown dogs run across a large snowy yard ||| two brown dogs running through the snow ||| two dogs race across a snowy field ||| two dogs run through a snowy field,4,0.7777777777777778,0.6972166887783963,0.5928155507483438,0.43167001068522526,0.9608843537414966,0.8750000000000001,1.729139686145701
2115631346_9585a479b0.jpg,hallucination,two brown dogs are running through the snow,two brown dogs are running through the snow with an umbrella,two brown dogs run across a large snowy yard ||| two brown dogs running through the snow ||| two dogs race across a snowy field ||| two dogs run through a snowy field,4,0.6363636363636364,0.5640760748177662,0.47335252868199446,0.33932513407933634,0.9349145063430778,0.7777777777777778,1.3127198929434034
1721637099_93e9ec2a2f.jpg,original,a boy laying on clothes,a boy laying on clothes,a brownhaired boy is laughing with his eyese clothes whiel lying on a pile of clothes ||| a child in a blue shirt laying on his side with his mouth open ||| a child with and adult hand ||| a little boy laughs as he is tickled,4,0.8187307530779819,0.40936537653899097,0.16598952734027383,0.1169737177441385,0.24966442953020135,0.38095238095238093,0.16952572699671714
1721637099_93e9ec2a2f.jpg,person_replacement,a boy laying on clothes,a girl laying on clothes,a brownhaired boy is laughing with his eyese clothes whiel lying on a pile of clothes ||| a child in a blue shirt laying on his side with his mouth open ||| a child with and adult hand ||| a little boy laughs as he is tickled,4,0.6549846024623855,0.3661475238303926,0.15409102731985563,0.11062691203042492,0.2118288590604027,0.3157894736842105,0.11545990493476457
1721637099_93e9ec2a2f.jpg,hallucination,a boy laying on clothes,a boy laying on clothes with a suitcase,a brownhaired boy is laughing with his eyese clothes whiel lying on a pile of clothes ||| a child in a blue shirt laying on his side with his mouth open ||| a child with and adult hand ||| a little boy laughs as he is tickled,4,0.875,0.35355339059327373,0.12771823873225885,0.08034284189446518,0.31552094522019336,0.36363636363636365,0.2156358277341239
516725192_c9cdd63878.jpg,original,a fisherman stands on the beach on a gray day,a fisherman stands on the beach on a gray day,a man holding a fishing pole and tackle box walking in from the ocean ||| a man in a yellow cap is on the beach carrying a fishing pole ||| a man with a fishing pole standing on a beach ||| a person is standing in the ocean fully clothed holding a fishing pole in one hand and a tackle box in the other,4,0.5,0.408248290463863,0.27516060407455223,0.13134549472120793,0.372,0.41666666666666663,0.2138415402081832
516725192_c9cdd63878.jpg,hallucination,a fisherman stands on the beach on a gray day,a fisherman stands on the beach on a gray day with a helicopter,a man holding a fishing pole and tackle box walking in from the ocean ||| a man in a yellow cap is on the beach carrying a fishing pole ||| a man with a fishing pole standing on a beach ||| a person is standing in the ocean fully clothed holding a fishing pole in one hand and a tackle box in the other,4,0.49859442696124706,0.3922919972818223,0.23485851729386154,0.10465329801319076,0.3398058252427184,0.3703703703703704,0.20712755415983994
848180689_d67a1361ce.jpg,original,a girl and a woman playing with a ball in a pool,a girl and a woman playing with a ball in a pool,a woman and a little girl are playing with a ball in the pool underneath some water chutes ||| a young girl and a woman play volleyball with a beach ball ||| the mother and daughter are batting a ball in the air to each other at the water park ||| two girls in a pool one catching a ball the other has thrown,4,0.9166666666666666,0.8660254037844387,0.7663094323935531,0.6223329772884783,0.573559670781893,0.75,1.603122471552921
848180689_d67a1361ce.jpg,object_replacement,a girl and a woman playing with a ball in a pool,a girl and a woman playing with a book in a pool,a woman and a little girl are playing with a ball in the pool underneath some water chutes ||| a young girl and a woman play volleyball with a beach ball ||| the mother and daughter are batting a ball in the air to each other at the water park ||| two girls in a pool one catching a ball the other has thrown,4,0.8333333333333334,0.7282190812544191,0.5963868149074115,0.3918189150070214,0.5260416666666666,0.6666666666666666,0.7819618217352807
848180689_d67a1361ce.jpg,person_replacement,a girl and a woman playing with a ball in a pool,a boy and a woman playing with a ball in a pool,a woman and a little girl are playing with a ball in the pool underneath some water chutes ||| a young girl and a woman play volleyball with a beach ball ||| the mother and daughter are batting a ball in the air to each other at the water park ||| two girls in a pool one catching a ball the other has thrown,4,0.8333333333333334,0.778498944161523,0.6716793862139855,0.5094110796339641,0.4761494252873564,0.6666666666666666,1.264620072967507
848180689_d67a1361ce.jpg,hallucination,a girl and a woman playing with a ball in a pool,a girl and a woman playing with a ball in a pool with an umbrella,a woman and a little girl are playing with a ball in the pool underneath some water chutes ||| a young girl and a woman play volleyball with a beach ball ||| the mother and daughter are batting a ball in the air to each other at the water park ||| two girls in a pool one catching a ball the other has thrown,4,0.7333333333333333,0.6866065623255951,0.6014616379314802,0.48293752453528854,0.55957041051892,0.6666666666666665,1.3467237530480007
3678100844_e3a9802471.jpg,original,a lady with sunglasses on her head and a green sweatshirt is looking off camera,a lady with sunglasses on her head and a green sweatshirt is looking off camera,a smiling lady in a green jacket at a public gathering ||| a woman in a green jacket and black sunglasses outside in a crowd ||| a woman with dark hair is wearing a green sweater ||| woman with green sweater and sunglasses smiling,4,0.5333333333333333,0.1951800145897066,0.0664215664147782,0.039530883746698414,0.3542857142857143,0.32,0.4456103005738673
3678100844_e3a9802471.jpg,color_replacement,a lady with sunglasses on her head and a green sweatshirt is looking off camera,a lady with sunglasses on her head and a yellow sweatshirt is looking off camera,a smiling lady in a green jacket at a public gathering ||| a woman in a green jacket and black sunglasses outside in a crowd ||| a woman with dark hair is wearing a green sweater ||| woman with green sweater and sunglasses smiling,4,0.4666666666666667,0.05773502691896258,0.029487987310846748,0.021500003802814183,0.1923076923076923,0.24,0.2450950792823927
3678100844_e3a9802471.jpg,negation,a lady with sunglasses on her head and a green sweatshirt is looking off camera,a lady with sunglasses on her head and a green sweatshirt is not looking off camera,a smiling lady in a green jacket at a public gathering ||| a woman in a green jacket and black sunglasses outside in a crowd ||| a woman with dark hair is wearing a green sweater ||| woman with green sweater and sunglasses smiling,4,0.5,0.18257418583505536,0.061979809424109356,0.036787632499277766,0.35094339622641507,0.3076923076923077,0.3624913694479095
3678100844_e3a9802471.jpg,hallucination,a lady with sunglasses on her head and a green sweatshirt is looking off camera,a lady with sunglasses on her head and a green sweatshirt is looking off camera with a helicopter,a smiling lady in a green jacket at a public gathering ||| a woman in a green jacket and black sunglasses outside in a crowd ||| a woman with dark hair is wearing a green sweater ||| woman with green sweater and sunglasses smiling,4,0.5,0.17149858514250882,0.05685915048814883,0.033271889139709514,0.31794871794871804,0.3448275862068966,0.2517603771990479
3157847991_463e006a28.jpg,original,these men are smoking outside a grey building,these men are smoking outside a grey building,two men are standing by a railing while posing for a picture ||| two men in black jackets behind a white handrail ||| two men smoking behind a railing ||| two men smoking while standing by a rail in front of a building,4,0.5515605641153721,0.263696386404524,0.10075271672487614,0.06518210333288976,0.24193548387096772,0.42857142857142855,0.5619780712903925
3157847991_463e006a28.jpg,negation,these men are smoking outside a grey building,these men are not smoking outside a grey building,two men are standing by a railing while posing for a picture ||| two men in black jackets behind a white handrail ||| two men smoking behind a railing ||| two men smoking while standing by a rail in front of a building,4,0.5555555555555556,0.26352313834736496,0.09973474676476263,0.06376715693797415,0.2380952380952381,0.4,0.5244942466705558
3157847991_463e006a28.jpg,hallucination,these men are smoking outside a grey building,these men are smoking outside a grey building with a traffic cone,two men are standing by a railing while posing for a picture ||| two men in black jackets behind a white handrail ||| two men smoking behind a railing ||| two men smoking while standing by a rail in front of a building,4,0.5,0.21320071635561041,0.07688809598286293,0.04740604259878138,0.2630208333333333,0.3333333333333333,0.43649179334232224
3559374748_f18c7caa55.jpg,original,a blue and grey race car driving on a dirt track,a blue and grey race car driving on a dirt track,a person driving a drag racer on dirt ||| a person is in a race car on a track with a lot debri ||| a race car driver is driving his car through the mud ||| the blue and gray vehicle is racing through the gravel,4,0.9090909090909091,0.5222329678670935,0.14470893702387339,0.07845109654406773,0.37128712871287134,0.4799999999999999,0.9780298137415608
3559374748_f18c7caa55.jpg,object_replacement,a blue and grey race car driving on a dirt track,a blue and grey race truck driving on a dirt track,a person driving a drag racer on dirt ||| a person is in a race car on a track with a lot debri ||| a race car driver is driving his car through the mud ||| the blue and gray vehicle is racing through the gravel,4,0.8181818181818182,0.4045199174779453,0.1220522444470285,0.06904573083274564,0.37128712871287134,0.4210526315789474,0.6004033606009913
3559374748_f18c7caa55.jpg,hallucination,a blue and grey race car driving on a dirt track,a blue and grey race car driving on a dirt track with a suitcase,a person driving a drag racer on dirt ||| a person is in a race car on a track with a lot debri ||| a race car driver is driving his car through the mud ||| the blue and gray vehicle is racing through the gravel,4,0.8571428571428571,0.5741692517632145,0.3017399903511526,0.12571192676522522,0.5357142857142857,0.5714285714285714,0.8581367752946514
2502782508_2c8211cd6b.jpg,original,a man in a hat and sunglasses reads a book on a park bench,a man in a hat and sunglasses reads a book on a park bench,a man in c camouflage cap and jeans is sitting on a bench reading a book ||| a man is sitting on a bench and reading a book ||| a man on a park bench reads a novel ||| a man wearing a camouflage hat and sunglasses reading a book on a black metal bench,4,0.8668778997501817,0.7603022137359318,0.6304250794323608,0.4457834303038864,0.7454289732770746,0.7999999999999999,2.019107680684405
2502782508_2c8211cd6b.jpg,person_replacement,a man in a hat and sunglasses reads a book on a park bench,a woman in a hat and sunglasses reads a book on a park bench,a man in c camouflage cap and jeans is sitting on a bench reading a book ||| a man is sitting on a bench and reading a book ||| a man on a park bench reads a novel ||| a man wearing a camouflage hat and sunglasses reading a book on a black metal bench,4,0.8049580497680259,0.6552980970848463,0.5372892702048843,0.39541663522591414,0.6794643791191547,0.7333333333333334,1.8820987740644264
2502782508_2c8211cd6b.jpg,hallucination,a man in a hat and sunglasses reads a book on a park bench,a man in a hat and sunglasses reads a book on a park bench with a traffic cone,a man in c camouflage cap and jeans is sitting on a bench reading a book ||| a man is sitting on a bench and reading a book ||| a man on a park bench reads a novel ||| a man wearing a camouflage hat and sunglasses reading a book on a black metal bench,4,0.7777777777777778,0.6763995415945232,0.5556644666651004,0.388905561152711,0.7094381313131314,0.7058823529411765,1.199767624350599
3699522388_2333f01f40.jpg,original,a bald man in a black wetsuit flips leaps in the air on a surfboard holds on to a waterskiing handle,a bald man in a black wetsuit flips leaps in the air on a surfboard holds on to a waterskiing handle,a man doing a trick on a wakeboard ||| a person waterskiing in a river with a large wall in the background ||| a wakeboarder soars through the air ||| male performing water sports acrobatics while being pulled by a boat,4,0.47619047619047616,0.3086066999241838,0.07943630475988848,0.040850384507442064,0.3475303164744158,0.3448275862068965,0.05218556714411481
3699522388_2333f01f40.jpg,person_replacement,a bald man in a black wetsuit flips leaps in the air on a surfboard holds on to a waterskiing handle,a bald woman in a black wetsuit flips leaps in the air on a surfboard holds on to a waterskiing handle,a man doing a trick on a wakeboard ||| a person waterskiing in a river with a large wall in the background ||| a wakeboarder soars through the air ||| male performing water sports acrobatics while being pulled by a boat,4,0.42857142857142855,0.29277002188455997,0.07669490899796999,0.03978842755316247,0.3475303164744158,0.2941176470588235,0.050829759131773386
3699522388_2333f01f40.jpg,hallucination,a bald man in a black wetsuit flips leaps in the air on a surfboard holds on to a waterskiing handle,a bald man in a black wetsuit flips leaps in the air on a surfboard holds on to a waterskiing handle with a suitcase,a man doing a trick on a wakeboard ||| a person waterskiing in a river with a large wall in the background ||| a wakeboarder soars through the air ||| male performing water sports acrobatics while being pulled by a boat,4,0.4583333333333333,0.31565436977716665,0.07679512358748714,0.03832175668082911,0.44769503546099293,0.3125,0.022297899909747735
2774554310_007e980a90.jpg,original,a woman dressed in black and pink has a large tattoo on her back,a woman dressed in black and pink has a large tattoo on her back,a woman in pink pants and a black tank top displays the tattoo on her back ||| a woman wearing a black tank top revealing a large fairy tattoo ||| a woman with a tattoo on her back walks away from the camera ||| the woman wearing pink pants has a tattoo of a butterfly on her back,4,0.9285714285714286,0.6546536707079772,0.41491326668312173,0.28387021048806443,0.6064964954493147,0.6000000000000001,2.1010737514441704
2774554310_007e980a90.jpg,person_replacement,a woman dressed in black and pink has a large tattoo on her back,a man dressed in black and pink has a large tattoo on his back,a woman in pink pants and a black tank top displays the tattoo on her back ||| a woman wearing a black tank top revealing a large fairy tattoo ||| a woman with a tattoo on her back walks away from the camera ||| the woman wearing pink pants has a tattoo of a butterfly on her back,4,0.7857142857142857,0.4258153136263201,0.11475028388160347,0.060878950248057895,0.36958899828098146,0.4666666666666667,1.2949962556264945
2774554310_007e980a90.jpg,hallucination,a woman dressed in black and pink has a large tattoo on her back,a woman dressed in black and pink has a large tattoo on her back with an umbrella,a woman in pink pants and a black tank top displays the tattoo on her back ||| a woman wearing a black tank top revealing a large fairy tattoo ||| a woman with a tattoo on her back walks away from the camera ||| the woman wearing pink pants has a tattoo of a butterfly on her back,4,0.8235294117647058,0.5557189302262113,0.34531573864506293,0.23287896954139942,0.5951953185154767,0.5454545454545455,1.5804018767391557
3424927725_c4d1fcfac3.jpg,original,a man in yellow sits on a rock ledge overlooking a forest,a man in yellow sits on a rock ledge overlooking a forest,a person in a yellow raincoat is sitting on the edge of a rock looking down ||| a person in a yellow raincoat seating on a cliff ||| a person is sitting on the edge of a rock cliff ||| a person sitting on the edge of a rock outcropping looking down,4,0.5833333333333334,0.3256694736394648,0.10198071084068015,0.05859059370151704,0.47018807523009204,0.5,0.4426765485644164
3424927725_c4d1fcfac3.jpg,person_replacement,a man in yellow sits on a rock ledge overlooking a forest,a woman in yellow sits on a rock ledge overlooking a forest,a person in a yellow raincoat is sitting on the edge of a rock looking down ||| a person in a yellow raincoat seating on a cliff ||| a person is sitting on the edge of a rock cliff ||| a person sitting on the edge of a rock outcropping looking down,4,0.5833333333333334,0.3256694736394648,0.10198071084068015,0.05859059370151704,0.47018807523009204,0.5,0.44117017390459545
3424927725_c4d1fcfac3.jpg,color_replacement,a man in yellow sits on a rock ledge overlooking a forest,a man in green sits on a rock ledge overlooking a forest,a person in a yellow raincoat is sitting on the edge of a rock looking down ||| a person in a yellow raincoat seating on a cliff ||| a person is sitting on the edge of a rock cliff ||| a person sitting on the edge of a rock outcropping looking down,4,0.5,0.30151134457776363,0.09687293061514647,0.05637560315259291,0.41802832244008714,0.43478260869565216,0.35130431722813626
3424927725_c4d1fcfac3.jpg,hallucination,a man in yellow sits on a rock ledge overlooking a forest,a man in yellow sits on a rock ledge overlooking a forest with a suitcase,a person in a yellow raincoat is sitting on the edge of a rock looking down ||| a person in a yellow raincoat seating on a cliff ||| a person is sitting on the edge of a rock cliff ||| a person sitting on the edge of a rock outcropping looking down,4,0.4365699263480883,0.24154686488587782,0.07488051639624063,0.04253467024029704,0.45675413022351796,0.45161290322580644,0.3626857821187743
3160531982_37f5636b8a.jpg,original,a parachute is making his landing as the sunsets behind him,a parachute is making his landing as the sunsets behind him,a person is parasailing as the sun sets ||| a person paraglides at sundown ||| a silhouette of a figure parachuting at sunset ||| with the sun rising a person is gliding with a huge parachute attached to them,4,0.45454545454545453,0.21320071635561047,0.0796363970529507,0.05012578715739066,0.38027108433734946,0.4210526315789474,0.19097928568785824
3160531982_37f5636b8a.jpg,negation,a parachute is making his landing as the sunsets behind him,a parachute is not making his landing as the sunsets behind him,a person is parasailing as the sun sets ||| a person paraglides at sundown ||| a silhouette of a figure parachuting at sunset ||| with the sun rising a person is gliding with a huge parachute attached to them,4,0.32450032627975206,0.15157389683331401,0.056349716735811614,0.03527481708639238,0.3757440476190476,0.4,0.17612423717998413
3160531982_37f5636b8a.jpg,hallucination,a parachute is making his landing as the sunsets behind him,a parachute is making his landing as the sunsets behind him with a suitcase,a person is parasailing as the sun sets ||| a person paraglides at sundown ||| a silhouette of a figure parachuting at sunset ||| with the sun rising a person is gliding with a huge parachute attached to them,4,0.4655313898520114,0.2582303532999144,0.08027939658119891,0.045745633339932534,0.3670058139534884,0.36363636363636365,0.1635647379344354
3118534315_cc03e5ddab.jpg,original,a man is recording something with a red flag behind him,a man is recording something with a red flag behind him,a man with a video camera is taping while another paints art while onlookers pass by ||| a person holding a camera in front of a pole with writing on it ||| kid posts sign while a woman walks by and a young man hold a video camera ||| the man is shooting video of another writing on a pole,4,0.45454545454545453,0.3692744729379982,0.11485555943044827,0.06596924585662962,0.36290322580645157,0.2962962962962963,0.07744182995044088
3118534315_cc03e5ddab.jpg,person_replacement,a man is recording something with a red flag behind him,a woman is recording something with a red flag behind her,a man with a video camera is taping while another paints art while onlookers pass by ||| a person holding a camera in front of a pole with writing on it ||| kid posts sign while a woman walks by and a young man hold a video camera ||| the man is shooting video of another writing on a pole,4,0.45454545454545453,0.30151134457776363,0.1003355729847986,0.059609942732681,0.28774193548387095,0.2222222222222222,0.03535877253197139
3118534315_cc03e5ddab.jpg,color_replacement,a man is recording something with a red flag behind him,a man is recording something with a blue flag behind him,a man with a video camera is taping while another paints art while onlookers pass by ||| a person holding a camera in front of a pole with writing on it ||| kid posts sign while a woman walks by and a young man hold a video camera ||| the man is shooting video of another writing on a pole,4,0.45454545454545453,0.3692744729379982,0.11485555943044827,0.06596924585662962,0.36290322580645157,0.2962962962962963,0.07761447883854161
3118534315_cc03e5ddab.jpg,action_replacement,a man is recording something with a red flag behind him,a man is watching something with a red flag behind him,a man with a video camera is taping while another paints art while onlookers pass by ||| a person holding a camera in front of a pole with writing on it ||| kid posts sign while a woman walks by and a young man hold a video camera ||| the man is shooting video of another writing on a pole,4,0.45454545454545453,0.3692744729379982,0.11485555943044827,0.06596924585662962,0.28774193548387095,0.2962962962962963,0.07744182995044088
3118534315_cc03e5ddab.jpg,negation,a man is recording something with a red flag behind him,a man is not recording something with a red flag behind him,a man with a video camera is taping while another paints art while onlookers pass by ||| a person holding a camera in front of a pole with writing on it ||| kid posts sign while a woman walks by and a young man hold a video camera ||| the man is shooting video of another writing on a pole,4,0.4166666666666667,0.337099931231621,0.10435320112116163,0.059609942732681,0.32763532763532766,0.28571428571428575,0.07377410824840981
3118534315_cc03e5ddab.jpg,hallucination,a man is recording something with a red flag behind him,a man is recording something with a red flag behind him with an umbrella,a man with a video camera is taping while another paints art while onlookers pass by ||| a person holding a camera in front of a pole with writing on it ||| kid posts sign while a woman walks by and a young man hold a video camera ||| the man is shooting video of another writing on a pole,4,0.3571428571428572,0.2870846258816073,0.08822930841149496,0.04998750780664539,0.3234880450070324,0.26666666666666666,0.07003521040351825
973827791_467d83986e.jpg,original,a little kid splashes around in the kiddie pool while a lady watches,a little kid splashes around in the kiddie pool while a lady watches,a woman dumping water on a small child who is in a pool ||| a woman is throwing a bucket of water over a baby in the paddling pool ||| a woman is throwing water on a child in a plastic swimming pool in a rural area ||| i child slides into a wading pool full of water while an adult tosses a bucket of water on them,4,0.46153846153846156,0.19611613513818402,0.07044951197336885,0.04324227075463215,0.2513513513513513,0.28571428571428575,0.16035847424339733
973827791_467d83986e.jpg,hallucination,a little kid splashes around in the kiddie pool while a lady watches,a little kid splashes around in the kiddie pool while a lady watches with a suitcase,a woman dumping water on a small child who is in a pool ||| a woman is throwing a bucket of water over a baby in the paddling pool ||| a woman is throwing water on a child in a plastic swimming pool in a rural area ||| i child slides into a wading pool full of water while an adult tosses a bucket of water on them,4,0.4375,0.17078251276599332,0.0592815550748344,0.03557982867938776,0.2823767476085357,0.2580645161290323,0.16031975407982502
1110208841_5bb6806afe.jpg,original,a black and white border collie catches a frisbee in front of an audience,a black and white border collie catches a frisbee in front of an audience,a brown and white dog catches a frisbee in it mouth in front of a group of people ||| a brown and white dug jumping up to catch a frisbee while an audience watches ||| a dog jumps to catch a frisbee while many people watch ||| an agile dog catches a frisbee while a crowd of onlookers watches closely,4,0.7857142857142857,0.6504436355879909,0.4729186581101111,0.31314224813827346,0.5033557046979866,0.5625000000000001,1.1487902670401047
1110208841_5bb6806afe.jpg,hallucination,a black and white border collie catches a frisbee in front of an audience,a black and white border collie catches a frisbee in front of an audience with a helicopter,a brown and white dog catches a frisbee in it mouth in front of a group of people ||| a brown and white dug jumping up to catch a frisbee while an audience watches ||| a dog jumps to catch a frisbee while many people watch ||| an agile dog catches a frisbee while a crowd of onlookers watches closely,4,0.6655575133093234,0.5239724548420557,0.37270629239302167,0.24300004346160195,0.4983240223463687,0.5714285714285715,1.0349885763205076
3052038928_9f53aa2084.jpg,original,a group of five young adults lounging indoors,a group of five young adults lounging indoors,a man and a woman sit on a couch and look at each other while three other men stand by ||| a small group of people standing while two sit on the couch ||| there are four men and one woman ||| three men are setting up a scene by measuring the lights for a couple sitting on a low couch,4,0.375,0.23145502494313785,0.09629283927770896,0.06500593260343691,0.22030651340996166,0.3,0.08346310897054329
3052038928_9f53aa2084.jpg,hallucination,a group of five young adults lounging indoors,a group of five young adults lounging indoors with a television,a man and a woman sit on a couch and look at each other while three other men stand by ||| a small group of people standing while two sit on the couch ||| there are four men and one woman ||| three men are setting up a scene by measuring the lights for a couple sitting on a low couch,4,0.3320366241026409,0.1741214746376982,0.06750360224668663,0.04328649145305472,0.21475256769374415,0.2608695652173913,0.09052556206313545
308014594_f1d5e75507.jpg,original,two japanese girls are wearing traditional dress,two japanese girls are wearing traditional dress,two japanese ladies with colorful kimonos on them ||| two women dressed as geishas ||| two women dressed in brightly colored traditional asian clothes stand at the top of steps ||| two women in elaborate japanese costumes,4,0.42857142857142855,0.26726124191242434,0.1126247880443606,0.07730551756939454,0.2373417721518987,0.3333333333333333,0.5428473759720995
308014594_f1d5e75507.jpg,negation,two japanese girls are wearing traditional dress,two japanese girls are not wearing traditional dress,two japanese ladies with colorful kimonos on them ||| two women dressed as geishas ||| two women dressed in brightly colored traditional asian clothes stand at the top of steps ||| two women in elaborate japanese costumes,4,0.375,0.23145502494313785,0.09629283927770896,0.06500593260343691,0.234375,0.3076923076923077,0.4889794904138633
308014594_f1d5e75507.jpg,hallucination,two japanese girls are wearing traditional dress,two japanese girls are wearing traditional dress with an umbrella,two japanese ladies with colorful kimonos on them ||| two women dressed as geishas ||| two women dressed in brightly colored traditional asian clothes stand at the top of steps ||| two women in elaborate japanese costumes,4,0.4,0.21081851067789192,0.08220706914434903,0.05307712171072445,0.3116531165311653,0.33333333333333326,0.43503541286889885
957682378_46c3b07bcd.jpg,original,a brown dog and a black dog run into each other in the grass,a brown dog and a black dog run into each other in the grass,a brown dog is grabbing the collar of a black dog ||| a dark black dog is playing with a light brown dog in a backyard ||| two dogs are wrestling in a field ||| two dogs are wrestling in the park,4,0.5714285714285714,0.4688072309384954,0.33210783207389094,0.1350862565735142,0.5950875925591476,0.4799999999999999,0.5106303489447442
957682378_46c3b07bcd.jpg,object_replacement,a brown dog and a black dog run into each other in the grass,a brown cat and a black dog run into each other in the grass,a brown dog is grabbing the collar of a black dog ||| a dark black dog is playing with a light brown dog in a backyard ||| two dogs are wrestling in a field ||| two dogs are wrestling in the park,4,0.5,0.3922322702763681,0.23404631038831514,0.10390302174233558,0.4977876106194691,0.4,0.3201715887793589
957682378_46c3b07bcd.jpg,hallucination,a brown dog and a black dog run into each other in the grass,a brown dog and a black dog run into each other in the grass with a television,a brown dog is grabbing the collar of a black dog ||| a dark black dog is playing with a light brown dog in a backyard ||| two dogs are wrestling in a field ||| two dogs are wrestling in the park,4,0.5882352941176471,0.4696682183138622,0.3086789594993042,0.12039217537411316,0.4934904996481351,0.42857142857142855,0.33382905307912547
3265964840_5374ed9c53.jpg,original,a boy on a snowboard leaps through the air,a boy on a snowboard leaps through the air,a man in a yellow hat is crouching on his snowboard ||| a man in a blue shirt and green cap on a red snowboard ||| a snowboarder flies through the air on a red snowboard in front of a snowy landscape ||| a snowboarder landing on a pile of wood,4,0.7777777777777778,0.5400617248673217,0.3466806371753174,0.1623339577375495,0.3896604938271605,0.39999999999999997,0.5208546299877597
3265964840_5374ed9c53.jpg,person_replacement,a boy on a snowboard leaps through the air,a girl on a snowboard leaps through the air,a man in a yellow hat is crouching on his snowboard ||| a man in a blue shirt and green cap on a red snowboard ||| a snowboarder flies through the air on a red snowboard in front of a snowy landscape ||| a snowboarder landing on a pile of wood,4,0.7777777777777778,0.5400617248673217,0.3466806371753174,0.1623339577375495,0.3896604938271605,0.39999999999999997,0.5242907618930399
3265964840_5374ed9c53.jpg,hallucination,a boy on a snowboard leaps through the air,a boy on a snowboard leaps through the air with an umbrella,a man in a yellow hat is crouching on his snowboard ||| a man in a blue shirt and green cap on a red snowboard ||| a snowboarder flies through the air on a red snowboard in front of a snowy landscape ||| a snowboarder landing on a pile of wood,4,0.5833333333333334,0.39886201760873286,0.2515060604240896,0.11530568323789493,0.3757440476190476,0.35714285714285715,0.5054903621136698
2049051050_20359a434a.jpg,original,a girl in a black jacket and hat is covered in a pink blanket,a girl in a black jacket and hat is covered in a pink blanket,a woman derssed in a black sweater gloves hat and a scarf sits on the beach near a boulder ||| a woman in a black cap and outfit sits in the sand ||| a woman wearing a black hat sits on the sand with a rock behind her ||| the girl sitting by a rock is wearing a black coat black hat black gloves but is covered by a pink blanket,4,0.8645582954394498,0.5564164356943271,0.3635319100764518,0.14200494692623677,0.46922047507527603,0.5000000000000001,0.5414940548680764
2049051050_20359a434a.jpg,person_replacement,a girl in a black jacket and hat is covered in a pink blanket,a boy in a black jacket and hat is covered in a pink blanket,a woman derssed in a black sweater gloves hat and a scarf sits on the beach near a boulder ||| a woman in a black cap and outfit sits in the sand ||| a woman wearing a black hat sits on the sand with a rock behind her ||| the girl sitting by a rock is wearing a black coat black hat black gloves but is covered by a pink blanket,4,0.7980538111748767,0.5345876195672374,0.3539608012932542,0.1391915744350798,0.46922047507527603,0.5000000000000001,0.5243050638084968
2049051050_20359a434a.jpg,color_replacement,a girl in a black jacket and hat is covered in a pink blanket,a girl in a black jacket and hat is covered in a purple blanket,a woman derssed in a black sweater gloves hat and a scarf sits on the beach near a boulder ||| a woman in a black cap and outfit sits in the sand ||| a woman wearing a black hat sits on the sand with a rock behind her ||| the girl sitting by a rock is wearing a black coat black hat black gloves but is covered by a pink blanket,4,0.7980538111748767,0.4140897895345154,0.23695302342319174,0.10301329076961051,0.46922047507527603,0.4615384615384615,0.4543331726865127
2049051050_20359a434a.jpg,hallucination,a girl in a black jacket and hat is covered in a pink blanket,a girl in a black jacket and hat is covered in a pink blanket with an umbrella,a woman derssed in a black sweater gloves hat and a scarf sits on the beach near a boulder ||| a woman in a black cap and outfit sits in the sand ||| a woman wearing a black hat sits on the sand with a rock behind her ||| the girl sitting by a rock is wearing a black coat black hat black gloves but is covered by a pink blanket,4,0.8235294117647058,0.5072996561958923,0.32495455140466906,0.12512236921161915,0.45795918367346933,0.46153846153846156,0.546957129763933
3350786891_6d39b234e9.jpg,original,a group of dark skinned children are sitting beside a red metal container,a group of dark skinned children are sitting beside a red metal container,a group of kids sitting against a large red dumpster ||| a group of people sitting outside in the dirt on the ground ||| a large group of people sitting near a shipping container ||| two sub saharan african girls in purple dresses sit on the ground,4,0.5384615384615384,0.29957234475763905,0.20131227219755515,0.0950391816390425,0.555775708341589,0.5217391304347826,0.6087848821726753
3350786891_6d39b234e9.jpg,color_replacement,a group of dark skinned children are sitting beside a red metal container,a group of dark skinned children are sitting beside a blue metal container,a group of kids sitting against a large red dumpster ||| a group of people sitting outside in the dirt on the ground ||| a large group of people sitting near a shipping container ||| two sub saharan african girls in purple dresses sit on the ground,4,0.46153846153846156,0.2773500981126146,0.19122939638102618,0.09144626892372869,0.4962243797195253,0.5217391304347826,0.5869129878419057
3350786891_6d39b234e9.jpg,action_replacement,a group of dark skinned children are sitting beside a red metal container,a group of dark skinned children are standing beside a red metal container,a group of kids sitting against a large red dumpster ||| a group of people sitting outside in the dirt on the ground ||| a large group of people sitting near a shipping container ||| two sub saharan african girls in purple dresses sit on the ground,4,0.46153846153846156,0.2773500981126146,0.19122939638102618,0.09144626892372869,0.4962243797195253,0.4347826086956522,0.5193433108173058
3350786891_6d39b234e9.jpg,negation,a group of dark skinned children are sitting beside a red metal container,a group of dark skinned children are not sitting beside a red metal container,a group of kids sitting against a large red dumpster ||| a group of people sitting outside in the dirt on the ground ||| a large group of people sitting near a shipping container ||| two sub saharan african girls in purple dresses sit on the ground,4,0.5,0.2773500981126146,0.1857626796598436,0.08737167851715878,0.5504317111459968,0.5,0.5322069535359565
3350786891_6d39b234e9.jpg,hallucination,a group of dark skinned children are sitting beside a red metal container,a group of dark skinned children are sitting beside a red metal container with a traffic cone,a group of kids sitting against a large red dumpster ||| a group of people sitting outside in the dirt on the ground ||| a large group of people sitting near a shipping container ||| two sub saharan african girls in purple dresses sit on the ground,4,0.4117647058823529,0.22687130324325758,0.1508305417231562,0.07036147891341805,0.4482166698455083,0.4444444444444445,0.3193865411221336
2701603045_6cbdc4ce7c.jpg,original,a boy is wading through water,a boy is wading through water,a boy up to his knees in water ||| a boy wearing white shorts walks through the water ||| a young boy with white swim trunks walks out of the water ||| the boy is wading through the blue ocean,4,0.7165313105737893,0.6408850873800026,0.5279447835831834,0.4329820146406897,0.5088141025641026,0.5714285714285715,1.5868410523367489
2701603045_6cbdc4ce7c.jpg,person_replacement,a boy is wading through water,a girl is wading through water,a boy up to his knees in water ||| a boy wearing white shorts walks through the water ||| a young boy with white swim trunks walks out of the water ||| the boy is wading through the blue ocean,4,0.5971094254781577,0.41368954504257266,0.31297387764458007,0.16449759298465816,0.3774928774928775,0.42857142857142855,0.8963368056672192
2701603045_6cbdc4ce7c.jpg,negation,a boy is wading through water,a boy is not wading through water,a boy up to his knees in water ||| a boy wearing white shorts walks through the water ||| a young boy with white swim trunks walks out of the water ||| the boy is wading through the blue ocean,4,0.7430381997858699,0.5675047991270782,0.17740900818282154,0.10488327405725884,0.4746835443037974,0.5333333333333333,0.8864600617303846
2701603045_6cbdc4ce7c.jpg,hallucination,a boy is wading through water,a boy is wading through water with a traffic cone,a boy up to his knees in water ||| a boy wearing white shorts walks through the water ||| a young boy with white swim trunks walks out of the water ||| the boy is wading through the blue ocean,4,0.7,0.557773351022717,0.42685972166249814,0.32466791547509893,0.4839939024390244,0.4444444444444445,0.9848263537235723
1287931016_fb015e2e10.jpg,original,a black and a white dog on the snow,a black and a white dog on the snow,a black dog and a white dog are standing on snow ||| two dogs one black and one white face the camera in a field of snow ||| two dogs standing in the snow ||| two dogs stand in the snow,4,0.800737402916808,0.6934589326863314,0.479168052629889,0.34809726199496266,0.6944444444444444,0.7999999999999999,1.4495032419346066
1287931016_fb015e2e10.jpg,object_replacement,a black and a white dog on the snow,a black and a white cat on the snow,a black dog and a white dog are standing on snow ||| two dogs one black and one white face the camera in a field of snow ||| two dogs standing in the snow ||| two dogs stand in the snow,4,0.7117665803704959,0.5968344216828737,0.34411209164695206,0.15270725349716185,0.5876795162509448,0.7000000000000001,0.7278837460658549
1287931016_fb015e2e10.jpg,hallucination,a black and a white dog on the snow,a black and a white dog on the snow with a suitcase,a black dog and a white dog are standing on snow ||| two dogs one black and one white face the camera in a field of snow ||| two dogs standing in the snow ||| two dogs stand in the snow,4,0.75,0.6396021490668313,0.43412681107162016,0.30878189539634476,0.4793074324324324,0.6956521739130435,0.8650072383797116
2518508760_68d8df7365.jpg,original,a dog in a yellow jersey is running a race,a dog in a yellow jersey is running a race,a dog participating in a race while wearing the number ||| a greyhound wearing a muzzle and the number six on a yellow jacket is running on a dog track ||| a muzzled race dog running ||| a race dog is running for first,4,0.9,0.7071067811865476,0.18420157493201939,0.09720654209069822,0.610958904109589,0.5,0.7351137171370661
2518508760_68d8df7365.jpg,object_replacement,a dog in a yellow jersey is running a race,a cat in a yellow jersey is running a race,a dog participating in a race while wearing the number ||| a greyhound wearing a muzzle and the number six on a yellow jacket is running on a dog track ||| a muzzled race dog running ||| a race dog is running for first,4,0.8,0.5962847939999439,0.16441413828869808,0.0892647227570666,0.5136986301369862,0.41379310344827586,0.48520318859462186
2518508760_68d8df7365.jpg,color_replacement,a dog in a yellow jersey is running a race,a dog in a green jersey is running a race,a dog participating in a race while wearing the number ||| a greyhound wearing a muzzle and the number six on a yellow jacket is running on a dog track ||| a muzzled race dog running ||| a race dog is running for first,4,0.8,0.5962847939999439,0.16441413828869808,0.0892647227570666,0.610958904109589,0.5,0.7140632220707974
2518508760_68d8df7365.jpg,negation,a dog in a yellow jersey is running a race,a dog in a yellow jersey is not running a race,a dog participating in a race while wearing the number ||| a greyhound wearing a muzzle and the number six on a yellow jacket is running on a dog track ||| a muzzled race dog running ||| a race dog is running for first,4,0.8181818181818182,0.5720775535473553,0.1537761919657259,0.08210967436686387,0.5027027027027028,0.47619047619047616,0.541583893946218
2518508760_68d8df7365.jpg,hallucination,a dog in a yellow jersey is running a race,a dog in a yellow jersey is running a race with a television,a dog participating in a race while wearing the number ||| a greyhound wearing a muzzle and the number six on a yellow jacket is running on a dog track ||| a muzzled race dog running ||| a race dog is running for first,4,0.7692307692307693,0.5661385170722979,0.14282938743719875,0.0734705312597788,0.48947368421052634,0.4347826086956522,0.46643934490035965
3455757720_7aeba57056.jpg,original,a brown dog running along the dirt shore of a stream,a brown dog running along the dirt shore of a stream,a small dog running on a beach ||| a small furry brown dog is running on the shore of the ocean ||| a woman sitting on the sand at the beach with a furry animal in the foreground walking towards her ||| dog running away from woman on the seashore,4,0.6063657586001313,0.38944545984787005,0.1120029296533713,0.06185985276068635,0.6027027027027028,0.5833333333333334,0.5186002801718175
3455757720_7aeba57056.jpg,object_replacement,a brown dog running along the dirt shore of a stream,a brown cat running along the dirt shore of a stream,a small dog running on a beach ||| a small furry brown dog is running on the shore of the ocean ||| a woman sitting on the sand at the beach with a furry animal in the foreground walking towards her ||| dog running away from woman on the seashore,4,0.5305700387751149,0.21032458678718802,0.0742776774237933,0.04546012039207043,0.4472257653061224,0.4999999999999999,0.3045100164571813
3455757720_7aeba57056.jpg,hallucination,a brown dog running along the dirt shore of a stream,a brown dog running along the dirt shore of a stream with an umbrella,a small dog running on a beach ||| a small furry brown dog is running on the shore of the ocean ||| a woman sitting on the sand at the beach with a furry animal in the foreground walking towards her ||| dog running away from woman on the seashore,4,0.6428571428571429,0.3851644432598217,0.10732569513769115,0.05790013965447369,0.5792207792207792,0.5185185185185186,0.3862655134572548
3652572138_34d6b72999.jpg,original,a boy jumps,a boy jumps,a boy raises his arms amongst a crowd of people who are not in focus ||| a boy surrounded by people who seem to swirl around him ||| a boy with a red shirt waves his arms in the air as he looks at another person ||| the boy in the purple shirt and green jacket stands in the crowd whilst raising his hands in the air,4,0.04632230081520103,0.0401162892677087,0.022361844853792657,0.0166955629691623,0.1838235294117647,0.28571428571428575,0.07601574425356963
3652572138_34d6b72999.jpg,person_replacement,a boy jumps,a girl jumps,a boy raises his arms amongst a crowd of people who are not in focus ||| a boy surrounded by people who seem to swirl around him ||| a boy with a red shirt waves his arms in the air as he looks at another person ||| the boy in the purple shirt and green jacket stands in the crowd whilst raising his hands in the air,4,0.023161150407600514,0.008970274980764192,0.008238174080908156,0.007894844292834697,0.049019607843137254,0.14285714285714288,4.035273692230515e-06
3652572138_34d6b72999.jpg,hallucination,a boy jumps,a boy jumps with a suitcase,a boy raises his arms amongst a crowd of people who are not in focus ||| a boy surrounded by people who seem to swirl around him ||| a boy with a red shirt waves his arms in the air as he looks at another person ||| the boy in the purple shirt and green jacket stands in the crowd whilst raising his hands in the air,4,0.28973213900471884,0.22442554984526566,0.08179451445846204,0.053062145153021,0.2232142857142857,0.3333333333333333,0.0914443115579703
1075881101_d55c46bece.jpg,original,a boy cleans the bubbles off his face,a boy cleans the bubbles off his face,a boy covered in suds has his face wiped clean ||| a boy is covered in bubbles ||| a child covered in foam is climbing on a black inflatable ramp ||| a person covered in soapy water is getting cleaned off,4,0.75,0.46291004988627577,0.15285535436643996,0.09193227152249185,0.45510204081632655,0.4444444444444445,0.6374499975973265
1075881101_d55c46bece.jpg,person_replacement,a boy cleans the bubbles off his face,a girl cleans the bubbles off her face,a boy covered in suds has his face wiped clean ||| a boy is covered in bubbles ||| a child covered in foam is climbing on a black inflatable ramp ||| a person covered in soapy water is getting cleaned off,4,0.5,0.08451542547285168,0.04919340734030987,0.039281465090051315,0.16129032258064518,0.33333333333333326,0.3828874040186164
1075881101_d55c46bece.jpg,hallucination,a boy cleans the bubbles off his face,a boy cleans the bubbles off his face with a helicopter,a boy covered in suds has his face wiped clean ||| a boy is covered in bubbles ||| a child covered in foam is climbing on a black inflatable ramp ||| a person covered in soapy water is getting cleaned off,4,0.6363636363636364,0.35675303400633784,0.11224429599549512,0.06484115071397646,0.36831683168316837,0.380952380952381,0.4804459465057882
3695949492_27ca3892fd.jpg,original,two dogs holding opposite ends of a toy with their mouths swimming,two dogs holding opposite ends of a toy with their mouths swimming,two grey dogs are carrying a stick in the water ||| two grey dogs swimming in a lake to retrieve a white toy ||| two identical brown dogs side by side holding something white in both their mouths ||| two similar brown dogs share holding a white toy while swimming,4,0.6666666666666666,0.24618298195866542,0.08462629974714689,0.05094110796339642,0.2702702702702703,0.5217391304347826,0.6593501890609685
3695949492_27ca3892fd.jpg,hallucination,two dogs holding opposite ends of a toy with their mouths swimming,two dogs holding opposite ends of a toy with their mouths swimming with an umbrella,two grey dogs are carrying a stick in the water ||| two grey dogs swimming in a lake to retrieve a white toy ||| two identical brown dogs side by side holding something white in both their mouths ||| two similar brown dogs share holding a white toy while swimming,4,0.5333333333333333,0.1951800145897066,0.0664215664147782,0.039530883746698414,0.26382978723404255,0.4615384615384615,0.5334071931922714
3496028495_431cfdc042.jpg,original,a brown dog swimming in the water with a tennis ball in his mouth,a brown dog swimming in the water with a tennis ball in his mouth,a brown dog swims back to shore after retrieving a yellow tennis ball ||| a brown labradoodle retrieves a tennis ball in a lake ||| the brown dog is swimming ||| there is a brown dog swimming outside with a tennis ball in its mouth,4,0.7857142857142857,0.6504436355879909,0.5607070695334264,0.4682568791024402,0.7046428571428572,0.7142857142857143,2.098297433199222
3496028495_431cfdc042.jpg,object_replacement,a brown dog swimming in the water with a tennis ball in his mouth,a brown cat swimming in the water with a tennis ball in his mouth,a brown dog swims back to shore after retrieving a yellow tennis ball ||| a brown labradoodle retrieves a tennis ball in a lake ||| the brown dog is swimming ||| there is a brown dog swimming outside with a tennis ball in its mouth,4,0.7142857142857143,0.5241424183609592,0.40952417272017294,0.33428661215627314,0.6146384479717814,0.6428571428571429,1.5530100621771714
3496028495_431cfdc042.jpg,hallucination,a brown dog swimming in the water with a tennis ball in his mouth,a brown dog swimming in the water with a tennis ball in his mouth with a helicopter,a brown dog swims back to shore after retrieving a yellow tennis ball ||| a brown labradoodle retrieves a tennis ball in a lake ||| the brown dog is swimming ||| there is a brown dog swimming outside with a tennis ball in its mouth,4,0.7058823529411765,0.5557189302262113,0.4686655621328207,0.38538569180303145,0.6555944055944056,0.6451612903225806,1.3564082276148646
3134644844_493eec6cdc.jpg,original,a man is playing a guitar for a little girl in a hospital,a man is playing a guitar for a little girl in a hospital,a man is playing the guitar for a child in a hospital bed ||| a man plays a guitar for a sick child in a hospital ||| a man plays guitar for a girl in the hospital ||| a man with a guitar playing to an ill little girl in a hospital bed,4,1.0,0.9128709291752769,0.8094214383448018,0.6786502681586727,0.815289256198347,0.8,3.533807698039093
3134644844_493eec6cdc.jpg,person_replacement,a man is playing a guitar for a little girl in a hospital,a woman is playing a guitar for a little girl in a hospital,a man is playing the guitar for a child in a hospital bed ||| a man plays a guitar for a sick child in a hospital ||| a man plays guitar for a girl in the hospital ||| a man with a guitar playing to an ill little girl in a hospital bed,4,0.9230769230769231,0.7844645405527361,0.6539953362181172,0.5382218220688944,0.7300275482093663,0.7199999999999999,3.129505150012072
3134644844_493eec6cdc.jpg,action_replacement,a man is playing a guitar for a little girl in a hospital,a man is holding a guitar for a little girl in a hospital,a man is playing the guitar for a child in a hospital bed ||| a man plays a guitar for a sick child in a hospital ||| a man plays guitar for a girl in the hospital ||| a man with a guitar playing to an ill little girl in a hospital bed,4,0.9230769230769231,0.8320502943378437,0.7228018255774361,0.5801559414528517,0.7300275482093663,0.7199999999999999,3.290134725882599
3134644844_493eec6cdc.jpg,negation,a man is playing a guitar for a little girl in a hospital,a man is not playing a guitar for a little girl in a hospital,a man is playing the guitar for a child in a hospital bed ||| a man plays a guitar for a sick child in a hospital ||| a man plays guitar for a girl in the hospital ||| a man with a guitar playing to an ill little girl in a hospital bed,4,0.9285714285714286,0.8017837257372732,0.6850067105944413,0.54413074047686,0.8086065573770491,0.7692307692307692,2.7859382009929123
3134644844_493eec6cdc.jpg,hallucination,a man is playing a guitar for a little girl in a hospital,a man is playing a guitar for a little girl in a hospital with a suitcase,a man is playing the guitar for a child in a hospital bed ||| a man plays a guitar for a sick child in a hospital ||| a man plays guitar for a girl in the hospital ||| a man with a guitar playing to an ill little girl in a hospital bed,4,0.875,0.801040989379861,0.6845836056624629,0.560530218497532,0.6493128348474261,0.7142857142857143,2.4313525216960934
3242808166_8638150274.jpg,original,a bike rider in red rides through the trees down a snowy hill,a bike rider in red rides through the trees down a snowy hill,a person is riding a bike in a wooded area at night ||| bike rider riding downhill in forest ||| cyclist in snowy forest at night ||| the rider is biking in the snow and wearing a red jacket,4,0.6153846153846154,0.3202563076101743,0.09769392679847065,0.05525870142124495,0.47108208955223874,0.32,0.5086931001137056
3242808166_8638150274.jpg,object_replacement,a bike rider in red rides through the trees down a snowy hill,a motorcycle rider in red rides through the trees down a snowy hill,a person is riding a bike in a wooded area at night ||| bike rider riding downhill in forest ||| cyclist in snowy forest at night ||| the rider is biking in the snow and wearing a red jacket,4,0.5384615384615384,0.06698641270570836,0.03442391432286513,0.02527232448799647,0.2238805970149254,0.32,0.24641711942954211
3242808166_8638150274.jpg,color_replacement,a bike rider in red rides through the trees down a snowy hill,a bike rider in blue rides through the trees down a snowy hill,a person is riding a bike in a wooded area at night ||| bike rider riding downhill in forest ||| cyclist in snowy forest at night ||| the rider is biking in the snow and wearing a red jacket,4,0.5384615384615384,0.29957234475763905,0.09344087947013886,0.05344445934790546,0.47108208955223874,0.32,0.4769669778329465
3242808166_8638150274.jpg,hallucination,a bike rider in red rides through the trees down a snowy hill,a bike rider in red rides through the trees down a snowy hill with a traffic cone,a person is riding a bike in a wooded area at night ||| bike rider riding downhill in forest ||| cyclist in snowy forest at night ||| the rider is biking in the snow and wearing a red jacket,4,0.5294117647058824,0.2572478777137633,0.07612677770089502,0.04213287322556837,0.4445422535211268,0.27586206896551724,0.2438306818138888
2206960564_325ed0c7ae.jpg,original,a beige puppy walks across the floor,a beige puppy walks across the floor,a small puppy rungs towards the camera ||| a white puppy is running on a tiled floor ||| puppy running on the floor ||| the white dog ran across the tile floor,4,0.7142857142857143,0.48795003647426655,0.16823908657399744,0.10445522730720382,0.49145299145299143,0.5,1.4810454707175893
2206960564_325ed0c7ae.jpg,hallucination,a beige puppy walks across the floor,a beige puppy walks across the floor with a suitcase,a small puppy rungs towards the camera ||| a white puppy is running on a tiled floor ||| puppy running on the floor ||| the white dog ran across the tile floor,4,0.6,0.36514837167011066,0.11856311014966876,0.06985342056580097,0.46464646464646464,0.4,1.1045096397182559
2886411666_72d8b12ce4.jpg,original,a black brown and white dog is running beside a green fence in a grassy garden,a black brown and white dog is running beside a green fence in a grassy garden,a dog is galloping through the grass ||| a dog runs through a lush green lawn ||| a tricolored dog is running on the green grass ||| dog running through grass in fenced in area,4,0.4375,0.24152294576982403,0.16091489743427162,0.0752421768074461,0.4597938144329897,0.4166666666666667,0.15438937925299182
2886411666_72d8b12ce4.jpg,object_replacement,a black brown and white dog is running beside a green fence in a grassy garden,a black brown and white cat is running beside a green fence in a grassy garden,a dog is galloping through the grass ||| a dog runs through a lush green lawn ||| a tricolored dog is running on the green grass ||| dog running through grass in fenced in area,4,0.375,0.15811388300841897,0.05631239402218032,0.0342347495586902,0.32538659793814434,0.3333333333333333,0.08273774069821074
2886411666_72d8b12ce4.jpg,color_replacement,a black brown and white dog is running beside a green fence in a grassy garden,a black brown and white dog is running beside a yellow fence in a grassy garden,a dog is galloping through the grass ||| a dog runs through a lush green lawn ||| a tricolored dog is running on the green grass ||| dog running through grass in fenced in area,4,0.375,0.223606797749979,0.15285535436643996,0.07239768078888709,0.38659793814432986,0.3333333333333333,0.1112766292539471
2886411666_72d8b12ce4.jpg,action_replacement,a black brown and white dog is running beside a green fence in a grassy garden,a black brown and white dog is standing beside a green fence in a grassy garden,a dog is galloping through the grass ||| a dog runs through a lush green lawn ||| a tricolored dog is running on the green grass ||| dog running through grass in fenced in area,4,0.375,0.15811388300841897,0.05631239402218032,0.0342347495586902,0.32538659793814434,0.3333333333333333,0.09435425736788813
2886411666_72d8b12ce4.jpg,negation,a black brown and white dog is running beside a green fence in a grassy garden,a black brown and white dog is not running beside a green fence in a grassy garden,a dog is galloping through the grass ||| a dog runs through a lush green lawn ||| a tricolored dog is running on the green grass ||| dog running through grass in fenced in area,4,0.4117647058823529,0.160422236979937,0.05556644666651005,0.033271889139709514,0.3795918367346939,0.4,0.09496179740767013
2886411666_72d8b12ce4.jpg,hallucination,a black brown and white dog is running beside a green fence in a grassy garden,a black brown and white dog is running beside a green fence in a grassy garden with a helicopter,a dog is galloping through the grass ||| a dog runs through a lush green lawn ||| a tricolored dog is running on the green grass ||| dog running through grass in fenced in area,4,0.3684210526315789,0.20232565955562798,0.13403483048229994,0.062284969540134474,0.446,0.37037037037037035,0.06519460847790978
3225998968_ef786d86e0.jpg,original,a man on skis on a snowcovered hill with mountains in the background,a man on skis on a snowcovered hill with mountains in the background,a man with red pants is skiing downhill ||| a person in red pants skis down a mountain ||| a skier in red pants is on a snow covered slope ||| this person is skiing,4,0.5384615384615384,0.29957234475763905,0.09344087947013886,0.05344445934790546,0.2818080357142857,0.3636363636363637,0.14152719654296012
3225998968_ef786d86e0.jpg,person_replacement,a man on skis on a snowcovered hill with mountains in the background,a woman on skis on a snowcovered hill with mountains in the background,a man with red pants is skiing downhill ||| a person in red pants skis down a mountain ||| a skier in red pants is on a snow covered slope ||| this person is skiing,4,0.46153846153846156,0.19611613513818402,0.07044951197336885,0.04324227075463215,0.2818080357142857,0.3636363636363637,0.12001417952225854
3225998968_ef786d86e0.jpg,hallucination,a man on skis on a snowcovered hill with mountains in the background,a man on skis on a snowcovered hill with mountains in the background with an umbrella,a man with red pants is skiing downhill ||| a person in red pants skis down a mountain ||| a skier in red pants is on a snow covered slope ||| this person is skiing,4,0.4375,0.24152294576982403,0.07469007910928611,0.04231178541610579,0.2744565217391305,0.32,0.07577675291670143
136639119_6040b00946.jpg,original,a climber is attempting to climb around an overhang above the woods,a climber is attempting to climb around an overhang above the woods,a man climbs up a cliff and reaches an overhang ||| a man is rock climbing under a large cliff ||| a person is rock climbing ||| climber on rock formation using ropes,4,0.4166666666666667,0.19462473604038075,0.0723544685119367,0.045293761707938834,0.309436274509804,0.3636363636363636,0.25042016161213465
136639119_6040b00946.jpg,negation,a climber is attempting to climb around an overhang above the woods,a climber is not attempting to climb around an overhang above the woods,a man climbs up a cliff and reaches an overhang ||| a man is rock climbing under a large cliff ||| a person is rock climbing ||| climber on rock formation using ropes,4,0.38461538461538464,0.17902871850985821,0.0662955289840255,0.04131551591106297,0.3064320388349515,0.34782608695652173,0.2155819912084933
136639119_6040b00946.jpg,hallucination,a climber is attempting to climb around an overhang above the woods,a climber is attempting to climb around an overhang above the woods with a television,a man climbs up a cliff and reaches an overhang ||| a man is rock climbing under a large cliff ||| a person is rock climbing ||| climber on rock formation using ropes,4,0.4,0.1690308509457033,0.06034799807023053,0.036787632499277766,0.3542857142857143,0.33333333333333337,0.15939504227781676
61209225_8512e1dad5.jpg,original,a civil war reenactment with cannon teams firing cannons,a civil war reenactment with cannon teams firing cannons,a group of men firing an old fashion cannon ||| a recreation of some battle ||| sveral men participating in a civil war reenactment ||| war reenactors fire a cannon,4,0.6666666666666666,0.5,0.41491326668312173,0.3303164318013807,0.48996913580246915,0.47058823529411764,1.2290843804756
61209225_8512e1dad5.jpg,hallucination,a civil war reenactment with cannon teams firing cannons,a civil war reenactment with cannon teams firing cannons with a suitcase,a group of men firing an old fashion cannon ||| a recreation of some battle ||| sveral men participating in a civil war reenactment ||| war reenactors fire a cannon,4,0.5,0.3692744729379982,0.3010067189543958,0.23462350320528,0.44642857142857145,0.4,0.8731765291399092
1057089366_ca83da0877.jpg,original,a boy descends off the end of a high diving board,a boy descends off the end of a high diving board,a child jumps off a high diving board into the pool ||| a kid jumps off the diving board and into the swimming pool below ||| a little kid is jumping off a high dive at the pool ||| the boy is jumping off a high diving board into the pool,4,0.7272727272727273,0.5393598899705937,0.4013422919391943,0.2998221389342337,0.5769944341372912,0.5454545454545454,2.020383249600309
1057089366_ca83da0877.jpg,person_replacement,a boy descends off the end of a high diving board,a girl descends off the end of a high diving board,a child jumps off a high diving board into the pool ||| a kid jumps off the diving board and into the swimming pool below ||| a little kid is jumping off a high dive at the pool ||| the boy is jumping off a high diving board into the pool,4,0.6363636363636364,0.504524979109513,0.3838700926079122,0.28997844147152074,0.5769944341372912,0.5454545454545454,2.004339782083892
1057089366_ca83da0877.jpg,hallucination,a boy descends off the end of a high diving board,a boy descends off the end of a high diving board with an umbrella,a child jumps off a high diving board into the pool ||| a kid jumps off the diving board and into the swimming pool below ||| a little kid is jumping off a high dive at the pool ||| the boy is jumping off a high diving board into the pool,4,0.5714285714285714,0.41931393468876726,0.30830160098190396,0.22718709780542318,0.5616759978327613,0.4799999999999999,1.6680982008706065
3066491113_86569e15be.jpg,original,a black dog is following a brown dog that is carrying a brown plate through a grassy field,a black dog is following a brown dog that is carrying a brown plate through a grassy field,a black dog following a tan dog fetching a large shallow bowl ||| a brown dog carrying a frisbee like object in its mouth ||| a dog runs with a large plate in its mouth ||| two dogs one carrying a large dish in its mouth,4,0.5555555555555556,0.4428074427700477,0.29047802224635305,0.11306082351602983,0.3806284418529316,0.4666666666666666,0.4083259699125546
3066491113_86569e15be.jpg,object_replacement,a black dog is following a brown dog that is carrying a brown plate through a grassy field,a black cat is following a brown dog that is carrying a brown plate through a grassy field,a black dog following a tan dog fetching a large shallow bowl ||| a brown dog carrying a frisbee like object in its mouth ||| a dog runs with a large plate in its mouth ||| two dogs one carrying a large dish in its mouth,4,0.5,0.3834824944236852,0.2094709013842742,0.08847487574766279,0.31794871794871804,0.4,0.32777291005868153
3066491113_86569e15be.jpg,negation,a black dog is following a brown dog that is carrying a brown plate through a grassy field,a black dog is not following a brown dog that is carrying a brown plate through a grassy field,a black dog following a tan dog fetching a large shallow bowl ||| a brown dog carrying a frisbee like object in its mouth ||| a dog runs with a large plate in its mouth ||| two dogs one carrying a large dish in its mouth,4,0.5263157894736842,0.4188539082916955,0.2743060625339522,0.10657284485555579,0.377631367507633,0.4516129032258065,0.31161115854999916
3066491113_86569e15be.jpg,hallucination,a black dog is following a brown dog that is carrying a brown plate through a grassy field,a black dog is following a brown dog that is carrying a brown plate through a grassy field with a traffic cone,a black dog following a tan dog fetching a large shallow bowl ||| a brown dog carrying a frisbee like object in its mouth ||| a dog runs with a large plate in its mouth ||| two dogs one carrying a large dish in its mouth,4,0.5,0.408248290463863,0.25543647746451775,0.09677736365399163,0.36891679748822603,0.4117647058823529,0.129188090798458
3608663656_9192a21eeb.jpg,original,a man climbs up the side of a steep rock that overlooks a river,a man climbs up the side of a steep rock that overlooks a river,a man is climbing a steep and rocky cliff overlooking water ||| a man is climbing on rocks by the water ||| a man is climbing the side of a mountain over the ocean ||| a man rock climbing at the ocean,4,0.5714285714285714,0.4688072309384954,0.33210783207389094,0.24022110864391533,0.3931080628972901,0.5384615384615384,0.5878858053796454
3608663656_9192a21eeb.jpg,person_replacement,a man climbs up the side of a steep rock that overlooks a river,a woman climbs up the side of a steep rock that overlooks a river,a man is climbing a steep and rocky cliff overlooking water ||| a man is climbing on rocks by the water ||| a man is climbing the side of a mountain over the ocean ||| a man rock climbing at the ocean,4,0.5,0.3922322702763681,0.29487987310846736,0.21972813874997157,0.3494990892531876,0.4615384615384615,0.5049551818423272
3608663656_9192a21eeb.jpg,hallucination,a man climbs up the side of a steep rock that overlooks a river,a man climbs up the side of a steep rock that overlooks a river with a traffic cone,a man is climbing a steep and rocky cliff overlooking water ||| a man is climbing on rocks by the water ||| a man is climbing the side of a mountain over the ocean ||| a man rock climbing at the ocean,4,0.4444444444444444,0.3615507630310936,0.25375592566965,0.1816725573641283,0.3806284418529316,0.4666666666666666,0.29171577777178526
3275537015_74e04c0f3e.jpg,original,four girls are playing volleyball on a sandy beach near ocean,four girls are playing volleyball on a sandy beach near ocean,four girls in swimsuits are playing volleyball at the beach ||| four ladies in swimsuits play sand volleyball on the beach ||| four women in bikinis are playing volleyball on the beach ||| girls in bikinis are playing a game of volleyball near a body of water,4,0.8181818181818182,0.5720775535473553,0.41741280448464635,0.3087818953963449,0.5569306930693068,0.5714285714285713,1.8370503474761655
3275537015_74e04c0f3e.jpg,action_replacement,four girls are playing volleyball on a sandy beach near ocean,four girls are watching volleyball on a sandy beach near ocean,four girls in swimsuits are playing volleyball at the beach ||| four ladies in swimsuits play sand volleyball on the beach ||| four women in bikinis are playing volleyball on the beach ||| girls in bikinis are playing a game of volleyball near a body of water,4,0.7272727272727273,0.38138503569823695,0.11735319807252113,0.06704226838163331,0.36831683168316837,0.47619047619047616,1.1224469605367253
3275537015_74e04c0f3e.jpg,negation,four girls are playing volleyball on a sandy beach near ocean,four girls are not playing volleyball on a sandy beach near ocean,four girls in swimsuits are playing volleyball at the beach ||| four ladies in swimsuits play sand volleyball on the beach ||| four women in bikinis are playing volleyball on the beach ||| girls in bikinis are playing a game of volleyball near a body of water,4,0.75,0.4522670168666454,0.27348275379643444,0.12278260149096121,0.5010893246187365,0.5454545454545454,1.3724797116524918
3275537015_74e04c0f3e.jpg,hallucination,four girls are playing volleyball on a sandy beach near ocean,four girls are playing volleyball on a sandy beach near ocean with a traffic cone,four girls in swimsuits are playing volleyball at the beach ||| four ladies in swimsuits play sand volleyball on the beach ||| four women in bikinis are playing volleyball on the beach ||| girls in bikinis are playing a game of volleyball near a body of water,4,0.6666666666666666,0.4364357804719847,0.30830160098190396,0.22229849552064015,0.5357142857142857,0.48,1.108246167555556
1457762320_7fe121b285.jpg,original,a group of bicyclists getting ready for a ride,a group of bicyclists getting ready for a ride,a group of cyclists is pausing nearby a green and tan sign ||| a group of men are standing around and drinking water with their bikes ||| a group of men chat and drink water from water bottles while standing by their bicycles ||| men in athletic clothing stand near bicycles,4,0.4444444444444444,0.33333333333333337,0.25131581370971795,0.12753431387594827,0.41367521367521376,0.380952380952381,0.34543724260777386
1457762320_7fe121b285.jpg,hallucination,a group of bicyclists getting ready for a ride,a group of bicyclists getting ready for a ride with an umbrella,a group of cyclists is pausing nearby a green and tan sign ||| a group of men are standing around and drinking water with their bikes ||| a group of men chat and drink water from water bottles while standing by their bicycles ||| men in athletic clothing stand near bicycles,4,0.4166666666666667,0.27524094128159016,0.19640024396816244,0.09578464408619825,0.4033333333333334,0.3333333333333333,0.3668297981398705
2407091303_931c918490.jpg,original,a child plays at a playground,a child plays at a playground,a little boy stands widelegged each foot on each side of the tube slide ||| a little boy wearing a red shirt is standing on a slide ||| a young boy climbing in a playhouse ||| boy on playground equipment,4,0.423240862445307,0.08464817248906142,0.05332500717705027,0.045480190470279055,0.14492753623188406,0.30769230769230765,0.2762671725603393
2407091303_931c918490.jpg,hallucination,a child plays at a playground,a child plays at a playground with a suitcase,a little boy stands widelegged each foot on each side of the tube slide ||| a little boy wearing a red shirt is standing on a slide ||| a young boy climbing in a playhouse ||| boy on playground equipment,4,0.4444444444444444,0.07453559924999299,0.04297439964630995,0.03391326091030751,0.1388888888888889,0.28571428571428575,0.14751873126121948
2164363131_6930455d45.jpg,original,a dog leaps for a toy on a road,a dog leaps for a toy on a road,a man and a dog play with a frisbee ||| a person holding a frisbee just out of reach of a white dog on a rural road ||| person holding a frisbee with a white dog jumping for it on a road ||| the dog jumps up to get the frisbee in the man s hand,4,0.7777777777777778,0.5400617248673217,0.3466806371753174,0.1623339577375495,0.5555555555555556,0.5217391304347826,0.38994135193369417
2164363131_6930455d45.jpg,object_replacement,a dog leaps for a toy on a road,a cat leaps for a toy on a road,a man and a dog play with a frisbee ||| a person holding a frisbee just out of reach of a white dog on a rural road ||| person holding a frisbee with a white dog jumping for it on a road ||| the dog jumps up to get the frisbee in the man s hand,4,0.6666666666666666,0.408248290463863,0.28768479133239405,0.14113991930789777,0.4701436130007558,0.43478260869565216,0.23076950001883484
2164363131_6930455d45.jpg,hallucination,a dog leaps for a toy on a road,a dog leaps for a toy on a road with an umbrella,a man and a dog play with a frisbee ||| a person holding a frisbee just out of reach of a white dog on a rural road ||| person holding a frisbee with a white dog jumping for it on a road ||| the dog jumps up to get the frisbee in the man s hand,4,0.6133629430862155,0.3923082565559,0.2419289812644991,0.10968758973515394,0.5962605117194489,0.4615384615384615,0.4030328587931703
