image,perturbation_type,original_caption,perturbed_caption,references,reference_count,BLEU-1,BLEU-2,BLEU-3,BLEU-4,METEOR,ROUGE-L,CIDEr,CLIPScore,polos
2224995194_518859d97d.jpg,original,the rock climbers are on their equipment in front of a cave,the rock climbers are on their equipment in front of a cave,two people hang from safety ropes over a giant cliff ||| two people hanging on a rope over a cliff ||| two people lower themselves into a cave with long ropes ||| two people repel down into a hole,4,0.25,0.1507556722888818,0.0610261222235142,0.0398635712826801,0.1838235294117647,0.1904761904761905,0.1954816765450369,0.9052588790655136,0.6618930101394653
2224995194_518859d97d.jpg,hallucination,the rock climbers are on their equipment in front of a cave,the rock climbers are on their equipment in front of a cave with a helicopter,two people hang from safety ropes over a giant cliff ||| two people hanging on a rope over a cliff ||| two people lower themselves into a cave with long ropes ||| two people repel down into a hole,4,0.3333333333333333,0.2182178902359923,0.154150800490952,0.0743299818451363,0.2433862433862433,0.25,0.215553229956611,0.8915767073631287,0.6149278879165649
3168123064_d1983b8f92.jpg,original,a person in a black wetsuit is surfing in the ocean with a wave coming down,a person in a black wetsuit is surfing in the ocean with a wave coming down,a person is surfing ||| a surfer in all black is riding a wave ||| a surfer rides the waves ||| a woman in a black wetsuit surfs in bad weather,4,0.6875,0.5244044240850758,0.3399472648478799,0.2344621944105862,0.606971153846154,0.5384615384615384,0.4194815323946246,0.8136837184429169,0.7658903002738953
3168123064_d1983b8f92.jpg,action_replacement,a person in a black wetsuit is surfing in the ocean with a wave coming down,a person in a black wetsuit is swimming in the ocean with a wave coming down,a person is surfing ||| a surfer in all black is riding a wave ||| a surfer rides the waves ||| a woman in a black wetsuit surfs in bad weather,4,0.625,0.4564354645876384,0.3098990471205467,0.2187405715612322,0.4395761741122566,0.4800000000000001,0.3767642516443602,0.7978208363056183,0.6965951323509216
3168123064_d1983b8f92.jpg,negation,a person in a black wetsuit is surfing in the ocean with a wave coming down,a person in a black wetsuit is not surfing in the ocean with a wave coming down,a person is surfing ||| a surfer in all black is riding a wave ||| a surfer rides the waves ||| a woman in a black wetsuit surfs in bad weather,4,0.6470588235294118,0.4496730838653134,0.2998546863420024,0.2094841271665114,0.5349990463475109,0.5185185185185185,0.3000837159699389,0.8021101355552673,0.6827134490013123
3168123064_d1983b8f92.jpg,hallucination,a person in a black wetsuit is surfing in the ocean with a wave coming down,a person in a black wetsuit is surfing in the ocean with a wave coming down with a helicopter,a person is surfing ||| a surfer in all black is riding a wave ||| a surfer rides the waves ||| a woman in a black wetsuit surfs in bad weather,4,0.5789473684210527,0.4392976851069795,0.2831606939029296,0.194086232706272,0.5738636363636362,0.4827586206896551,0.1803433336511523,0.7791564613580704,0.6427282094955444
2441629086_52f68eb316.jpg,original,a girl is peeking in a window,a girl is peeking in a window,a girl peers into a window ||| a girl peers into a window ||| a little girl is trying to look into a dark window ||| a small girl in a pink shirt and blue jeans is peeping through a window into a house,4,0.8571428571428571,0.7559289460184544,0.2252495760887212,0.1300118652068738,0.6147540983606558,0.6153846153846153,1.1623428902373536,0.8037423342466354,0.8012869954109192
2441629086_52f68eb316.jpg,person_replacement,a girl is peeking in a window,a boy is peeking in a window,a girl peers into a window ||| a girl peers into a window ||| a little girl is trying to look into a dark window ||| a small girl in a pink shirt and blue jeans is peeping through a window into a house,4,0.7142857142857143,0.4879500364742665,0.1682390865739974,0.1044552273072038,0.4189435336976321,0.4615384615384615,0.9105746183614056,0.7494774460792542,0.6535828709602356
2441629086_52f68eb316.jpg,negation,a girl is peeking in a window,a girl is not peeking in a window,a girl peers into a window ||| a girl peers into a window ||| a little girl is trying to look into a dark window ||| a small girl in a pink shirt and blue jeans is peeping through a window into a house,4,0.75,0.6546536707079771,0.1925856785554179,0.1093265113929093,0.6048387096774195,0.5714285714285715,0.9991008559981364,0.7918132096529007,0.6949434280395508
2441629086_52f68eb316.jpg,hallucination,a girl is peeking in a window,a girl is peeking in a window with a suitcase,a girl peers into a window ||| a girl peers into a window ||| a little girl is trying to look into a dark window ||| a small girl in a pink shirt and blue jeans is peeping through a window into a house,4,0.6333861926251716,0.5046941987886602,0.1422915346744467,0.0781182355823948,0.3670058139534883,0.5,0.8722628958661476,0.7338187098503113,0.5221320986747742
3279524184_d5e2ffbaed.jpg,original,two black and white dogs and one has something blue in its mouth,two black and white dogs and one has something blue in its mouth,two black and white dogs run through a field ||| two white dogs are running through a field ||| two white dogs run along a light colored field and one has a blue toy ||| two white dogs with black spots jumping through the grass,4,0.5276331810218101,0.4756021222025773,0.4131554120176103,0.3316186519505937,0.474468085106383,0.5,1.3106155193594815,0.8001028001308441,0.5456849336624146
3279524184_d5e2ffbaed.jpg,color_replacement,two black and white dogs and one has something blue in its mouth,two black and white dogs and one has something red in its mouth,two black and white dogs run through a field ||| two white dogs are running through a field ||| two white dogs run along a light colored field and one has a blue toy ||| two white dogs with black spots jumping through the grass,4,0.4616790333940838,0.444885048426159,0.3951689354898305,0.3207310180540507,0.474468085106383,0.4545454545454546,1.2810173416455202,0.7678066194057465,0.46958425641059875
3279524184_d5e2ffbaed.jpg,hallucination,two black and white dogs and one has something blue in its mouth,two black and white dogs and one has something blue in its mouth with an umbrella,two black and white dogs run through a field ||| two white dogs are running through a field ||| two white dogs run along a light colored field and one has a blue toy ||| two white dogs with black spots jumping through the grass,4,0.5625,0.4743416490252569,0.4005943545145987,0.3153554052490132,0.4597938144329897,0.4516129032258064,0.8086307663446152,0.7806780934333801,0.46741440892219543
3339105374_cc41e0b7d7.jpg,original,a woman in a red coat with a man in a white and black coat and a black dog in the snow,a woman in a red coat with a man in a white and black coat and a black dog in the snow,two people and a dog are in the snow ||| two people are interacting with a dog that has bitten an object one of them is holding ||| two people are walking up a snowy hill with a dog ||| two people playing on a snowy hill,4,0.3636363636363636,0.2631806779839075,0.1512954970122327,0.0653402965991945,0.5461165048543688,0.3870967741935484,0.0443549520723253,0.7054427266120911,0.6215642690658569
3339105374_cc41e0b7d7.jpg,object_replacement,a woman in a red coat with a man in a white and black coat and a black dog in the snow,a woman in a red coat with a man in a white and black coat and a black cat in the snow,two people and a dog are in the snow ||| two people are interacting with a dog that has bitten an object one of them is holding ||| two people are walking up a snowy hill with a dog ||| two people playing on a snowy hill,4,0.3181818181818182,0.2461829819586654,0.1447089370238733,0.0631950577114568,0.4699029126213593,0.3225806451612903,0.0214219623897023,0.6840132176876068,0.5145325660705566
3339105374_cc41e0b7d7.jpg,person_replacement,a woman in a red coat with a man in a white and black coat and a black dog in the snow,a man in a red coat with a man in a white and black coat and a black dog in the snow,two people and a dog are in the snow ||| two people are interacting with a dog that has bitten an object one of them is holding ||| two people are walking up a snowy hill with a dog ||| two people playing on a snowy hill,4,0.3636363636363636,0.2631806779839075,0.1512954970122327,0.0653402965991945,0.5461165048543688,0.3870967741935484,0.0430519095378491,0.6965575367212296,0.5934564471244812
3339105374_cc41e0b7d7.jpg,color_replacement,a woman in a red coat with a man in a white and black coat and a black dog in the snow,a woman in a blue coat with a man in a white and black coat and a black dog in the snow,two people and a dog are in the snow ||| two people are interacting with a dog that has bitten an object one of them is holding ||| two people are walking up a snowy hill with a dog ||| two people playing on a snowy hill,4,0.3636363636363636,0.2631806779839075,0.1512954970122327,0.0653402965991945,0.5461165048543688,0.3870967741935484,0.0438458787881095,0.6880824267864227,0.641960084438324
3339105374_cc41e0b7d7.jpg,hallucination,a woman in a red coat with a man in a white and black coat and a black dog in the snow,a woman in a red coat with a man in a white and black coat and a black dog in the snow with an umbrella,two people and a dog are in the snow ||| two people are interacting with a dog that has bitten an object one of them is holding ||| two people are walking up a snowy hill with a dog ||| two people playing on a snowy hill,4,0.36,0.2449489742783178,0.1376600125429635,0.0586813617407683,0.5306603773584906,0.3529411764705882,0.0253609652981823,0.695439949631691,0.5592618584632874
2272750492_91e8f67328.jpg,original,a man jumps through the air while snowboarding,a man jumps through the air while snowboarding,a snowboarder in gray pants and a white jacket catches some air ||| a snowboarder in gray pants is doing a jump ||| a snowboarder with brown pants ||| person wearing grey pants airborne on a snowboard,4,0.25,0.0597614304667196,0.039044833280954,0.033031643180138,0.1886792452830188,0.3076923076923077,0.0536742782366769,0.8016852289438248,0.6846187710762024
2272750492_91e8f67328.jpg,person_replacement,a man jumps through the air while snowboarding,a woman jumps through the air while snowboarding,a snowboarder in gray pants and a white jacket catches some air ||| a snowboarder in gray pants is doing a jump ||| a snowboarder with brown pants ||| person wearing grey pants airborne on a snowboard,4,0.25,0.0597614304667196,0.039044833280954,0.033031643180138,0.1886792452830188,0.3076923076923077,0.0531664638632193,0.765736997127533,0.578136682510376
2272750492_91e8f67328.jpg,hallucination,a man jumps through the air while snowboarding,a man jumps through the air while snowboarding with an umbrella,a snowboarder in gray pants and a white jacket catches some air ||| a snowboarder in gray pants is doing a jump ||| a snowboarder with brown pants ||| person wearing grey pants airborne on a snowboard,4,0.2490274680769806,0.0476851297025655,0.028467371580196,0.0226525815078815,0.4563492063492063,0.3749999999999999,0.0542208451672259,0.7475236058235168,0.5475918054580688
2021671653_567395c7cf.jpg,original,a boy dressed in denim is running on the sidewalk,a boy dressed in denim is running on the sidewalk,a young boy in motion in front of potted plants and a beige wall ||| a young boy wearing a denim outfit running down the street ||| little boy in denim runs through paved spanishstyle yard area ||| young boy running waring blue jacket and blue jeans flower pots are in the background on a cement walkway,4,0.7,0.2788866755113585,0.0990653658793855,0.0610473583580784,0.315625,0.4761904761904761,0.6388749652959769,0.886460691690445,0.8390573263168335
2021671653_567395c7cf.jpg,person_replacement,a boy dressed in denim is running on the sidewalk,a girl dressed in denim is running on the sidewalk,a young boy in motion in front of potted plants and a beige wall ||| a young boy wearing a denim outfit running down the street ||| little boy in denim runs through paved spanishstyle yard area ||| young boy running waring blue jacket and blue jeans flower pots are in the background on a cement walkway,4,0.6,0.258198889747161,0.0941036028881028,0.0587394909469921,0.2555555555555555,0.380952380952381,0.5104136603800865,0.7435683161020279,0.7080591917037964
2021671653_567395c7cf.jpg,action_replacement,a boy dressed in denim is running on the sidewalk,a boy dressed in denim is standing on the sidewalk,a young boy in motion in front of potted plants and a beige wall ||| a young boy wearing a denim outfit running down the street ||| little boy in denim runs through paved spanishstyle yard area ||| young boy running waring blue jacket and blue jeans flower pots are in the background on a cement walkway,4,0.6,0.258198889747161,0.0941036028881028,0.0587394909469921,0.2555555555555555,0.380952380952381,0.5590109315138989,0.7088039815425873,0.7046682238578796
2021671653_567395c7cf.jpg,negation,a boy dressed in denim is running on the sidewalk,a boy dressed in denim is not running on the sidewalk,a young boy in motion in front of potted plants and a beige wall ||| a young boy wearing a denim outfit running down the street ||| little boy in denim runs through paved spanishstyle yard area ||| young boy running waring blue jacket and blue jeans flower pots are in the background on a cement walkway,4,0.6363636363636364,0.2522624895547565,0.0890883567703394,0.0545246911963086,0.3125,0.4545454545454545,0.5409047711459023,0.7989108562469482,0.7395483255386353
2021671653_567395c7cf.jpg,hallucination,a boy dressed in denim is running on the sidewalk,a boy dressed in denim is running on the sidewalk with a helicopter,a young boy in motion in front of potted plants and a beige wall ||| a young boy wearing a denim outfit running down the street ||| little boy in denim runs through paved spanishstyle yard area ||| young boy running waring blue jacket and blue jeans flower pots are in the background on a cement walkway,4,0.5698222022414253,0.2096888927716905,0.0717987637738597,0.043026488932731,0.3064320388349515,0.4166666666666666,0.4819060458413543,0.8666859567165375,0.682950496673584
416960865_048fd3f294.jpg,original,a hiker in a red on a snowy peak,a hiker in a red on a snowy peak,a person in a red jacket and a red hardhat stands near a mountain ||| a person wearing a red jacket and helmet walks up near the large rock ||| a woman wearing a red work man s hat and red jacket is hiking in the snow topped mountains ||| the person wearing the red hardhat is on the mountain,4,0.596559544542913,0.3653166213293175,0.257431662133764,0.1262975489687145,0.2755555555555555,0.4347826086956521,0.2028581250643985,0.7581493258476257,0.7502099275588989
416960865_048fd3f294.jpg,color_replacement,a hiker in a red on a snowy peak,a hiker in a blue on a snowy peak,a person in a red jacket and a red hardhat stands near a mountain ||| a person wearing a red jacket and helmet walks up near the large rock ||| a woman wearing a red work man s hat and red jacket is hiking in the snow topped mountains ||| the person wearing the red hardhat is on the mountain,4,0.4971329537857609,0.2358108650835347,0.0892465726576343,0.0570613591495714,0.1481481481481481,0.3478260869565217,0.0064373264113671,0.6311049312353134,0.4416753947734833
416960865_048fd3f294.jpg,hallucination,a hiker in a red on a snowy peak,a hiker in a red on a snowy peak with a television,a person in a red jacket and a red hardhat stands near a mountain ||| a person wearing a red jacket and helmet walks up near the large rock ||| a woman wearing a red work man s hat and red jacket is hiking in the snow topped mountains ||| the person wearing the red hardhat is on the mountain,4,0.5833333333333334,0.3256694736394648,0.2197107811492718,0.1041904464013639,0.3089774557165861,0.4615384615384615,0.2208622108311275,0.7426154613494873,0.613408088684082
3474406285_01f3d24b71.jpg,original,a brown dog jumping over a blue and yellow stick,a brown dog jumping over a blue and yellow stick,a brown dog jumping over a hurdle ||| a brown dog jumps over an obstacle ||| a dog jumps over a hurdle at a competition ||| the brown dog is jumping a hurdle over a yellow and black pole,4,0.8,0.6666666666666667,0.60570686427738,0.5555238068023582,0.8200152207001522,0.7058823529411764,1.8339403413555635,0.7662607729434967,0.6604959964752197
3474406285_01f3d24b71.jpg,object_replacement,a brown dog jumping over a blue and yellow stick,a brown cat jumping over a blue and yellow stick,a brown dog jumping over a hurdle ||| a brown dog jumps over an obstacle ||| a dog jumps over a hurdle at a competition ||| the brown dog is jumping a hurdle over a yellow and black pole,4,0.7,0.4830458915396479,0.3078191250746389,0.14287202148494,0.6630136986301369,0.588235294117647,0.88402690394006,0.6354828178882599,0.4128328859806061
3474406285_01f3d24b71.jpg,hallucination,a brown dog jumping over a blue and yellow stick,a brown dog jumping over a blue and yellow stick with a helicopter,a brown dog jumping over a hurdle ||| a brown dog jumps over an obstacle ||| a dog jumps over a hurdle at a competition ||| the brown dog is jumping a hurdle over a yellow and black pole,4,0.6923076923076923,0.5370861555295747,0.4716122463218143,0.4211813371894875,0.7401315789473685,0.6,1.1450134443434026,0.7857165485620499,0.5115888714790344
3690348036_a01f243fb0.jpg,original,a bmx biker is in midair attempting a trick,a bmx biker is in midair attempting a trick,a boy does a trick on a bike in the woods ||| a person is in the air with a trick bike ||| a person riding a bike doing a very high jump ||| the young man is performing a bicycle trick high in the air,4,0.4971329537857609,0.3334869235560669,0.1124436355223257,0.067857774292396,0.4505050505050505,0.5263157894736842,0.3860336484337553,0.7689966261386871,0.5995936989784241
3690348036_a01f243fb0.jpg,hallucination,a bmx biker is in midair attempting a trick,a bmx biker is in midair attempting a trick with a television,a boy does a trick on a bike in the woods ||| a person is in the air with a trick bike ||| a person riding a bike doing a very high jump ||| the young man is performing a bicycle trick high in the air,4,0.5833333333333334,0.3988620176087328,0.1167387721650395,0.0648411507139764,0.5010893246187365,0.4545454545454545,0.3573754224825246,0.7382702827453613,0.509253203868866
2746839158_4195210d27.jpg,original,children playing outside in a fountain,children playing outside in a fountain,two boys in underwear play in the water in the city street ||| two little boys play in the water left behind by the sprinklers ||| two young boys are playing in a fountain in a city plaza ||| two young boys play in the water that has collected on the street,4,0.2452529607809615,0.1899721265425449,0.1491678047482249,0.0798734401038755,0.2768640350877193,0.4444444444444444,0.2307520749393867,0.8151271194219589,0.6835170388221741
2746839158_4195210d27.jpg,hallucination,children playing outside in a fountain,children playing outside in a fountain with a traffic cone,two boys in underwear play in the water in the city street ||| two little boys play in the water left behind by the sprinklers ||| two young boys are playing in a fountain in a city plaza ||| two young boys play in the water that has collected on the street,4,0.4093653765389909,0.272910251025994,0.1968023461373634,0.0971702834321306,0.3152542372881355,0.4545454545454545,0.2434444065985897,0.8040927350521088,0.5363656878471375
989754491_7e53fb4586.jpg,original,a girl in a pool wearing goggles and surrounded by other children,a girl in a pool wearing goggles and surrounded by other children,a girl in green goggles in a pool with three other children ||| a red haired girl making a peace sign is wearing neon green glasses and floaties and playing in the pool with other kids ||| a redheaded girl offers the peace sign as she swims in the pool with floaties ||| a young girl with goggles and floaties poses for the camera as she plays in a pool,4,0.8333333333333334,0.674199862463242,0.4496443130226092,0.1782753104279625,0.625,0.5833333333333334,1.0130934356435963,0.8759838342666626,0.8287420272827148
989754491_7e53fb4586.jpg,person_replacement,a girl in a pool wearing goggles and surrounded by other children,a boy in a pool wearing goggles and surrounded by other children,a girl in green goggles in a pool with three other children ||| a red haired girl making a peace sign is wearing neon green glasses and floaties and playing in the pool with other kids ||| a redheaded girl offers the peace sign as she swims in the pool with floaties ||| a young girl with goggles and floaties poses for the camera as she plays in a pool,4,0.75,0.5222329678670936,0.3010067189543958,0.1319384917132592,0.5289115646258503,0.5,0.8618625922491183,0.8590206503868103,0.7873714566230774
989754491_7e53fb4586.jpg,hallucination,a girl in a pool wearing goggles and surrounded by other children,a girl in a pool wearing goggles and surrounded by other children with a helicopter,a girl in green goggles in a pool with three other children ||| a red haired girl making a peace sign is wearing neon green glasses and floaties and playing in the pool with other kids ||| a redheaded girl offers the peace sign as she swims in the pool with floaties ||| a young girl with goggles and floaties poses for the camera as she plays in a pool,4,0.7333333333333333,0.560611910581388,0.3643094426946137,0.1416796611604849,0.4747565994178461,0.5185185185185186,0.8988580306907469,0.8209554851055145,0.7164677381515503
3638178504_be1ff246bd.jpg,original,a little girl is looking at the two horses on the other side of the fence,a little girl is looking at the two horses on the other side of the fence,a small child staring at a horse and a pony ||| two horses are looking at a small child ||| two horses look over a fence at a child wearing a red sweatshirt ||| two horse stare at a young child with crumbling structures nearby,4,0.375,0.223606797749979,0.0709491705985192,0.0407122077555306,0.5068181818181818,0.2307692307692307,0.5316657208486916,0.839662030339241,0.718554675579071
3638178504_be1ff246bd.jpg,person_replacement,a little girl is looking at the two horses on the other side of the fence,a little boy is looking at the two horses on the other side of the fence,a small child staring at a horse and a pony ||| two horses are looking at a small child ||| two horses look over a fence at a child wearing a red sweatshirt ||| two horse stare at a young child with crumbling structures nearby,4,0.375,0.223606797749979,0.0709491705985192,0.0407122077555306,0.5068181818181818,0.2307692307692307,0.5309586174789807,0.7934461534023285,0.7042995095252991
3638178504_be1ff246bd.jpg,action_replacement,a little girl is looking at the two horses on the other side of the fence,a little girl is pointing at the two horses on the other side of the fence,a small child staring at a horse and a pony ||| two horses are looking at a small child ||| two horses look over a fence at a child wearing a red sweatshirt ||| two horse stare at a young child with crumbling structures nearby,4,0.3125,0.1443375672974064,0.0529919916474163,0.0327093447087721,0.3586647727272727,0.2307692307692307,0.4066413770584231,0.8435364067554474,0.6564700603485107
3638178504_be1ff246bd.jpg,negation,a little girl is looking at the two horses on the other side of the fence,a little girl is not looking at the two horses on the other side of the fence,a small child staring at a horse and a pony ||| two horses are looking at a small child ||| two horses look over a fence at a child wearing a red sweatshirt ||| two horse stare at a young child with crumbling structures nearby,4,0.3529411764705882,0.2100420126042014,0.0665028658428247,0.0380713486644631,0.501123595505618,0.2222222222222222,0.4055144715701136,0.8450435101985931,0.6722913384437561
3638178504_be1ff246bd.jpg,hallucination,a little girl is looking at the two horses on the other side of the fence,a little girl is looking at the two horses on the other side of the fence with a helicopter,a small child staring at a horse and a pony ||| two horses are looking at a small child ||| two horses look over a fence at a child wearing a red sweatshirt ||| two horse stare at a young child with crumbling structures nearby,4,0.4210526315789473,0.21629522817435,0.0650451598138697,0.0362143957417634,0.4901098901098901,0.2758620689655172,0.2631776768252742,0.8082864433526993,0.6361324191093445
3472270112_0a7cb7b27c.jpg,original,a baseman and a ballplayer from the opposing team sliding onto base,a baseman and a ballplayer from the opposing team sliding onto base,a runner slides into second base while the shortstop waits for the ball ||| men participate in a baseball game ||| three baseball players in motion one sliding into a base another running in the background ||| three men playing baseball and the one wearing a red helmet is sliding to the plate,4,0.3833518394288847,0.0566248193819654,0.0308987433853914,0.0234340409283761,0.1550387596899224,0.24,0.276382804127623,0.8575465530157089,0.7034258842468262
3472270112_0a7cb7b27c.jpg,hallucination,a baseman and a ballplayer from the opposing team sliding onto base,a baseman and a ballplayer from the opposing team sliding onto base with a helicopter,a runner slides into second base while the shortstop waits for the ball ||| men participate in a baseball game ||| three baseball players in motion one sliding into a base another running in the background ||| three men playing baseball and the one wearing a red helmet is sliding to the plate,4,0.3333333333333333,0.0487950036474266,0.0263594161000486,0.0197654418733492,0.1515151515151515,0.2142857142857142,0.2800972806921303,0.8299225568771362,0.5290213227272034
3464871350_3f2d624a9c.jpg,original,a driver is sitting in a team penske race car,a driver is sitting in a team penske race car,a race car driver with an orange helmet sits in a team penske indy car at the raceway ||| a race car sits in the pits ||| race car driver getting ready for the start of the race ||| racing car marked team penske on track banners and spectators in background,4,0.7238699344287677,0.5395407934170133,0.4038186547336971,0.3037441422076457,0.610958904109589,0.5714285714285714,1.215379912196964,0.7910473644733429,0.7893036603927612
3464871350_3f2d624a9c.jpg,object_replacement,a driver is sitting in a team penske race car,a driver is sitting in a team penske race truck,a race car driver with an orange helmet sits in a team penske indy car at the raceway ||| a race car sits in the pits ||| race car driver getting ready for the start of the race ||| racing car marked team penske on track banners and spectators in background,4,0.6333861926251716,0.4370779972936131,0.3509211008891332,0.2733853513461668,0.436046511627907,0.5,0.6971802399069548,0.7078340649604797,0.6301037669181824
3464871350_3f2d624a9c.jpg,negation,a driver is sitting in a team penske race car,a driver is not sitting in a team penske race car,a race car driver with an orange helmet sits in a team penske indy car at the raceway ||| a race car sits in the pits ||| race car driver getting ready for the start of the race ||| racing car marked team penske on track banners and spectators in background,4,0.7272727272727273,0.5393598899705937,0.4013422919391943,0.2998221389342337,0.6027027027027028,0.5517241379310345,1.1255881712715865,0.7597258687019348,0.7243809103965759
3464871350_3f2d624a9c.jpg,hallucination,a driver is sitting in a team penske race car,a driver is sitting in a team penske race car with an umbrella,a race car driver with an orange helmet sits in a team penske indy car at the raceway ||| a race car sits in the pits ||| race car driver getting ready for the start of the race ||| racing car marked team penske on track banners and spectators in background,4,0.7692307692307693,0.5661385170722979,0.3876986054269914,0.2762935071062246,0.5868421052631579,0.5161290322580646,1.1425944608091425,0.7782213389873505,0.709425687789917
493542985_c85ad29ebe.jpg,original,a girl is rowing in a lake,a girl is rowing in a lake,a girl sits on a skinny canoe ||| a woman sits in a rowing scull and looks behind her at a dock ||| a woman sitting in a rowboat ||| girl in a thin rowboat leaving the dock of a lake,4,0.8571428571428571,0.6546536707079771,0.2046528216187626,0.1209896735024439,0.4189435336976321,0.4615384615384615,0.4140189734137056,0.8149037510156631,0.6893838047981262
493542985_c85ad29ebe.jpg,person_replacement,a girl is rowing in a lake,a boy is rowing in a lake,a girl sits on a skinny canoe ||| a woman sits in a rowing scull and looks behind her at a dock ||| a woman sitting in a rowboat ||| girl in a thin rowboat leaving the dock of a lake,4,0.7142857142857143,0.4879500364742665,0.1682390865739974,0.1044552273072038,0.4189435336976321,0.4615384615384615,0.2715942732377366,0.7009141892194748,0.5214196443557739
493542985_c85ad29ebe.jpg,action_replacement,a girl is rowing in a lake,a girl is floating in a lake,a girl sits on a skinny canoe ||| a woman sits in a rowing scull and looks behind her at a dock ||| a woman sitting in a rowboat ||| girl in a thin rowboat leaving the dock of a lake,4,0.7142857142857143,0.5976143046671969,0.1925856785554179,0.1155987114790698,0.4189435336976321,0.4615384615384615,0.2771702816118342,0.6429457664489746,0.5659311413764954
493542985_c85ad29ebe.jpg,negation,a girl is rowing in a lake,a girl is not rowing in a lake,a girl sits on a skinny canoe ||| a woman sits in a rowing scull and looks behind her at a dock ||| a woman sitting in a rowboat ||| girl in a thin rowboat leaving the dock of a lake,4,0.75,0.5669467095138409,0.1749757011938004,0.1017397827309225,0.4121863799283153,0.4285714285714285,0.3600198099360968,0.8161738514900208,0.6864595413208008
493542985_c85ad29ebe.jpg,hallucination,a girl is rowing in a lake,a girl is rowing in a lake with an umbrella,a girl sits on a skinny canoe ||| a woman sits in a rowing scull and looks behind her at a dock ||| a woman sitting in a rowboat ||| girl in a thin rowboat leaving the dock of a lake,4,0.5429024508215757,0.4046555950627599,0.1228053313835529,0.0699489249174245,0.3993055555555556,0.380952380952381,0.3501153195987871,0.7547975331544876,0.6153799891471863
2303016989_0deb96c8d9.jpg,original,a black and white dog is catching a red and green object in his mouth,a black and white dog is catching a red and green object in his mouth,a black and white dog is running through the field to catch something in its mouth ||| a dog catching a flexable frisbee in its mouth ||| a small black and white dog jumps with an object in its mouth ||| the black and white dog leaps to catch a toy,4,0.686038455689853,0.5664776108983309,0.4520395053577804,0.3833796477982051,0.4867724867724867,0.5806451612903225,1.484617961977569,0.8626870810985565,0.5831674337387085
2303016989_0deb96c8d9.jpg,object_replacement,a black and white dog is catching a red and green object in his mouth,a black and white cat is catching a red and green object in his mouth,a black and white dog is running through the field to catch something in its mouth ||| a dog catching a flexable frisbee in its mouth ||| a small black and white dog jumps with an object in its mouth ||| the black and white dog leaps to catch a toy,4,0.6236713233544118,0.456480667468109,0.3106891966888325,0.2198928262665456,0.3875,0.5161290322580646,0.9087938402064304,0.7293614745140076,0.3197753429412842
2303016989_0deb96c8d9.jpg,negation,a black and white dog is catching a red and green object in his mouth,a black and white dog is not catching a red and green object in his mouth,a black and white dog is running through the field to catch something in its mouth ||| a dog catching a flexable frisbee in its mouth ||| a small black and white dog jumps with an object in its mouth ||| the black and white dog leaps to catch a toy,4,0.6875,0.5664215155988809,0.4508898714992067,0.3813707100324891,0.4821802935010481,0.5625,1.2544980949018862,0.7898369431495667,0.5418623089790344
2303016989_0deb96c8d9.jpg,hallucination,a black and white dog is catching a red and green object in his mouth,a black and white dog is catching a red and green object in his mouth with a television,a black and white dog is running through the field to catch something in its mouth ||| a dog catching a flexable frisbee in its mouth ||| a small black and white dog jumps with an object in its mouth ||| the black and white dog leaps to catch a toy,4,0.6666666666666666,0.5239368319955838,0.4094170795738882,0.3422803488747217,0.5098308184727939,0.5294117647058824,0.963470247928248,0.7979712635278702,0.4598751366138458
540604040_bec822c144.jpg,original,a girl sliding down a pole,a girl sliding down a pole,a small child with a ponytail dressed in jean shorts and a pink and brown shirt climbs on a pole near wooden playground equipment ||| a young asian girl is sliding down a pole on outdoor playground equipment ||| a young girl slides down a bar in a play structure ||| a young girl sliding down a black pole,4,0.7165313105737893,0.6408850873800026,0.6043459130494065,0.5698363775444273,0.7211538461538461,0.8571428571428571,1.8709002978014315,0.8153489232063293,0.7724799513816833
540604040_bec822c144.jpg,person_replacement,a girl sliding down a pole,a boy sliding down a pole,a small child with a ponytail dressed in jean shorts and a pink and brown shirt climbs on a pole near wooden playground equipment ||| a young asian girl is sliding down a pole on outdoor playground equipment ||| a young girl slides down a bar in a play structure ||| a young girl sliding down a black pole,4,0.5971094254781577,0.5066641486392106,0.451386440550339,0.3849815007763549,0.5717948717948719,0.7142857142857143,1.2763959792108732,0.8322159945964813,0.704971194267273
540604040_bec822c144.jpg,hallucination,a girl sliding down a pole,a girl sliding down a pole with a television,a small child with a ponytail dressed in jean shorts and a pink and brown shirt climbs on a pole near wooden playground equipment ||| a young asian girl is sliding down a pole on outdoor playground equipment ||| a young girl slides down a bar in a play structure ||| a young girl sliding down a black pole,4,0.8888888888888888,0.7453559924999299,0.6197980942410934,0.5307712171072443,0.6310013717421126,0.7058823529411765,1.6024536930865405,0.7634089887142181,0.5718324780464172
2735979477_eef7c680f9.jpg,original,a tan dog and larger white dog run along the grass,a tan dog and larger white dog run along the grass,two big dogs brown and tan are running in grass ||| two dogs running on grass ||| two golden retreiver dogs are running on the grass ||| two large dogs running in some grass,4,0.3636363636363636,0.1906925178491184,0.0739278822620259,0.0474060425987813,0.6696428571428572,0.3999999999999999,0.367414228391377,0.8760906755924225,0.7500590085983276
2735979477_eef7c680f9.jpg,object_replacement,a tan dog and larger white dog run along the grass,a tan cat and larger white dog run along the grass,two big dogs brown and tan are running in grass ||| two dogs running on grass ||| two golden retreiver dogs are running on the grass ||| two large dogs running in some grass,4,0.3636363636363636,0.1906925178491184,0.0739278822620259,0.0474060425987813,0.6696428571428572,0.3999999999999999,0.3251948405279609,0.8450454473495483,0.6716501116752625
2735979477_eef7c680f9.jpg,hallucination,a tan dog and larger white dog run along the grass,a tan dog and larger white dog run along the grass with a helicopter,two big dogs brown and tan are running in grass ||| two dogs running on grass ||| two golden retreiver dogs are running on the grass ||| two large dogs running in some grass,4,0.2857142857142857,0.1482498633322202,0.0567896404549297,0.0359214342034289,0.6355932203389831,0.3478260869565217,0.2235751662784133,0.8029914647340775,0.5775511264801025
2053441349_a98b5fc742.jpg,original,a dog in a field of colorful flowers,a dog in a field of colorful flowers,a large brown dog is running through a field of flowers ||| a tan dog walks through a field of colorful flowers ||| dog runs through field of flowers ||| the brown dog walks through the flowers,4,0.875,0.7071067811865475,0.6299605249474366,0.5623413251903491,0.6861724281549355,0.7777777777777777,2.7888544331406178,0.9798777848482132,0.8443520665168762
2053441349_a98b5fc742.jpg,object_replacement,a dog in a field of colorful flowers,a cat in a field of colorful flowers,a large brown dog is running through a field of flowers ||| a tan dog walks through a field of colorful flowers ||| dog runs through field of flowers ||| the brown dog walks through the flowers,4,0.75,0.6546536707079771,0.5984084805885754,0.5410822690539396,0.600907029478458,0.6666666666666665,2.1970689049654286,0.8066729456186295,0.5980602502822876
2053441349_a98b5fc742.jpg,hallucination,a dog in a field of colorful flowers,a dog in a field of colorful flowers with a television,a large brown dog is running through a field of flowers ||| a tan dog walks through a field of colorful flowers ||| dog runs through field of flowers ||| the brown dog walks through the flowers,4,0.6363636363636364,0.504524979109513,0.4394215622985436,0.3816330911371337,0.6284097797534854,0.6666666666666666,2.057957403157718,0.9250889718532562,0.6860929727554321
244910177_7c4ec3f65b.jpg,original,three woman walk down a city street and one has a pink purse,three woman walk down a city street and one has a pink purse,three women two with tattoos walking down the street ||| women are walking through the street drinking iced coffee ||| women walk down a buzy sidewalk ||| women walking down the street,4,0.3846153846153846,0.2531848417709166,0.179953751775717,0.0873716785171587,0.4406130268199234,0.3636363636363637,0.4381787770902302,0.7922779023647308,0.5965508818626404
244910177_7c4ec3f65b.jpg,person_replacement,three woman walk down a city street and one has a pink purse,three man walk down a city street and one has a pink purse,three women two with tattoos walking down the street ||| women are walking through the street drinking iced coffee ||| women walk down a buzy sidewalk ||| women walking down the street,4,0.3846153846153846,0.2531848417709166,0.179953751775717,0.0873716785171587,0.4406130268199234,0.3636363636363637,0.4397242303683741,0.6892286241054535,0.39172041416168213
244910177_7c4ec3f65b.jpg,color_replacement,three woman walk down a city street and one has a pink purse,three woman walk down a city street and one has a purple purse,three women two with tattoos walking down the street ||| women are walking through the street drinking iced coffee ||| women walk down a buzy sidewalk ||| women walking down the street,4,0.3846153846153846,0.2531848417709166,0.179953751775717,0.0873716785171587,0.4406130268199234,0.3636363636363637,0.428945598673504,0.7739991694688797,0.5436135530471802
244910177_7c4ec3f65b.jpg,hallucination,three woman walk down a city street and one has a pink purse,three woman walk down a city street and one has a pink purse with an umbrella,three women two with tattoos walking down the street ||| women are walking through the street drinking iced coffee ||| women walk down a buzy sidewalk ||| women walking down the street,4,0.375,0.223606797749979,0.1528553543664399,0.072397680788887,0.418943533697632,0.32,0.2108248235452872,0.7674384862184525,0.5583678483963013
2290589734_b588471345.jpg,original,one boy in a black shirt is grabbing the flag of the boy in the red shirt with the football,one boy in a black shirt is grabbing the flag of the boy in the red shirt with the football,two boys are playing flag football ||| two boys playing a game of flag football ||| two boys with mouthguards and one is holding a football while the other reaches for him ||| young football players with mouthguards,4,0.4,0.0458831467741123,0.0226992388708607,0.0161955701285324,0.2717391304347826,0.2857142857142857,0.1639811688695004,0.7780537009239197,0.5239394903182983
2290589734_b588471345.jpg,person_replacement,one boy in a black shirt is grabbing the flag of the boy in the red shirt with the football,one girl in a black shirt is grabbing the flag of the boy in the red shirt with the football,two boys are playing flag football ||| two boys playing a game of flag football ||| two boys with mouthguards and one is holding a football while the other reaches for him ||| young football players with mouthguards,4,0.4,0.0458831467741123,0.0226992388708607,0.0161955701285324,0.2717391304347826,0.2142857142857142,0.1712048137498995,0.7616462558507919,0.427202045917511
2290589734_b588471345.jpg,color_replacement,one boy in a black shirt is grabbing the flag of the boy in the red shirt with the football,one boy in a black shirt is grabbing the flag of the boy in the blue shirt with the football,two boys are playing flag football ||| two boys playing a game of flag football ||| two boys with mouthguards and one is holding a football while the other reaches for him ||| young football players with mouthguards,4,0.4,0.0458831467741123,0.0226992388708607,0.0161955701285324,0.2717391304347826,0.2857142857142857,0.1625540692364263,0.7713538408279419,0.5302863121032715
2290589734_b588471345.jpg,negation,one boy in a black shirt is grabbing the flag of the boy in the red shirt with the football,one boy in a black shirt is not grabbing the flag of the boy in the red shirt with the football,two boys are playing flag football ||| two boys playing a game of flag football ||| two boys with mouthguards and one is holding a football while the other reaches for him ||| young football players with mouthguards,4,0.3809523809523809,0.0436435780471984,0.0215623305037443,0.0153622082332455,0.2688172043010753,0.2758620689655172,0.1219336239792922,0.7308237254619598,0.4278794825077057
2290589734_b588471345.jpg,hallucination,one boy in a black shirt is grabbing the flag of the boy in the red shirt with the football,one boy in a black shirt is grabbing the flag of the boy in the red shirt with the football with a television,two boys are playing flag football ||| two boys playing a game of flag football ||| two boys with mouthguards and one is holding a football while the other reaches for him ||| young football players with mouthguards,4,0.3478260869565218,0.0397621386243772,0.0195992773411859,0.0139290835994546,0.2631578947368421,0.2580645161290322,0.0740721435324951,0.789145827293396,0.5091663002967834
3685373706_37f2ced9ff.jpg,original,a man is shirtless and is covered in red marks,a man is shirtless and is covered in red marks,a man with several red marks on his body is holding a flag while people in the background are cheering ||| a shirtless man covered in red lipstick kisses waving a blue flag ||| a shirtless man waaves a flag ||| a shirtless man with red paint on his torso holding a stick,4,0.6549846024623855,0.4881966984405234,0.29001041687055,0.1299633699540968,0.4331450094161957,0.4545454545454545,0.8851532449505588,0.7120701670646667,0.6002492308616638
3685373706_37f2ced9ff.jpg,person_replacement,a man is shirtless and is covered in red marks,a woman is shirtless and is covered in red marks,a man with several red marks on his body is holding a flag while people in the background are cheering ||| a shirtless man covered in red lipstick kisses waving a blue flag ||| a shirtless man waaves a flag ||| a shirtless man with red paint on his torso holding a stick,4,0.5731115271545874,0.3954845265514811,0.2520209840841646,0.1169737177441385,0.3779661016949152,0.4545454545454545,0.8077466346819626,0.6777038425207138,0.45992806553840637
3685373706_37f2ced9ff.jpg,color_replacement,a man is shirtless and is covered in red marks,a man is shirtless and is covered in blue marks,a man with several red marks on his body is holding a flag while people in the background are cheering ||| a shirtless man covered in red lipstick kisses waving a blue flag ||| a shirtless man waaves a flag ||| a shirtless man with red paint on his torso holding a stick,4,0.6549846024623855,0.3452071960201781,0.1068407510684935,0.0614558833059312,0.3613465160075328,0.4545454545454545,0.7302356397148897,0.7216949760913849,0.47259384393692017
3685373706_37f2ced9ff.jpg,hallucination,a man is shirtless and is covered in red marks,a man is shirtless and is covered in red marks with a traffic cone,a man with several red marks on his body is holding a flag while people in the background are cheering ||| a shirtless man covered in red lipstick kisses waving a blue flag ||| a shirtless man waaves a flag ||| a shirtless man with red paint on his torso holding a stick,4,0.7142857142857143,0.4688072309384954,0.2635941610004862,0.1135935489027116,0.469220475075276,0.4615384615384615,0.6106857438143891,0.7051745057106018,0.48443925380706787
382701159_f98c1988cd.jpg,original,a man fishes in the ocean,a man fishes in the ocean,a man fly fishes in the ocean ||| a man fly fishing ||| a man is fishing in kneehigh waves of water ||| the person is fishing with waves splashing around him,4,0.846481724890614,0.7571162714266755,0.6236930675040936,0.5115078115793242,0.8534621578099838,0.923076923076923,1.2729937252078014,0.7100572437047958,0.7104670405387878
382701159_f98c1988cd.jpg,person_replacement,a man fishes in the ocean,a woman fishes in the ocean,a man fly fishes in the ocean ||| a man fly fishing ||| a man is fishing in kneehigh waves of water ||| the person is fishing with waves splashing around him,4,0.7054014374088451,0.5985529678206387,0.5332500717705028,0.4548019047027907,0.7014492753623188,0.7692307692307692,1.1048116564171595,0.6954373419284821,0.4777507781982422
382701159_f98c1988cd.jpg,hallucination,a man fishes in the ocean,a man fishes in the ocean with an umbrella,a man fly fishes in the ocean ||| a man fly fishing ||| a man is fishing in kneehigh waves of water ||| the person is fishing with waves splashing around him,4,0.7777777777777778,0.6236095644623236,0.4807498567691361,0.3688939732334405,0.8179012345679012,0.75,0.8432389549578043,0.6654426455497742,0.5792464017868042
3053415073_5b667230ed.jpg,original,a person on skis on a rail at night,a person on skis on a rail at night,a skier in electric green on the edge of a ramp made of metal bars ||| a skier slides along a metal rail ||| a yellow uniformed skier is performing a trick across a railed object ||| the skier is wearing a yellow jumpsuit and sliding across a yellow rail,4,0.4444444444444444,0.0745355992499929,0.0429743996463099,0.0339132609103075,0.4383680555555556,0.375,0.2550846697911014,0.8196946978569031,0.5755978226661682
3053415073_5b667230ed.jpg,hallucination,a person on skis on a rail at night,a person on skis on a rail at night with a traffic cone,a skier in electric green on the edge of a ramp made of metal bars ||| a skier slides along a metal rail ||| a yellow uniformed skier is performing a trick across a railed object ||| the skier is wearing a yellow jumpsuit and sliding across a yellow rail,4,0.3846153846153846,0.0566138517072297,0.0307716587050705,0.0232334219683501,0.2631578947368421,0.3,0.1561759071403827,0.752985030412674,0.4525831937789917
1287475186_2dee85f1a5.jpg,original,a boy sitting in water,a boy sitting in water,a small boy is sitting in the water and water is splashing up through his legs ||| a young boy in a swimming suit sits in water ||| a young boy sitting on a water jet in a pool ||| little boy sitting in water with a fountain coming up through his lap,4,0.3678794411714423,0.318592941584492,0.2919861059565104,0.2601300475114445,0.4694736842105263,0.6666666666666666,0.9491265735357904,0.8003069460391998,0.7066856026649475
1287475186_2dee85f1a5.jpg,person_replacement,a boy sitting in water,a girl sitting in water,a small boy is sitting in the water and water is splashing up through his legs ||| a young boy in a swimming suit sits in water ||| a young boy sitting on a water jet in a pool ||| little boy sitting in water with a fountain coming up through his lap,4,0.2943035529371539,0.2326673876903359,0.187939657168897,0.105119358845828,0.3947368421052631,0.5333333333333333,0.529659645277323,0.6705968081951141,0.43146392703056335
1287475186_2dee85f1a5.jpg,hallucination,a boy sitting in water,a boy sitting in water with a television,a small boy is sitting in the water and water is splashing up through his legs ||| a young boy in a swimming suit sits in water ||| a young boy sitting on a water jet in a pool ||| little boy sitting in water with a fountain coming up through his lap,4,0.6814506851874793,0.6156960795070859,0.5816869209797718,0.5506953149031837,0.5215419501133786,0.5714285714285714,1.188184474792571,0.758773684501648,0.4621492028236389
769260947_02bc973d76.jpg,original,a dog stands shoulder deep in muddy water,a dog stands shoulder deep in muddy water,a dog with white fur is moving through deep murky water ||| a light tan dog swimming through swampy water ||| a white dog is standing in mud up to its neck ||| a white dog is wading in natural water with algae,4,0.625,0.2988071523335984,0.1141677850990735,0.073860999559306,0.2949766355140187,0.4444444444444445,0.2804149921053957,0.8593128621578217,0.6709011793136597
769260947_02bc973d76.jpg,object_replacement,a dog stands shoulder deep in muddy water,a cat stands shoulder deep in muddy water,a dog with white fur is moving through deep murky water ||| a light tan dog swimming through swampy water ||| a white dog is standing in mud up to its neck ||| a white dog is wading in natural water with algae,4,0.5,0.0845154254728516,0.0491934073403098,0.0392814650900513,0.1530612244897959,0.3333333333333332,0.1794191765729426,0.7111432403326035,0.3517395257949829
769260947_02bc973d76.jpg,hallucination,a dog stands shoulder deep in muddy water,a dog stands shoulder deep in muddy water with a suitcase,a dog with white fur is moving through deep murky water ||| a light tan dog swimming through swampy water ||| a white dog is standing in mud up to its neck ||| a white dog is wading in natural water with algae,4,0.5454545454545454,0.3302891295379082,0.1066224564261435,0.062389860721175,0.3683168316831683,0.4761904761904761,0.3083196531359277,0.8236560225486755,0.4359301030635834
3375134059_7e9eb2ef01.jpg,original,one dog on the ground and another dog standing above it,one dog on the ground and another dog standing above it,two beige dogs play in the grass ||| two dogs in a field facing each other ||| two dogs play with one another on the grass ||| two tan dogs play in the grass,4,0.3636363636363636,0.1906925178491184,0.0739278822620259,0.0474060425987813,0.4043478260869566,0.3,0.1465375165234558,0.7573425769805908,0.553598165512085
3375134059_7e9eb2ef01.jpg,object_replacement,one dog on the ground and another dog standing above it,one cat on the ground and another dog standing above it,two beige dogs play in the grass ||| two dogs in a field facing each other ||| two dogs play with one another on the grass ||| two tan dogs play in the grass,4,0.3636363636363636,0.1906925178491184,0.0739278822620259,0.0474060425987813,0.4043478260869566,0.3,0.1302423217399894,0.710112452507019,0.42465853691101074
3375134059_7e9eb2ef01.jpg,hallucination,one dog on the ground and another dog standing above it,one dog on the ground and another dog standing above it with a helicopter,two beige dogs play in the grass ||| two dogs in a field facing each other ||| two dogs play with one another on the grass ||| two tan dogs play in the grass,4,0.4285714285714285,0.1815682598006407,0.0650079102582409,0.0397536017626395,0.4488304093567252,0.2608695652173913,0.0965571134333289,0.700492337346077,0.32438725233078003
494329594_6e751372a0.jpg,original,a black woman in a pink bikini is sitting on a towel on a lounge chair,a black woman in a pink bikini is sitting on a towel on a lounge chair,a girl with hot pink toe nails and bathing suit is laying on a hot pink towel ||| a woman in a pink bikini is laying on a deck lounge chair that is covered with a pink towel ||| there is a very oiled darker woman on a pink towel lounging on a lawn chair next to her flip flops and suntan lotion ||| woman in pink is suntanning,4,0.8219864299617914,0.6417412935699331,0.4799207272984559,0.39344656191799,0.5174180327868853,0.6111111111111112,0.9628388630330084,0.931914448738098,0.7500832080841064
494329594_6e751372a0.jpg,person_replacement,a black woman in a pink bikini is sitting on a towel on a lounge chair,a black man in a pink bikini is sitting on a towel on a lounge chair,a girl with hot pink toe nails and bathing suit is laying on a hot pink towel ||| a woman in a pink bikini is laying on a deck lounge chair that is covered with a pink towel ||| there is a very oiled darker woman on a pink towel lounging on a lawn chair next to her flip flops and suntan lotion ||| woman in pink is suntanning,4,0.7632731135359491,0.5784577848872458,0.4068781655385513,0.3141116890623593,0.4350907029478457,0.5555555555555556,0.8710768146409964,0.8604815602302551,0.686272382736206
494329594_6e751372a0.jpg,color_replacement,a black woman in a pink bikini is sitting on a towel on a lounge chair,a black woman in a purple bikini is sitting on a towel on a lounge chair,a girl with hot pink toe nails and bathing suit is laying on a hot pink towel ||| a woman in a pink bikini is laying on a deck lounge chair that is covered with a pink towel ||| there is a very oiled darker woman on a pink towel lounging on a lawn chair next to her flip flops and suntan lotion ||| woman in pink is suntanning,4,0.7632731135359491,0.5355478441185191,0.267983694406443,0.1085949396078442,0.4830994897959182,0.5555555555555556,0.5896578233670651,0.8981629461050034,0.60002601146698
494329594_6e751372a0.jpg,negation,a black woman in a pink bikini is sitting on a towel on a lounge chair,a black woman in a pink bikini is not sitting on a towel on a lounge chair,a girl with hot pink toe nails and bathing suit is laying on a hot pink towel ||| a woman in a pink bikini is laying on a deck lounge chair that is covered with a pink towel ||| there is a very oiled darker woman on a pink towel lounging on a lawn chair next to her flip flops and suntan lotion ||| woman in pink is suntanning,4,0.8235294117647058,0.6416889479197478,0.478857121200543,0.3916541813506835,0.5097167572763044,0.5945945945945946,0.9484004853347828,0.880773663520813,0.6490850448608398
494329594_6e751372a0.jpg,hallucination,a black woman in a pink bikini is sitting on a towel on a lounge chair,a black woman in a pink bikini is sitting on a towel on a lounge chair with an umbrella,a girl with hot pink toe nails and bathing suit is laying on a hot pink towel ||| a woman in a pink bikini is laying on a deck lounge chair that is covered with a pink towel ||| there is a very oiled darker woman on a pink towel lounging on a lawn chair next to her flip flops and suntan lotion ||| woman in pink is suntanning,4,0.7489969579077136,0.5619788427847039,0.4131088183579552,0.3346449427374642,0.5328940621474721,0.6153846153846154,0.9942380729210738,0.9333567321300508,0.7087115049362183
599366440_a238e805cf.jpg,original,a black and white dog has pinned a brown dog to the ground in front of a wishing well,a black and white dog has pinned a brown dog to the ground in front of a wishing well,a white dog is trying to play with a brown dog ||| a white spotted dog plays with a brown dog on the green grass ||| two dogs play together on the grass in front of a small stone well ||| two dogs wrestling on a green lawn,4,0.631578947368421,0.4588314677411235,0.3336769761883771,0.2195152442661845,0.485126253891387,0.4375,0.3697431202261803,0.7637685537338257,0.5549197196960449
599366440_a238e805cf.jpg,object_replacement,a black and white dog has pinned a brown dog to the ground in front of a wishing well,a black and white cat has pinned a brown dog to the ground in front of a wishing well,a white dog is trying to play with a brown dog ||| a white spotted dog plays with a brown dog on the green grass ||| two dogs play together on the grass in front of a small stone well ||| two dogs wrestling on a green lawn,4,0.5789473684210527,0.4010220859881565,0.3050256108989855,0.2052212050930502,0.4377199155524278,0.4242424242424242,0.3032223150728092,0.7428693771362305,0.46719881892204285
599366440_a238e805cf.jpg,hallucination,a black and white dog has pinned a brown dog to the ground in front of a wishing well,a black and white dog has pinned a brown dog to the ground in front of a wishing well with a traffic cone,a white dog is trying to play with a brown dog ||| a white spotted dog plays with a brown dog on the green grass ||| two dogs play together on the grass in front of a small stone well ||| two dogs wrestling on a green lawn,4,0.5652173913043478,0.4240777018816263,0.2950740007966044,0.1893174778198642,0.5756915983606556,0.3888888888888889,0.1311001525214266,0.7462123036384583,0.483273983001709
3182258223_5b9c8a8c55.jpg,original,a woman in shadow looks at the camera while the one in the sun looks at a book,a woman in shadow looks at the camera while the one in the sun looks at a book,girl stands reading a notebook ||| two girls stand up against a red wall ||| two young girls with headscarves stand near a door while one reads a book ||| two young women wearing black head scarves and colorful skirts stand near a red door,4,0.2777777777777778,0.1278274981412284,0.0467422411566819,0.028724953480912,0.2583333333333333,0.3125,0.119671973704078,0.6765159964561462,0.4022502601146698
3182258223_5b9c8a8c55.jpg,person_replacement,a woman in shadow looks at the camera while the one in the sun looks at a book,a man in shadow looks at the camera while the one in the sun looks at a book,girl stands reading a notebook ||| two girls stand up against a red wall ||| two young girls with headscarves stand near a door while one reads a book ||| two young women wearing black head scarves and colorful skirts stand near a red door,4,0.2777777777777778,0.1278274981412284,0.0467422411566819,0.028724953480912,0.2583333333333333,0.3125,0.1200009748389399,0.5818545445799828,0.2586127519607544
3182258223_5b9c8a8c55.jpg,hallucination,a woman in shadow looks at the camera while the one in the sun looks at a book,a woman in shadow looks at the camera while the one in the sun looks at a book with a suitcase,girl stands reading a notebook ||| two girls stand up against a red wall ||| two young girls with headscarves stand near a door while one reads a book ||| two young women wearing black head scarves and colorful skirts stand near a red door,4,0.2857142857142857,0.1195228609334393,0.0422068349786484,0.0254225414138955,0.2040816326530612,0.2857142857142857,0.0694879804898091,0.6572369486093521,0.3339211046695709
380041023_0dfd712ef1.jpg,original,a brown and black dog runs through the leaves,a brown and black dog runs through the leaves,a brown dog is running ||| a brown dog with a red collar jumping across a leafy lawn ||| a dog with a brindlecolored coat is running across the yard ||| the brown dog is wearing a red collar,4,0.4444444444444444,0.2357022603955158,0.092585537381304,0.0603072536040776,0.5844907407407408,0.5714285714285714,0.3792016945880126,0.8094184100627899,0.6449184417724609
380041023_0dfd712ef1.jpg,object_replacement,a brown and black dog runs through the leaves,a brown and black cat runs through the leaves,a brown dog is running ||| a brown dog with a red collar jumping across a leafy lawn ||| a dog with a brindlecolored coat is running across the yard ||| the brown dog is wearing a red collar,4,0.3333333333333333,0.2041241452319315,0.0841195432869987,0.0561222232430572,0.4732510288065844,0.4285714285714285,0.1990104066720471,0.6568584591150284,0.28347715735435486
380041023_0dfd712ef1.jpg,hallucination,a brown and black dog runs through the leaves,a brown and black dog runs through the leaves with a suitcase,a brown dog is running ||| a brown dog with a red collar jumping across a leafy lawn ||| a dog with a brindlecolored coat is running across the yard ||| the brown dog is wearing a red collar,4,0.5,0.3015113445777636,0.0968729306151464,0.0563756031525929,0.3841341341341341,0.4705882352941176,0.257909964682675,0.7373077422380447,0.45992806553840637
1000268201_693b08cb0e.jpg,original,a child in a pink dress is climbing up a set of stairs in an entry way,a child in a pink dress is climbing up a set of stairs in an entry way,a girl going into a wooden building ||| a little girl climbing into a wooden playhouse ||| a little girl climbing the stairs to her playhouse ||| a little girl in a pink dress going into a wooden cabin,4,0.4705882352941176,0.2970442628930023,0.2274366019525953,0.1702602472176709,0.4088888888888888,0.4137931034482758,0.3165820310966005,0.8241277933120728,0.6495653390884399
1000268201_693b08cb0e.jpg,color_replacement,a child in a pink dress is climbing up a set of stairs in an entry way,a child in a purple dress is climbing up a set of stairs in an entry way,a girl going into a wooden building ||| a little girl climbing into a wooden playhouse ||| a little girl climbing the stairs to her playhouse ||| a little girl in a pink dress going into a wooden cabin,4,0.4117647058823529,0.160422236979937,0.05556644666651,0.0332718891397095,0.2,0.3448275862068966,0.1567429209760523,0.7721835374832153,0.5361374616622925
1000268201_693b08cb0e.jpg,action_replacement,a child in a pink dress is climbing up a set of stairs in an entry way,a child in a pink dress is standing beside a set of stairs in an entry way,a girl going into a wooden building ||| a little girl climbing into a wooden playhouse ||| a little girl climbing the stairs to her playhouse ||| a little girl in a pink dress going into a wooden cabin,4,0.4117647058823529,0.2778594651131056,0.2175352839894556,0.1646702985584589,0.4088888888888888,0.4137931034482758,0.2529289747050632,0.8050288259983063,0.6098760962486267
1000268201_693b08cb0e.jpg,negation,a child in a pink dress is climbing up a set of stairs in an entry way,a child in a pink dress is not climbing up a set of stairs in an entry way,a girl going into a wooden building ||| a little girl climbing into a wooden playhouse ||| a little girl climbing the stairs to her playhouse ||| a little girl in a pink dress going into a wooden cabin,4,0.4444444444444444,0.2800560168056019,0.2140260367236655,0.1598921499894403,0.4056437389770723,0.4,0.2484879627378701,0.7962379604578018,0.6015933752059937
1000268201_693b08cb0e.jpg,hallucination,a child in a pink dress is climbing up a set of stairs in an entry way,a child in a pink dress is climbing up a set of stairs in an entry way with an umbrella,a girl going into a wooden building ||| a little girl climbing into a wooden playhouse ||| a little girl climbing the stairs to her playhouse ||| a little girl in a pink dress going into a wooden cabin,4,0.4,0.2513123449750173,0.1914527954117112,0.1425391135418185,0.3993055555555556,0.3749999999999999,0.1511531731481983,0.7679570466279984,0.5433568954467773
3669564923_8fcb1a6eff.jpg,original,the girls are both eating and the girl wearing the color red has cake icing on her upper lip,the girls are both eating and the girl wearing the color red has cake icing on her upper lip,two girls are eating cake and one has blue icing on her face ||| two girls play with their food for the camera ||| two little girls are eating and making a mess ||| two young girls having fun while eating,4,0.5263157894736842,0.3419927840283847,0.1901932010806459,0.080977850642662,0.5637254901960784,0.5,0.3570610157546302,0.806194394826889,0.6235750317573547
3669564923_8fcb1a6eff.jpg,person_replacement,the girls are both eating and the girl wearing the color red has cake icing on her upper lip,the girls are both eating and the boy wearing the color red has cake icing on his upper lip,two girls are eating cake and one has blue icing on her face ||| two girls play with their food for the camera ||| two little girls are eating and making a mess ||| two young girls having fun while eating,4,0.4736842105263157,0.2809757434745082,0.0774395663354824,0.0412754853283514,0.4641544117647059,0.4375,0.303687253139292,0.7667159289121628,0.5605716109275818
3669564923_8fcb1a6eff.jpg,color_replacement,the girls are both eating and the girl wearing the color red has cake icing on her upper lip,the girls are both eating and the girl wearing the color blue has cake icing on her upper lip,two girls are eating cake and one has blue icing on her face ||| two girls play with their food for the camera ||| two little girls are eating and making a mess ||| two young girls having fun while eating,4,0.5789473684210527,0.3586850578993135,0.1963326595705452,0.0829305253557858,0.6091911764705883,0.5,0.3697232067062433,0.8405935019254684,0.7837851643562317
3669564923_8fcb1a6eff.jpg,hallucination,the girls are both eating and the girl wearing the color red has cake icing on her upper lip,the girls are both eating and the girl wearing the color red has cake icing on her upper lip with an umbrella,two girls are eating cake and one has blue icing on her face ||| two girls play with their food for the camera ||| two little girls are eating and making a mess ||| two young girls having fun while eating,4,0.5,0.3086066999241838,0.1682390865739974,0.0707549414756141,0.5515587529976019,0.4571428571428572,0.1647693013760887,0.8022943884134293,0.5788498520851135
2952320230_26601173be.jpg,original,a female tennis player swings for the ball,a female tennis player swings for the ball,a woman intensely playing tennis in an allwhite outfit ||| a woman swinging a tennis racket on the court ||| the tennis player dressed in white swings the racket ||| the woman is dressed in all white swinging a tennis racket,4,0.5515605641153721,0.263696386404524,0.1007527167248761,0.0651821033328897,0.3546348314606741,0.4705882352941176,0.7337513646648084,0.8249257504940033,0.7622027397155762
2952320230_26601173be.jpg,object_replacement,a female tennis player swings for the ball,a female tennis player swings for the book,a woman intensely playing tennis in an allwhite outfit ||| a woman swinging a tennis racket on the court ||| the tennis player dressed in white swings the racket ||| the woman is dressed in all white swinging a tennis racket,4,0.5515605641153721,0.263696386404524,0.1007527167248761,0.0651821033328897,0.3546348314606741,0.4705882352941176,0.7092966753071995,0.7714469730854034,0.6152395009994507
2952320230_26601173be.jpg,hallucination,a female tennis player swings for the ball,a female tennis player swings for the ball with a suitcase,a woman intensely playing tennis in an allwhite outfit ||| a woman swinging a tennis racket on the court ||| the tennis player dressed in white swings the racket ||| the woman is dressed in all white swinging a tennis racket,4,0.5454545454545454,0.2335496832484569,0.0846262997471468,0.0524634102286145,0.3430706521739129,0.3999999999999999,0.6217949054780404,0.7295998185873032,0.4235696792602539
3600403707_527aa0596e.jpg,original,a garden shop is being perused by shoppers with a sitting shop owner waving,a garden shop is being perused by shoppers with a sitting shop owner waving,a man waves to the camera from inside a greenhouse section of a farm products store ||| a man wearing a grey shirt waving in the middle of a plant nursery ||| people browse for herbs at a greenhouse ||| racks of plants at the farm products store,4,0.2142857142857142,0.0405998971470575,0.0239491189052147,0.018798317647335,0.1265822784810126,0.2142857142857142,0.0457342200153209,0.7677687704563141,0.6285503506660461
3600403707_527aa0596e.jpg,negation,a garden shop is being perused by shoppers with a sitting shop owner waving,a garden shop is not being perused by shoppers with a sitting shop owner waving,a man waves to the camera from inside a greenhouse section of a farm products store ||| a man wearing a grey shirt waving in the middle of a plant nursery ||| people browse for herbs at a greenhouse ||| racks of plants at the farm products store,4,0.2,0.0377964473009227,0.0222323925770618,0.0173957973756422,0.1257861635220125,0.2068965517241379,0.043574032467037,0.7525312900543213,0.5690715312957764
3600403707_527aa0596e.jpg,hallucination,a garden shop is being perused by shoppers with a sitting shop owner waving,a garden shop is being perused by shoppers with a sitting shop owner waving with a helicopter,a man waves to the camera from inside a greenhouse section of a farm products store ||| a man wearing a grey shirt waving in the middle of a plant nursery ||| people browse for herbs at a greenhouse ||| racks of plants at the farm products store,4,0.2352941176470588,0.0383482494423685,0.0214026036723665,0.0162673926003057,0.15527950310559,0.2580645161290323,0.0382681402098727,0.7300378382205963,0.48541319370269775
3256043809_47258e0b3e.jpg,original,a brown and white dog is sniffing the snow covered ground,a brown and white dog is sniffing the snow covered ground,a brown and white dog walking in the snow near a fence ||| a brown white greyhound dog sniffs the snow ||| a lean white and brown dog makes its way through a patch of snow ||| a slender dog checks out a snowy patch of land,4,0.6363636363636364,0.5640760748177662,0.4733525286819944,0.403527863746399,0.6157965194109771,0.631578947368421,0.9058183718592032,0.7481303066015244,0.7574376463890076
3256043809_47258e0b3e.jpg,object_replacement,a brown and white dog is sniffing the snow covered ground,a brown and white cat is sniffing the snow covered ground,a brown and white dog walking in the snow near a fence ||| a brown white greyhound dog sniffs the snow ||| a lean white and brown dog makes its way through a patch of snow ||| a slender dog checks out a snowy patch of land,4,0.5454545454545454,0.4670993664969138,0.3646436717285792,0.2790159393585827,0.5373493975903614,0.5263157894736842,0.6058055886581675,0.6372610479593277,0.5664955973625183
3256043809_47258e0b3e.jpg,action_replacement,a brown and white dog is sniffing the snow covered ground,a brown and white dog is walking on the snow covered ground,a brown and white dog walking in the snow near a fence ||| a brown white greyhound dog sniffs the snow ||| a lean white and brown dog makes its way through a patch of snow ||| a slender dog checks out a snowy patch of land,4,0.6666666666666666,0.5504818825631803,0.4496443130226091,0.377006380454947,0.625,0.6666666666666666,1.1055976315211355,0.7438614964485168,0.7951051592826843
3256043809_47258e0b3e.jpg,negation,a brown and white dog is sniffing the snow covered ground,a brown and white dog is not sniffing the snow covered ground,a brown and white dog walking in the snow near a fence ||| a brown white greyhound dog sniffs the snow ||| a lean white and brown dog makes its way through a patch of snow ||| a slender dog checks out a snowy patch of land,4,0.5833333333333334,0.5149286505444373,0.4300693137686091,0.3646285861936467,0.6084656084656085,0.6,0.8126668135548025,0.73851577937603,0.7732773423194885
3256043809_47258e0b3e.jpg,hallucination,a brown and white dog is sniffing the snow covered ground,a brown and white dog is sniffing the snow covered ground with a helicopter,a brown and white dog walking in the snow near a fence ||| a brown white greyhound dog sniffs the snow ||| a lean white and brown dog makes its way through a patch of snow ||| a slender dog checks out a snowy patch of land,4,0.5714285714285714,0.4688072309384954,0.3801685654384932,0.3161487584488943,0.6384477459016394,0.6153846153846153,0.689554306775074,0.7306317985057831,0.5867056846618652
3481859121_3d3e566ec0.jpg,original,a group of people sitting on a sidewalk,a group of people sitting on a sidewalk,girls sit on benches ||| the girl is wearing silver shoes and a pink jacket ||| the girls take a break in the afternoon ||| two teenage girls are texting in the park,4,0.25,0.0597614304667196,0.039044833280954,0.033031643180138,0.4261363636363636,0.3333333333333333,0.0042888659066867,0.7366554439067841,0.4530918598175049
3481859121_3d3e566ec0.jpg,hallucination,a group of people sitting on a sidewalk,a group of people sitting on a sidewalk with a traffic cone,girls sit on benches ||| the girl is wearing silver shoes and a pink jacket ||| the girls take a break in the afternoon ||| two teenage girls are texting in the park,4,0.1666666666666666,0.0389249472080761,0.0247448801579976,0.0202559860271256,0.390625,0.25,0.0012982862367855,0.6666883081197739,0.25584325194358826
3482237861_605b4f0fd9.jpg,original,a boy is riding a scooter down the concrete path,a boy is riding a scooter down the concrete path,a child on a scooter moving down the sidewalk ||| a youth rides a scooter on a sidewalk near a building ||| the boy is riding his scooter on the sidewalk ||| young boy rides his scooter on drive,4,0.8,0.5962847939999439,0.3542195230608704,0.1587376185217243,0.4901098901098901,0.5263157894736842,1.0810146943255614,0.6236611306667328,0.7562803030014038
3482237861_605b4f0fd9.jpg,person_replacement,a boy is riding a scooter down the concrete path,a girl is riding a scooter down the concrete path,a child on a scooter moving down the sidewalk ||| a youth rides a scooter on a sidewalk near a building ||| the boy is riding his scooter on the sidewalk ||| young boy rides his scooter on drive,4,0.7,0.4830458915396479,0.1428769813718899,0.0803428418944651,0.4901098901098901,0.5263157894736842,0.915200445536295,0.5260365828871727,0.6178860068321228
3482237861_605b4f0fd9.jpg,action_replacement,a boy is riding a scooter down the concrete path,a boy is carrying a scooter down the concrete path,a child on a scooter moving down the sidewalk ||| a youth rides a scooter on a sidewalk near a building ||| the boy is riding his scooter on the sidewalk ||| young boy rides his scooter on drive,4,0.7,0.4830458915396479,0.1428769813718899,0.0803428418944651,0.4901098901098901,0.5263157894736842,0.8536942123350898,0.6826338171958923,0.6970601677894592
3482237861_605b4f0fd9.jpg,negation,a boy is riding a scooter down the concrete path,a boy is not riding a scooter down the concrete path,a child on a scooter moving down the sidewalk ||| a youth rides a scooter on a sidewalk near a building ||| the boy is riding his scooter on the sidewalk ||| young boy rides his scooter on drive,4,0.7272727272727273,0.4670993664969137,0.134335877242797,0.0741944662736501,0.4847826086956522,0.5,0.8321093951295073,0.592799074947834,0.6490021347999573
3482237861_605b4f0fd9.jpg,hallucination,a boy is riding a scooter down the concrete path,a boy is riding a scooter down the concrete path with a helicopter,a child on a scooter moving down the sidewalk ||| a youth rides a scooter on a sidewalk near a building ||| the boy is riding his scooter on the sidewalk ||| young boy rides his scooter on drive,4,0.6923076923076923,0.4803844614152613,0.2758005147606801,0.1203500581119844,0.474468085106383,0.4545454545454546,0.7615825829025135,0.6515105068683624,0.650593101978302
3429465163_fb8ac7ce7f.jpg,original,a child in a red and grey coat in front of a wooden shed,a child in a red and grey coat in front of a wooden shed,a child s shadow is shown behind him ||| a little boy in a thick jacket stands with his hand high over his head ||| the little boy in the red jacket is casting a shadow ||| this boy is waving around his arms outside,4,0.3325224213228653,0.2182444817914707,0.071762036399353,0.0420549998517503,0.1769911504424778,0.2399999999999999,0.0590813397657127,0.7606404274702072,0.48387253284454346
3429465163_fb8ac7ce7f.jpg,hallucination,a child in a red and grey coat in front of a wooden shed,a child in a red and grey coat in front of a wooden shed with a suitcase,a child s shadow is shown behind him ||| a little boy in a thick jacket stands with his hand high over his head ||| the little boy in the red jacket is casting a shadow ||| this boy is waving around his arms outside,4,0.3529411764705882,0.2100420126042014,0.0665028658428247,0.0380713486644631,0.1724137931034483,0.25,0.0329111122798861,0.7311958074569702,0.3914489150047302
3150315970_8f045c41a4.jpg,original,a couple leaning over a concrete railing inside of a building,a couple leaning over a concrete railing inside of a building,a man and a woman are looking at each other while standing on an elaborate indoor balcony ||| a man and a woman looking over a balcony at an elegant building ||| a man and woman are gazing at each other on a balcony inside a building ||| a man and woman stand at a balcony looking at each other,4,0.4980549361539613,0.3015872407613089,0.0973570413344859,0.0569682265132554,0.2547945205479452,0.3846153846153846,0.2272409050765247,0.6573733687400818,0.6305691003799438
3150315970_8f045c41a4.jpg,hallucination,a couple leaning over a concrete railing inside of a building,a couple leaning over a concrete railing inside of a building with a suitcase,a man and a woman are looking at each other while standing on an elaborate indoor balcony ||| a man and a woman looking over a balcony at an elegant building ||| a man and woman are gazing at each other on a balcony inside a building ||| a man and woman stand at a balcony looking at each other,4,0.4285714285714285,0.2567762955065477,0.0819048345440346,0.0472752660631156,0.1908396946564885,0.3448275862068965,0.2339362171496982,0.6604904681444168,0.5237728953361511
292780636_72e1968949.jpg,original,a man in a black coat and hat sits by an old building,a man in a black coat and hat sits by an old building,a man with a black hat sits against a brick building ||| an old man in a black coat and hat leans against a brick building ||| old man in black coat and hat sitting against brick building ||| white haired man in black hat and coat sitting against brick wall,4,0.9230769230769232,0.8320502943378437,0.6801825596093484,0.5956403592718089,0.7682980599647267,0.6666666666666667,2.3725902951514777,0.8813897520303726,0.8269768357276917
292780636_72e1968949.jpg,person_replacement,a man in a black coat and hat sits by an old building,a woman in a black coat and hat sits by an old building,a man with a black hat sits against a brick building ||| an old man in a black coat and hat leans against a brick building ||| old man in black coat and hat sitting against brick building ||| white haired man in black hat and coat sitting against brick wall,4,0.8461538461538461,0.702559423529244,0.5640849044411526,0.4817133384556925,0.6696428571428572,0.5833333333333334,2.121567965652939,0.8090764284133911,0.7104331851005554
292780636_72e1968949.jpg,hallucination,a man in a black coat and hat sits by an old building,a man in a black coat and hat sits by an old building with a television,a man with a black hat sits against a brick building ||| an old man in a black coat and hat leans against a brick building ||| old man in black coat and hat sitting against brick building ||| white haired man in black hat and coat sitting against brick wall,4,0.875,0.7637626158259733,0.5928155507483438,0.5031747626530138,0.7560237457804679,0.5925925925925926,1.684728468122033,0.8390402048826218,0.7118375301361084
766061382_6c7ff514c4.jpg,original,a bare chested smiling child plays in water,a bare chested smiling child plays in water,a child with shoulderlength brown hair is playing in water outdoors ||| a topless boy with long hair who is drenched in water is flexing his muscles whilst smiling ||| a wet smiling child without a shirt poses with arms raised ||| a young boy with long hair plays in the water,4,0.5841005873035536,0.4415385413291355,0.1362712131081999,0.079235022460357,0.416822429906542,0.5263157894736842,0.4774536669489078,0.841391459107399,0.6264548897743225
766061382_6c7ff514c4.jpg,hallucination,a bare chested smiling child plays in water,a bare chested smiling child plays in water with a suitcase,a child with shoulderlength brown hair is playing in water outdoors ||| a topless boy with long hair who is drenched in water is flexing his muscles whilst smiling ||| a wet smiling child without a shirt poses with arms raised ||| a young boy with long hair plays in the water,4,0.7272727272727273,0.4670993664969137,0.134335877242797,0.0741944662736501,0.4646464646464646,0.4545454545454545,0.4928158174833801,0.7759490609169006,0.43453577160835266
2630806789_6835bbae95.jpg,original,an orange canoe aimed toward two other canoes on a lake,an orange canoe aimed toward two other canoes on a lake,several orange kayakers row in a mountain lake ||| three kayaks are out on the water with a mountain in the background ||| two canoes cross the water behind them are some houses ||| view of a mountain as seen from a kayak,4,0.5454545454545454,0.0738548945875996,0.0392800487936324,0.029502343631964,0.180722891566265,0.3157894736842105,0.2498524029138352,0.7352189719676971,0.6089324951171875
2630806789_6835bbae95.jpg,hallucination,an orange canoe aimed toward two other canoes on a lake,an orange canoe aimed toward two other canoes on a lake with a helicopter,several orange kayakers row in a mountain lake ||| three kayaks are out on the water with a mountain in the background ||| two canoes cross the water behind them are some houses ||| view of a mountain as seen from a kayak,4,0.5714285714285714,0.2096569673443836,0.0715504634251274,0.0427180251358197,0.1950805767599661,0.2727272727272727,0.177144961689048,0.7140292972326279,0.5442036986351013
3128514681_a51b415c31.jpg,original,two ladies wearing dresses pose on the side of the road at night,two ladies wearing dresses pose on the side of the road at night,two woman wearing dresses stand in the street and pose ||| two women in dresses pose on a street ||| two women on the side of a road ||| two women wearing dresses and heels posing under hanging lights on a street,4,0.6923076923076923,0.5883484054145521,0.4553366174737271,0.3117090652270067,0.5016339869281046,0.5714285714285714,1.3482546671165818,0.9504609555006028,0.8140655755996704
3128514681_a51b415c31.jpg,hallucination,two ladies wearing dresses pose on the side of the road at night,two ladies wearing dresses pose on the side of the road at night with a traffic cone,two woman wearing dresses stand in the street and pose ||| two women in dresses pose on a street ||| two women on the side of a road ||| two women wearing dresses and heels posing under hanging lights on a street,4,0.5882352941176471,0.4696682183138622,0.3533492013153965,0.2369305576374309,0.538867232286173,0.48,0.5779343663165969,0.8786149322986603,0.7085694670677185
2242863004_3a9f82a31f.jpg,original,a dog attempting to chew on a red ball,a dog attempting to chew on a red ball,a dog with a red ball ||| a german shepherd is playing with a red ball ||| a german shepherd is playing with a red ball ||| a german sheppard dog bting a large red ball,4,0.5555555555555556,0.4564354645876384,0.3098990471205467,0.1492372948004911,0.7682539682539684,0.6666666666666667,1.3194602570229583,0.895698070526123,0.7218665480613708
2242863004_3a9f82a31f.jpg,object_replacement,a dog attempting to chew on a red ball,a cat attempting to chew on a red ball,a dog with a red ball ||| a german shepherd is playing with a red ball ||| a german shepherd is playing with a red ball ||| a german sheppard dog bting a large red ball,4,0.4444444444444444,0.3333333333333333,0.2513158137097179,0.1275343138759482,0.5952380952380953,0.5333333333333333,1.125091638312579,0.7308249175548553,0.4062625467777252
2242863004_3a9f82a31f.jpg,color_replacement,a dog attempting to chew on a red ball,a dog attempting to chew on a blue ball,a dog with a red ball ||| a german shepherd is playing with a red ball ||| a german shepherd is playing with a red ball ||| a german sheppard dog bting a large red ball,4,0.4444444444444444,0.2357022603955158,0.092585537381304,0.0603072536040776,0.5009920634920636,0.5333333333333333,0.4513868483293315,0.8398903161287308,0.4418441951274872
2242863004_3a9f82a31f.jpg,hallucination,a dog attempting to chew on a red ball,a dog attempting to chew on a red ball with a television,a dog with a red ball ||| a german shepherd is playing with a red ball ||| a german shepherd is playing with a red ball ||| a german sheppard dog bting a large red ball,4,0.5,0.4264014327112209,0.2629535894329295,0.119219885465362,0.7744107744107744,0.5555555555555556,0.9202576169457308,0.8501121401786804,0.585266649723053
3304030264_da3dd18c7b.jpg,original,a boy in black pants and green tshirt jumps high with his skateboard,a boy in black pants and green tshirt jumps high with his skateboard,a guy on a skateboard jumping off some steps ||| a person in a green shirt on a skateboard jumping off of a short set of stairs ||| a skateboarder in a green shirt is taking a jump of a step in front of a pink building ||| he is in the air on his skateboard,4,0.3846153846153846,0.1790287185098582,0.0662955289840255,0.0413155159110629,0.3006535947712418,0.2857142857142857,0.4242225556190969,0.7571703195571899,0.6417428255081177
3304030264_da3dd18c7b.jpg,person_replacement,a boy in black pants and green tshirt jumps high with his skateboard,a girl in black pants and green tshirt jumps high with her skateboard,a guy on a skateboard jumping off some steps ||| a person in a green shirt on a skateboard jumping off of a short set of stairs ||| a skateboarder in a green shirt is taking a jump of a step in front of a pink building ||| he is in the air on his skateboard,4,0.3076923076923076,0.0506369683541833,0.0285658774874397,0.0219728138749971,0.1595744680851064,0.2666666666666666,0.3267753807347121,0.7300145924091339,0.6176548600196838
3304030264_da3dd18c7b.jpg,hallucination,a boy in black pants and green tshirt jumps high with his skateboard,a boy in black pants and green tshirt jumps high with his skateboard with a helicopter,a guy on a skateboard jumping off some steps ||| a person in a green shirt on a skateboard jumping off of a short set of stairs ||| a skateboarder in a green shirt is taking a jump of a step in front of a pink building ||| he is in the air on his skateboard,4,0.3522798985550534,0.1485342471102704,0.0529005985427356,0.0321605709375814,0.2904040404040404,0.303030303030303,0.2918898390880018,0.7208947837352753,0.505675733089447
2431120202_b24fe2333a.jpg,original,a girl crosscountry skis,a girl crosscountry skis,a girl on skis in snow ||| a little girl wearing a purple winter coat and sunglasses skiing in the snow ||| little girl on skis ||| the young girl is crosscountry skiing,4,1.0,0.5773502691896257,0.2554364774645177,0.2020515504676623,0.4406130268199233,0.6,1.1493066117146062,0.8341573923826218,0.7740147113800049
2431120202_b24fe2333a.jpg,person_replacement,a girl crosscountry skis,a boy crosscountry skis,a girl on skis in snow ||| a little girl wearing a purple winter coat and sunglasses skiing in the snow ||| little girl on skis ||| the young girl is crosscountry skiing,4,0.75,0.1581138830084189,0.1077217345015942,0.1057371263440564,0.3232758620689654,0.4,0.8971983762343322,0.8001458644866943,0.6614211201667786
2431120202_b24fe2333a.jpg,hallucination,a girl crosscountry skis,a girl crosscountry skis with a traffic cone,a girl on skis in snow ||| a little girl wearing a purple winter coat and sunglasses skiing in the snow ||| little girl on skis ||| the young girl is crosscountry skiing,4,0.625,0.2988071523335984,0.1141677850990735,0.073860999559306,0.4121863799283153,0.4285714285714285,0.6729335046783551,0.7655635476112366,0.5195332765579224
1419286010_b59af3962a.jpg,original,a fisherman is reeling his rod while another relaxes in a boat on water,a fisherman is reeling his rod while another relaxes in a boat on water,a man in a gray cap fishing ||| a man sits in a boat and holds a fishing pole while another lays down ||| a man wearing a grey hat fishing out of a fishing boat ||| two men in a boat fishing,4,0.3990269055874383,0.2928056981999661,0.18806973932451,0.086623506931654,0.4330065359477125,0.3,0.3986978181441287,0.7474591583013535,0.6660271883010864
1419286010_b59af3962a.jpg,object_replacement,a fisherman is reeling his rod while another relaxes in a boat on water,a fisherman is reeling his rod while another relaxes in a car on water,a man in a gray cap fishing ||| a man sits in a boat and holds a fishing pole while another lays down ||| a man wearing a grey hat fishing out of a fishing boat ||| two men in a boat fishing,4,0.3325224213228653,0.2182444817914707,0.071762036399353,0.0420549998517503,0.3430275913497391,0.2857142857142857,0.0878058165970459,0.7152751833200455,0.4854939877986908
1419286010_b59af3962a.jpg,negation,a fisherman is reeling his rod while another relaxes in a boat on water,a fisherman is not reeling his rod while another relaxes in a boat on water,a man in a gray cap fishing ||| a man sits in a boat and holds a fishing pole while another lays down ||| a man wearing a grey hat fishing out of a fishing boat ||| two men in a boat fishing,4,0.4,0.2927700218845599,0.1875152612730611,0.0860958371038403,0.4267310789049919,0.2857142857142857,0.3556762709300758,0.7440556585788727,0.6677617430686951
1419286010_b59af3962a.jpg,hallucination,a fisherman is reeling his rod while another relaxes in a boat on water,a fisherman is reeling his rod while another relaxes in a boat on water with a helicopter,a man in a gray cap fishing ||| a man sits in a boat and holds a fishing pole while another lays down ||| a man wearing a grey hat fishing out of a fishing boat ||| two men in a boat fishing,4,0.4117647058823529,0.2778594651131056,0.1726578693225314,0.0778677765568551,0.4934210526315789,0.3125,0.2893688651234208,0.6919914484024048,0.5580431818962097
370614351_98b8a166b9.jpg,original,a man with a mohawk with his arms in the air,a man with a mohawk with his arms in the air,a man with multicolored hair wearing a weird outfit ||| a person in a kilt and a sports jersey and a mohawk is in a store ||| punk rocker buys computer ink in the bigbox store ||| the man with the eccentric clothing and hair poses in a store,4,0.5810640921796215,0.4606821198071898,0.2782016036233933,0.1252065058740568,0.3430706521739129,0.3999999999999999,0.3371793263215997,0.7211523503065109,0.3534983992576599
370614351_98b8a166b9.jpg,person_replacement,a man with a mohawk with his arms in the air,a woman with a mohawk with her arms in the air,a man with multicolored hair wearing a weird outfit ||| a person in a kilt and a sports jersey and a mohawk is in a store ||| punk rocker buys computer ink in the bigbox store ||| the man with the eccentric clothing and hair poses in a store,4,0.4980549361539613,0.3015872407613089,0.0973570413344859,0.0569682265132554,0.2038043478260869,0.3,0.1942012425595791,0.6817348301410675,0.2854979336261749
370614351_98b8a166b9.jpg,hallucination,a man with a mohawk with his arms in the air,a man with a mohawk with his arms in the air with a television,a man with multicolored hair wearing a weird outfit ||| a person in a kilt and a sports jersey and a mohawk is in a store ||| punk rocker buys computer ink in the bigbox store ||| the man with the eccentric clothing and hair poses in a store,4,0.5714285714285714,0.4193139346887672,0.2446991428610772,0.1074301457116313,0.2354430379746835,0.3478260869565217,0.2978805897039276,0.7015190273523331,0.31028422713279724
811662356_f9a632b63c.jpg,original,a child stands near a fence,a child stands near a fence,a small child touches a wooden fence ||| a toddler boy stands by a wooden fence ||| a toddler in a white tshirt is touching the wooden fence ||| blond boy touching wooden wall,4,0.8333333333333334,0.1290994448735805,0.074690079109286,0.0610473583580784,0.2898550724637681,0.6153846153846153,0.5799625119878922,0.8264259994029999,0.8156393766403198
811662356_f9a632b63c.jpg,hallucination,a child stands near a fence,a child stands near a fence with a suitcase,a small child touches a wooden fence ||| a toddler boy stands by a wooden fence ||| a toddler in a white tshirt is touching the wooden fence ||| blond boy touching wooden wall,4,0.5555555555555556,0.0833333333333333,0.046292768690652,0.0358589075361213,0.2777777777777778,0.5,0.419121121603696,0.7297147810459137,0.5225785374641418
3547499166_67fb4af4ea.jpg,original,the three people are dancing on a wood floor in kitchen clothing,the three people are dancing on a wood floor in kitchen clothing,three dancers dancing in housekeeping clothes ||| three people dance together to prepare for a show ||| two girls and a boy perform a dance ||| two girls dressed like waitresses dance along with a man dressed as a chef,4,0.3527007187044225,0.1647462822698419,0.0612467353095278,0.0383403415373205,0.3393817204301075,0.4444444444444444,0.2296110089140929,0.7513715326786041,0.5779167413711548
3547499166_67fb4af4ea.jpg,negation,the three people are dancing on a wood floor in kitchen clothing,the three people are not dancing on a wood floor in kitchen clothing,three dancers dancing in housekeeping clothes ||| three people dance together to prepare for a show ||| two girls and a boy perform a dance ||| two girls dressed like waitresses dance along with a man dressed as a chef,4,0.3561388764008908,0.1657736252993399,0.0613870795272111,0.0382565596776716,0.3357712765957447,0.4210526315789473,0.188163478873611,0.7311812788248062,0.5193300247192383
3547499166_67fb4af4ea.jpg,hallucination,the three people are dancing on a wood floor in kitchen clothing,the three people are dancing on a wood floor in kitchen clothing with a television,three dancers dancing in housekeeping clothes ||| three people dance together to prepare for a show ||| two girls and a boy perform a dance ||| two girls dressed like waitresses dance along with a man dressed as a chef,4,0.4666666666666667,0.2581988897471611,0.0800427122344894,0.0454669723699171,0.3287760416666666,0.3809523809523809,0.1323281872015247,0.7032094895839691,0.49736377596855164
3682277595_55f8b16975.jpg,original,a brown and white dog trots across shallow water with his mouth open,a brown and white dog trots across shallow water with his mouth open,a brown spotted dog walks in shallow water ||| a greyhound walks in the rain through a large puddle ||| a white and brown dog is walking through the water ||| the dog walks through the water,4,0.5384615384615384,0.299572344757639,0.0934408794701388,0.0534444593479054,0.5247058823529411,0.4761904761904762,0.4116514842466379,0.9181473404169084,0.7572128772735596
3682277595_55f8b16975.jpg,object_replacement,a brown and white dog trots across shallow water with his mouth open,a brown and white cat trots across shallow water with his mouth open,a brown spotted dog walks in shallow water ||| a greyhound walks in the rain through a large puddle ||| a white and brown dog is walking through the water ||| the dog walks through the water,4,0.4615384615384615,0.2773500981126146,0.0887608230900683,0.0514240160502826,0.4411764705882353,0.380952380952381,0.3165337142544432,0.8415607362985611,0.568118691444397
3682277595_55f8b16975.jpg,hallucination,a brown and white dog trots across shallow water with his mouth open,a brown and white dog trots across shallow water with his mouth open with a suitcase,a brown spotted dog walks in shallow water ||| a greyhound walks in the rain through a large puddle ||| a white and brown dog is walking through the water ||| the dog walks through the water,4,0.5,0.2581988897471611,0.078089666561908,0.0437481143122464,0.4227272727272728,0.4166666666666667,0.2183396877461789,0.8454114198684692,0.6060396432876587
2528547068_7d37479b9b.jpg,original,a race car drives through a dirtcovered racetrack,a race car drives through a dirtcovered racetrack,a red car emitting smoke while on a paved track ||| a red race car pulls off the track smoking ||| a red race car travels down a road marked with red and white striped ribbons ||| a red rally car taking a slippery turn in a race,4,0.4412484512922977,0.3335524767176619,0.1178410923506696,0.073309180733823,0.3546348314606741,0.3529411764705882,0.4428741926765148,0.5897039175033569,0.5156891345977783
2528547068_7d37479b9b.jpg,object_replacement,a race car drives through a dirtcovered racetrack,a race truck drives through a dirtcovered racetrack,a red car emitting smoke while on a paved track ||| a red race car pulls off the track smoking ||| a red race car travels down a road marked with red and white striped ribbons ||| a red rally car taking a slippery turn in a race,4,0.3309363384692233,0.2042583425999594,0.0849781324036544,0.057367534172156,0.1869158878504672,0.2608695652173913,0.1308005776973191,0.4808081686496734,0.36960074305534363
2528547068_7d37479b9b.jpg,hallucination,a race car drives through a dirtcovered racetrack,a race car drives through a dirtcovered racetrack with a television,a red car emitting smoke while on a paved track ||| a red race car pulls off the track smoking ||| a red race car travels down a road marked with red and white striped ribbons ||| a red rally car taking a slippery turn in a race,4,0.5454545454545454,0.3302891295379082,0.1066224564261435,0.062389860721175,0.3876262626262626,0.3846153846153846,0.4353131751064127,0.577276200056076,0.4487606883049011
289599470_cc665e2dfb.jpg,original,a black haired girl is eating corn on the cob,a black haired girl is eating corn on the cob,a man is eating a piece of corn on the cob ||| a man is nibbling on an ear of corn ||| a person with dark hair is eating a very large ear of corn ||| the child with black hair is eating corn on the cob,4,0.8,0.6666666666666667,0.60570686427738,0.5555238068023582,0.7282110091743119,0.761904761904762,2.5876190113903776,0.905708074569702,0.8412243127822876
289599470_cc665e2dfb.jpg,person_replacement,a black haired girl is eating corn on the cob,a black haired boy is eating corn on the cob,a man is eating a piece of corn on the cob ||| a man is nibbling on an ear of corn ||| a person with dark hair is eating a very large ear of corn ||| the child with black hair is eating corn on the cob,4,0.8,0.6666666666666667,0.60570686427738,0.5555238068023582,0.7282110091743119,0.761904761904762,2.569041158824956,0.9235362708568572,0.8490281105041504
289599470_cc665e2dfb.jpg,negation,a black haired girl is eating corn on the cob,a black haired girl is not eating corn on the cob,a man is eating a piece of corn on the cob ||| a man is nibbling on an ear of corn ||| a person with dark hair is eating a very large ear of corn ||| the child with black hair is eating corn on the cob,4,0.7272727272727273,0.5393598899705937,0.459422237721793,0.3945881255591767,0.7080965909090909,0.7272727272727273,2.005463926838057,0.8893969655036926,0.7809888124465942
289599470_cc665e2dfb.jpg,hallucination,a black haired girl is eating corn on the cob,a black haired girl is eating corn on the cob with an umbrella,a man is eating a piece of corn on the cob ||| a man is nibbling on an ear of corn ||| a person with dark hair is eating a very large ear of corn ||| the child with black hair is eating corn on the cob,4,0.7692307692307693,0.5661385170722979,0.4884696339923532,0.4324227075463214,0.7886904761904763,0.6666666666666667,2.0701536363519195,0.8735765516757965,0.7406836748123169
3613705104_46d854134e.jpg,original,a boy skateboards off a ramp covered in graffiti,a boy skateboards off a ramp covered in graffiti,a male skateboarder is skating in a vandalized skate park ||| a man does a jump on a skateboard surrounded by graffiti ||| a man does a skating trick off of graffitifilled stairs ||| a skateboarder skates down stairs covered in graffiti,4,0.6666666666666666,0.408248290463863,0.287684791332394,0.1411399193078977,0.5506172839506173,0.5882352941176471,0.6145792449354355,0.82563117146492,0.7478286027908325
3613705104_46d854134e.jpg,person_replacement,a boy skateboards off a ramp covered in graffiti,a girl skateboards off a ramp covered in graffiti,a male skateboarder is skating in a vandalized skate park ||| a man does a jump on a skateboard surrounded by graffiti ||| a man does a skating trick off of graffitifilled stairs ||| a skateboarder skates down stairs covered in graffiti,4,0.6666666666666666,0.408248290463863,0.287684791332394,0.1411399193078977,0.5506172839506173,0.5882352941176471,0.6166640273813618,0.7917527109384537,0.7107316851615906
3613705104_46d854134e.jpg,hallucination,a boy skateboards off a ramp covered in graffiti,a boy skateboards off a ramp covered in graffiti with a helicopter,a male skateboarder is skating in a vandalized skate park ||| a man does a jump on a skateboard surrounded by graffiti ||| a man does a skating trick off of graffitifilled stairs ||| a skateboarder skates down stairs covered in graffiti,4,0.5833333333333334,0.3256694736394648,0.2197107811492718,0.1041904464013639,0.530952380952381,0.5,0.4617949179067948,0.8064842224121094,0.6520759463310242
3232470286_903a61ea16.jpg,original,a ball is about to enter a goal at a soccer match,a ball is about to enter a goal at a soccer match,a soccer player in a white shirt kicked a goal ||| a soccer player tries to kick the ball in the goal ||| a soccer team scores a goal ||| goal attempt during a soccer game being played on green grass,4,0.5833333333333334,0.3256694736394648,0.1019807108406801,0.058590593701517,0.3351351351351351,0.3333333333333333,1.1106718888852276,0.7912419736385345,0.6844980120658875
3232470286_903a61ea16.jpg,object_replacement,a ball is about to enter a goal at a soccer match,a book is about to enter a goal at a soccer match,a soccer player in a white shirt kicked a goal ||| a soccer player tries to kick the ball in the goal ||| a soccer team scores a goal ||| goal attempt during a soccer game being played on green grass,4,0.5,0.3015113445777636,0.0968729306151464,0.0563756031525929,0.303030303030303,0.3333333333333333,1.0555628788375604,0.7648986577987671,0.5519313216209412
3232470286_903a61ea16.jpg,hallucination,a ball is about to enter a goal at a soccer match,a ball is about to enter a goal at a soccer match with a helicopter,a soccer player in a white shirt kicked a goal ||| a soccer player tries to kick the ball in the goal ||| a soccer team scores a goal ||| goal attempt during a soccer game being played on green grass,4,0.4666666666666667,0.2581988897471611,0.0800427122344894,0.0454669723699171,0.4574275362318841,0.2857142857142857,0.7384323548917925,0.7505117356777191,0.47713643312454224
2115631346_9585a479b0.jpg,original,two brown dogs are running through the snow,two brown dogs are running through the snow,two brown dogs run across a large snowy yard ||| two brown dogs running through the snow ||| two dogs race across a snowy field ||| two dogs run through a snowy field,4,0.875,0.7905694150420949,0.6786044041487267,0.5,0.97441793618856,0.9333333333333332,2.278354313814956,0.9313565492630004,0.9131994247436523
2115631346_9585a479b0.jpg,action_replacement,two brown dogs are running through the snow,two brown dogs are standing in the snow,two brown dogs run across a large snowy yard ||| two brown dogs running through the snow ||| two dogs race across a snowy field ||| two dogs run through a snowy field,4,0.625,0.5175491695067657,0.3547458529925959,0.1728603923209705,0.6816901408450705,0.6666666666666666,1.6095013336589732,0.8383865654468536,0.8193772435188293
2115631346_9585a479b0.jpg,negation,two brown dogs are running through the snow,two brown dogs are not running through the snow,two brown dogs run across a large snowy yard ||| two brown dogs running through the snow ||| two dogs race across a snowy field ||| two dogs run through a snowy field,4,0.7777777777777778,0.6972166887783963,0.5928155507483438,0.4316700106852252,0.9608843537414966,0.8750000000000001,1.729139686145701,0.9233158081769944,0.8732924461364746
2115631346_9585a479b0.jpg,hallucination,two brown dogs are running through the snow,two brown dogs are running through the snow with an umbrella,two brown dogs run across a large snowy yard ||| two brown dogs running through the snow ||| two dogs race across a snowy field ||| two dogs run through a snowy field,4,0.6363636363636364,0.5640760748177662,0.4733525286819944,0.3393251340793363,0.9349145063430778,0.7777777777777778,1.3127198929434034,0.8915435522794724,0.7938840985298157
1721637099_93e9ec2a2f.jpg,original,a boy laying on clothes,a boy laying on clothes,a brownhaired boy is laughing with his eyese clothes whiel lying on a pile of clothes ||| a child in a blue shirt laying on his side with his mouth open ||| a child with and adult hand ||| a little boy laughs as he is tickled,4,0.8187307530779819,0.4093653765389909,0.1659895273402738,0.1169737177441385,0.2496644295302013,0.3809523809523809,0.1695257269967171,0.7975481450557709,0.6701160669326782
1721637099_93e9ec2a2f.jpg,person_replacement,a boy laying on clothes,a girl laying on clothes,a brownhaired boy is laughing with his eyese clothes whiel lying on a pile of clothes ||| a child in a blue shirt laying on his side with his mouth open ||| a child with and adult hand ||| a little boy laughs as he is tickled,4,0.6549846024623855,0.3661475238303926,0.1540910273198556,0.1106269120304249,0.2118288590604027,0.3157894736842105,0.1154599049347645,0.6298834085464478,0.4455774128437042
1721637099_93e9ec2a2f.jpg,hallucination,a boy laying on clothes,a boy laying on clothes with a suitcase,a brownhaired boy is laughing with his eyese clothes whiel lying on a pile of clothes ||| a child in a blue shirt laying on his side with his mouth open ||| a child with and adult hand ||| a little boy laughs as he is tickled,4,0.875,0.3535533905932737,0.1277182387322588,0.0803428418944651,0.3155209452201933,0.3636363636363636,0.2156358277341239,0.7338626682758331,0.4044116735458374
516725192_c9cdd63878.jpg,original,a fisherman stands on the beach on a gray day,a fisherman stands on the beach on a gray day,a man holding a fishing pole and tackle box walking in from the ocean ||| a man in a yellow cap is on the beach carrying a fishing pole ||| a man with a fishing pole standing on a beach ||| a person is standing in the ocean fully clothed holding a fishing pole in one hand and a tackle box in the other,4,0.5,0.408248290463863,0.2751606040745522,0.1313454947212079,0.372,0.4166666666666666,0.2138415402081832,0.8648940920829773,0.5935052633285522
516725192_c9cdd63878.jpg,hallucination,a fisherman stands on the beach on a gray day,a fisherman stands on the beach on a gray day with a helicopter,a man holding a fishing pole and tackle box walking in from the ocean ||| a man in a yellow cap is on the beach carrying a fishing pole ||| a man with a fishing pole standing on a beach ||| a person is standing in the ocean fully clothed holding a fishing pole in one hand and a tackle box in the other,4,0.498594426961247,0.3922919972818223,0.2348585172938615,0.1046532980131907,0.3398058252427184,0.3703703703703704,0.2071275541598399,0.7994856685400009,0.4436669945716858
848180689_d67a1361ce.jpg,original,a girl and a woman playing with a ball in a pool,a girl and a woman playing with a ball in a pool,a woman and a little girl are playing with a ball in the pool underneath some water chutes ||| a young girl and a woman play volleyball with a beach ball ||| the mother and daughter are batting a ball in the air to each other at the water park ||| two girls in a pool one catching a ball the other has thrown,4,0.9166666666666666,0.8660254037844387,0.7663094323935531,0.6223329772884783,0.573559670781893,0.75,1.603122471552921,0.784170925617218,0.7761008739471436
848180689_d67a1361ce.jpg,object_replacement,a girl and a woman playing with a ball in a pool,a girl and a woman playing with a book in a pool,a woman and a little girl are playing with a ball in the pool underneath some water chutes ||| a young girl and a woman play volleyball with a beach ball ||| the mother and daughter are batting a ball in the air to each other at the water park ||| two girls in a pool one catching a ball the other has thrown,4,0.8333333333333334,0.7282190812544191,0.5963868149074115,0.3918189150070214,0.5260416666666666,0.6666666666666666,0.7819618217352807,0.7187391817569733,0.6461358070373535
848180689_d67a1361ce.jpg,person_replacement,a girl and a woman playing with a ball in a pool,a boy and a woman playing with a ball in a pool,a woman and a little girl are playing with a ball in the pool underneath some water chutes ||| a young girl and a woman play volleyball with a beach ball ||| the mother and daughter are batting a ball in the air to each other at the water park ||| two girls in a pool one catching a ball the other has thrown,4,0.8333333333333334,0.778498944161523,0.6716793862139855,0.5094110796339641,0.4761494252873564,0.6666666666666666,1.264620072967507,0.775134339928627,0.7398530840873718
848180689_d67a1361ce.jpg,hallucination,a girl and a woman playing with a ball in a pool,a girl and a woman playing with a ball in a pool with an umbrella,a woman and a little girl are playing with a ball in the pool underneath some water chutes ||| a young girl and a woman play volleyball with a beach ball ||| the mother and daughter are batting a ball in the air to each other at the water park ||| two girls in a pool one catching a ball the other has thrown,4,0.7333333333333333,0.6866065623255951,0.6014616379314802,0.4829375245352885,0.55957041051892,0.6666666666666665,1.3467237530480007,0.8086344599723816,0.7368200421333313
3678100844_e3a9802471.jpg,original,a lady with sunglasses on her head and a green sweatshirt is looking off camera,a lady with sunglasses on her head and a green sweatshirt is looking off camera,a smiling lady in a green jacket at a public gathering ||| a woman in a green jacket and black sunglasses outside in a crowd ||| a woman with dark hair is wearing a green sweater ||| woman with green sweater and sunglasses smiling,4,0.5333333333333333,0.1951800145897066,0.0664215664147782,0.0395308837466984,0.3542857142857143,0.32,0.4456103005738673,0.702960193157196,0.7447059750556946
3678100844_e3a9802471.jpg,color_replacement,a lady with sunglasses on her head and a green sweatshirt is looking off camera,a lady with sunglasses on her head and a yellow sweatshirt is looking off camera,a smiling lady in a green jacket at a public gathering ||| a woman in a green jacket and black sunglasses outside in a crowd ||| a woman with dark hair is wearing a green sweater ||| woman with green sweater and sunglasses smiling,4,0.4666666666666667,0.0577350269189625,0.0294879873108467,0.0215000038028141,0.1923076923076923,0.24,0.2450950792823927,0.649942010641098,0.5386216044425964
3678100844_e3a9802471.jpg,negation,a lady with sunglasses on her head and a green sweatshirt is looking off camera,a lady with sunglasses on her head and a green sweatshirt is not looking off camera,a smiling lady in a green jacket at a public gathering ||| a woman in a green jacket and black sunglasses outside in a crowd ||| a woman with dark hair is wearing a green sweater ||| woman with green sweater and sunglasses smiling,4,0.5,0.1825741858350553,0.0619798094241093,0.0367876324992777,0.350943396226415,0.3076923076923077,0.3624913694479095,0.6904657185077667,0.758830726146698
3678100844_e3a9802471.jpg,hallucination,a lady with sunglasses on her head and a green sweatshirt is looking off camera,a lady with sunglasses on her head and a green sweatshirt is looking off camera with a helicopter,a smiling lady in a green jacket at a public gathering ||| a woman in a green jacket and black sunglasses outside in a crowd ||| a woman with dark hair is wearing a green sweater ||| woman with green sweater and sunglasses smiling,4,0.5,0.1714985851425088,0.0568591504881488,0.0332718891397095,0.317948717948718,0.3448275862068966,0.2517603771990479,0.7000631093978882,0.48615023493766785
3157847991_463e006a28.jpg,original,these men are smoking outside a grey building,these men are smoking outside a grey building,two men are standing by a railing while posing for a picture ||| two men in black jackets behind a white handrail ||| two men smoking behind a railing ||| two men smoking while standing by a rail in front of a building,4,0.5515605641153721,0.263696386404524,0.1007527167248761,0.0651821033328897,0.2419354838709677,0.4285714285714285,0.5619780712903925,0.7862068712711334,0.7267022728919983
3157847991_463e006a28.jpg,negation,these men are smoking outside a grey building,these men are not smoking outside a grey building,two men are standing by a railing while posing for a picture ||| two men in black jackets behind a white handrail ||| two men smoking behind a railing ||| two men smoking while standing by a rail in front of a building,4,0.5555555555555556,0.2635231383473649,0.0997347467647626,0.0637671569379741,0.2380952380952381,0.4,0.5244942466705558,0.7687586545944214,0.6901832818984985
3157847991_463e006a28.jpg,hallucination,these men are smoking outside a grey building,these men are smoking outside a grey building with a traffic cone,two men are standing by a railing while posing for a picture ||| two men in black jackets behind a white handrail ||| two men smoking behind a railing ||| two men smoking while standing by a rail in front of a building,4,0.5,0.2132007163556104,0.0768880959828629,0.0474060425987813,0.2630208333333333,0.3333333333333333,0.4364917933423222,0.7245797663927078,0.6010704636573792
3559374748_f18c7caa55.jpg,original,a blue and grey race car driving on a dirt track,a blue and grey race car driving on a dirt track,a person driving a drag racer on dirt ||| a person is in a race car on a track with a lot debri ||| a race car driver is driving his car through the mud ||| the blue and gray vehicle is racing through the gravel,4,0.9090909090909092,0.5222329678670935,0.1447089370238733,0.0784510965440677,0.3712871287128713,0.4799999999999999,0.9780298137415608,0.8263804018497467,0.7353219389915466
3559374748_f18c7caa55.jpg,object_replacement,a blue and grey race car driving on a dirt track,a blue and grey race truck driving on a dirt track,a person driving a drag racer on dirt ||| a person is in a race car on a track with a lot debri ||| a race car driver is driving his car through the mud ||| the blue and gray vehicle is racing through the gravel,4,0.8181818181818182,0.4045199174779453,0.1220522444470285,0.0690457308327456,0.3712871287128713,0.4210526315789474,0.6004033606009913,0.7160366326570511,0.6336305141448975
3559374748_f18c7caa55.jpg,hallucination,a blue and grey race car driving on a dirt track,a blue and grey race car driving on a dirt track with a suitcase,a person driving a drag racer on dirt ||| a person is in a race car on a track with a lot debri ||| a race car driver is driving his car through the mud ||| the blue and gray vehicle is racing through the gravel,4,0.8571428571428571,0.5741692517632145,0.3017399903511526,0.1257119267652252,0.5357142857142857,0.5714285714285714,0.8581367752946514,0.7985974848270416,0.6021073460578918
2502782508_2c8211cd6b.jpg,original,a man in a hat and sunglasses reads a book on a park bench,a man in a hat and sunglasses reads a book on a park bench,a man in c camouflage cap and jeans is sitting on a bench reading a book ||| a man is sitting on a bench and reading a book ||| a man on a park bench reads a novel ||| a man wearing a camouflage hat and sunglasses reading a book on a black metal bench,4,0.8668778997501817,0.7603022137359318,0.6304250794323608,0.4457834303038864,0.7454289732770746,0.7999999999999999,2.019107680684405,0.8422938734292984,0.7641902565956116
2502782508_2c8211cd6b.jpg,person_replacement,a man in a hat and sunglasses reads a book on a park bench,a woman in a hat and sunglasses reads a book on a park bench,a man in c camouflage cap and jeans is sitting on a bench reading a book ||| a man is sitting on a bench and reading a book ||| a man on a park bench reads a novel ||| a man wearing a camouflage hat and sunglasses reading a book on a black metal bench,4,0.8049580497680259,0.6552980970848463,0.5372892702048843,0.3954166352259141,0.6794643791191547,0.7333333333333334,1.8820987740644264,0.7523897290229797,0.6020284295082092
2502782508_2c8211cd6b.jpg,hallucination,a man in a hat and sunglasses reads a book on a park bench,a man in a hat and sunglasses reads a book on a park bench with a traffic cone,a man in c camouflage cap and jeans is sitting on a bench reading a book ||| a man is sitting on a bench and reading a book ||| a man on a park bench reads a novel ||| a man wearing a camouflage hat and sunglasses reading a book on a black metal bench,4,0.7777777777777778,0.6763995415945232,0.5556644666651004,0.388905561152711,0.7094381313131314,0.7058823529411765,1.199767624350599,0.7609815150499344,0.6324548721313477
3699522388_2333f01f40.jpg,original,a bald man in a black wetsuit flips leaps in the air on a surfboard holds on to a waterskiing handle,a bald man in a black wetsuit flips leaps in the air on a surfboard holds on to a waterskiing handle,a man doing a trick on a wakeboard ||| a person waterskiing in a river with a large wall in the background ||| a wakeboarder soars through the air ||| male performing water sports acrobatics while being pulled by a boat,4,0.4761904761904761,0.3086066999241838,0.0794363047598884,0.040850384507442,0.3475303164744158,0.3448275862068965,0.0521855671441148,0.6524048000574112,0.4263629913330078
3699522388_2333f01f40.jpg,person_replacement,a bald man in a black wetsuit flips leaps in the air on a surfboard holds on to a waterskiing handle,a bald woman in a black wetsuit flips leaps in the air on a surfboard holds on to a waterskiing handle,a man doing a trick on a wakeboard ||| a person waterskiing in a river with a large wall in the background ||| a wakeboarder soars through the air ||| male performing water sports acrobatics while being pulled by a boat,4,0.4285714285714285,0.2927700218845599,0.0766949089979699,0.0397884275531624,0.3475303164744158,0.2941176470588235,0.0508297591317733,0.6186310201883316,0.3844335079193115
3699522388_2333f01f40.jpg,hallucination,a bald man in a black wetsuit flips leaps in the air on a surfboard holds on to a waterskiing handle,a bald man in a black wetsuit flips leaps in the air on a surfboard holds on to a waterskiing handle with a suitcase,a man doing a trick on a wakeboard ||| a person waterskiing in a river with a large wall in the background ||| a wakeboarder soars through the air ||| male performing water sports acrobatics while being pulled by a boat,4,0.4583333333333333,0.3156543697771666,0.0767951235874871,0.0383217566808291,0.4476950354609929,0.3125,0.0222978999097477,0.6594863533973694,0.40716275572776794
2774554310_007e980a90.jpg,original,a woman dressed in black and pink has a large tattoo on her back,a woman dressed in black and pink has a large tattoo on her back,a woman in pink pants and a black tank top displays the tattoo on her back ||| a woman wearing a black tank top revealing a large fairy tattoo ||| a woman with a tattoo on her back walks away from the camera ||| the woman wearing pink pants has a tattoo of a butterfly on her back,4,0.9285714285714286,0.6546536707079772,0.4149132666831217,0.2838702104880644,0.6064964954493147,0.6000000000000001,2.1010737514441704,0.8350032567977905,0.7726256847381592
2774554310_007e980a90.jpg,person_replacement,a woman dressed in black and pink has a large tattoo on her back,a man dressed in black and pink has a large tattoo on his back,a woman in pink pants and a black tank top displays the tattoo on her back ||| a woman wearing a black tank top revealing a large fairy tattoo ||| a woman with a tattoo on her back walks away from the camera ||| the woman wearing pink pants has a tattoo of a butterfly on her back,4,0.7857142857142857,0.4258153136263201,0.1147502838816034,0.0608789502480578,0.3695889982809814,0.4666666666666667,1.2949962556264945,0.761793777346611,0.663934588432312
2774554310_007e980a90.jpg,hallucination,a woman dressed in black and pink has a large tattoo on her back,a woman dressed in black and pink has a large tattoo on her back with an umbrella,a woman in pink pants and a black tank top displays the tattoo on her back ||| a woman wearing a black tank top revealing a large fairy tattoo ||| a woman with a tattoo on her back walks away from the camera ||| the woman wearing pink pants has a tattoo of a butterfly on her back,4,0.8235294117647058,0.5557189302262113,0.3453157386450629,0.2328789695413994,0.5951953185154767,0.5454545454545455,1.5804018767391557,0.8478838205337524,0.6278801560401917
3424927725_c4d1fcfac3.jpg,original,a man in yellow sits on a rock ledge overlooking a forest,a man in yellow sits on a rock ledge overlooking a forest,a person in a yellow raincoat is sitting on the edge of a rock looking down ||| a person in a yellow raincoat seating on a cliff ||| a person is sitting on the edge of a rock cliff ||| a person sitting on the edge of a rock outcropping looking down,4,0.5833333333333334,0.3256694736394648,0.1019807108406801,0.058590593701517,0.470188075230092,0.5,0.4426765485644164,0.81437848508358,0.6974608302116394
3424927725_c4d1fcfac3.jpg,person_replacement,a man in yellow sits on a rock ledge overlooking a forest,a woman in yellow sits on a rock ledge overlooking a forest,a person in a yellow raincoat is sitting on the edge of a rock looking down ||| a person in a yellow raincoat seating on a cliff ||| a person is sitting on the edge of a rock cliff ||| a person sitting on the edge of a rock outcropping looking down,4,0.5833333333333334,0.3256694736394648,0.1019807108406801,0.058590593701517,0.470188075230092,0.5,0.4411701739045954,0.7683266699314117,0.6173595190048218
3424927725_c4d1fcfac3.jpg,color_replacement,a man in yellow sits on a rock ledge overlooking a forest,a man in green sits on a rock ledge overlooking a forest,a person in a yellow raincoat is sitting on the edge of a rock looking down ||| a person in a yellow raincoat seating on a cliff ||| a person is sitting on the edge of a rock cliff ||| a person sitting on the edge of a rock outcropping looking down,4,0.5,0.3015113445777636,0.0968729306151464,0.0563756031525929,0.4180283224400871,0.4347826086956521,0.3513043172281362,0.7606516778469086,0.633999764919281
3424927725_c4d1fcfac3.jpg,hallucination,a man in yellow sits on a rock ledge overlooking a forest,a man in yellow sits on a rock ledge overlooking a forest with a suitcase,a person in a yellow raincoat is sitting on the edge of a rock looking down ||| a person in a yellow raincoat seating on a cliff ||| a person is sitting on the edge of a rock cliff ||| a person sitting on the edge of a rock outcropping looking down,4,0.4365699263480883,0.2415468648858778,0.0748805163962406,0.042534670240297,0.4567541302235179,0.4516129032258064,0.3626857821187743,0.7626397907733917,0.5313259363174438
3160531982_37f5636b8a.jpg,original,a parachute is making his landing as the sunsets behind him,a parachute is making his landing as the sunsets behind him,a person is parasailing as the sun sets ||| a person paraglides at sundown ||| a silhouette of a figure parachuting at sunset ||| with the sun rising a person is gliding with a huge parachute attached to them,4,0.4545454545454545,0.2132007163556104,0.0796363970529507,0.0501257871573906,0.3802710843373494,0.4210526315789474,0.1909792856878582,0.8732835948467255,0.7386499643325806
3160531982_37f5636b8a.jpg,negation,a parachute is making his landing as the sunsets behind him,a parachute is not making his landing as the sunsets behind him,a person is parasailing as the sun sets ||| a person paraglides at sundown ||| a silhouette of a figure parachuting at sunset ||| with the sun rising a person is gliding with a huge parachute attached to them,4,0.324500326279752,0.151573896833314,0.0563497167358116,0.0352748170863923,0.3757440476190476,0.4,0.1761242371799841,0.8660199493169785,0.7192577123641968
3160531982_37f5636b8a.jpg,hallucination,a parachute is making his landing as the sunsets behind him,a parachute is making his landing as the sunsets behind him with a suitcase,a person is parasailing as the sun sets ||| a person paraglides at sundown ||| a silhouette of a figure parachuting at sunset ||| with the sun rising a person is gliding with a huge parachute attached to them,4,0.4655313898520114,0.2582303532999144,0.0802793965811989,0.0457456333399325,0.3670058139534884,0.3636363636363636,0.1635647379344354,0.8451582491397858,0.6075886487960815
3118534315_cc03e5ddab.jpg,original,a man is recording something with a red flag behind him,a man is recording something with a red flag behind him,a man with a video camera is taping while another paints art while onlookers pass by ||| a person holding a camera in front of a pole with writing on it ||| kid posts sign while a woman walks by and a young man hold a video camera ||| the man is shooting video of another writing on a pole,4,0.4545454545454545,0.3692744729379982,0.1148555594304482,0.0659692458566296,0.3629032258064515,0.2962962962962963,0.0774418299504408,0.7816334813833237,0.5633519291877747
3118534315_cc03e5ddab.jpg,person_replacement,a man is recording something with a red flag behind him,a woman is recording something with a red flag behind her,a man with a video camera is taping while another paints art while onlookers pass by ||| a person holding a camera in front of a pole with writing on it ||| kid posts sign while a woman walks by and a young man hold a video camera ||| the man is shooting video of another writing on a pole,4,0.4545454545454545,0.3015113445777636,0.1003355729847986,0.059609942732681,0.2877419354838709,0.2222222222222222,0.0353587725319713,0.7842858135700226,0.42764997482299805
3118534315_cc03e5ddab.jpg,color_replacement,a man is recording something with a red flag behind him,a man is recording something with a blue flag behind him,a man with a video camera is taping while another paints art while onlookers pass by ||| a person holding a camera in front of a pole with writing on it ||| kid posts sign while a woman walks by and a young man hold a video camera ||| the man is shooting video of another writing on a pole,4,0.4545454545454545,0.3692744729379982,0.1148555594304482,0.0659692458566296,0.3629032258064515,0.2962962962962963,0.0776144788385416,0.7534074038267136,0.5500965714454651
3118534315_cc03e5ddab.jpg,action_replacement,a man is recording something with a red flag behind him,a man is watching something with a red flag behind him,a man with a video camera is taping while another paints art while onlookers pass by ||| a person holding a camera in front of a pole with writing on it ||| kid posts sign while a woman walks by and a young man hold a video camera ||| the man is shooting video of another writing on a pole,4,0.4545454545454545,0.3692744729379982,0.1148555594304482,0.0659692458566296,0.2877419354838709,0.2962962962962963,0.0774418299504408,0.7077206671237946,0.3837200701236725
3118534315_cc03e5ddab.jpg,negation,a man is recording something with a red flag behind him,a man is not recording something with a red flag behind him,a man with a video camera is taping while another paints art while onlookers pass by ||| a person holding a camera in front of a pole with writing on it ||| kid posts sign while a woman walks by and a young man hold a video camera ||| the man is shooting video of another writing on a pole,4,0.4166666666666667,0.337099931231621,0.1043532011211616,0.059609942732681,0.3276353276353276,0.2857142857142857,0.0737741082484098,0.7592871785163879,0.4709280729293823
3118534315_cc03e5ddab.jpg,hallucination,a man is recording something with a red flag behind him,a man is recording something with a red flag behind him with an umbrella,a man with a video camera is taping while another paints art while onlookers pass by ||| a person holding a camera in front of a pole with writing on it ||| kid posts sign while a woman walks by and a young man hold a video camera ||| the man is shooting video of another writing on a pole,4,0.3571428571428572,0.2870846258816073,0.0882293084114949,0.0499875078066453,0.3234880450070324,0.2666666666666666,0.0700352104035182,0.7601944357156754,0.479505330324173
973827791_467d83986e.jpg,original,a little kid splashes around in the kiddie pool while a lady watches,a little kid splashes around in the kiddie pool while a lady watches,a woman dumping water on a small child who is in a pool ||| a woman is throwing a bucket of water over a baby in the paddling pool ||| a woman is throwing water on a child in a plastic swimming pool in a rural area ||| i child slides into a wading pool full of water while an adult tosses a bucket of water on them,4,0.4615384615384615,0.196116135138184,0.0704495119733688,0.0432422707546321,0.2513513513513513,0.2857142857142857,0.1603584742433973,0.8262155950069427,0.6129046082496643
973827791_467d83986e.jpg,hallucination,a little kid splashes around in the kiddie pool while a lady watches,a little kid splashes around in the kiddie pool while a lady watches with a suitcase,a woman dumping water on a small child who is in a pool ||| a woman is throwing a bucket of water over a baby in the paddling pool ||| a woman is throwing water on a child in a plastic swimming pool in a rural area ||| i child slides into a wading pool full of water while an adult tosses a bucket of water on them,4,0.4375,0.1707825127659933,0.0592815550748344,0.0355798286793877,0.2823767476085357,0.2580645161290323,0.160319754079825,0.8127787709236145,0.5529419183731079
1110208841_5bb6806afe.jpg,original,a black and white border collie catches a frisbee in front of an audience,a black and white border collie catches a frisbee in front of an audience,a brown and white dog catches a frisbee in it mouth in front of a group of people ||| a brown and white dug jumping up to catch a frisbee while an audience watches ||| a dog jumps to catch a frisbee while many people watch ||| an agile dog catches a frisbee while a crowd of onlookers watches closely,4,0.7857142857142857,0.6504436355879909,0.4729186581101111,0.3131422481382734,0.5033557046979866,0.5625000000000001,1.148790267040105,0.7923691719770432,0.5938210487365723
1110208841_5bb6806afe.jpg,hallucination,a black and white border collie catches a frisbee in front of an audience,a black and white border collie catches a frisbee in front of an audience with a helicopter,a brown and white dog catches a frisbee in it mouth in front of a group of people ||| a brown and white dug jumping up to catch a frisbee while an audience watches ||| a dog jumps to catch a frisbee while many people watch ||| an agile dog catches a frisbee while a crowd of onlookers watches closely,4,0.6655575133093234,0.5239724548420557,0.3727062923930216,0.2430000434616019,0.4983240223463687,0.5714285714285715,1.0349885763205076,0.8111672848463058,0.5749320387840271
3052038928_9f53aa2084.jpg,original,a group of five young adults lounging indoors,a group of five young adults lounging indoors,a man and a woman sit on a couch and look at each other while three other men stand by ||| a small group of people standing while two sit on the couch ||| there are four men and one woman ||| three men are setting up a scene by measuring the lights for a couple sitting on a low couch,4,0.375,0.2314550249431378,0.0962928392777089,0.0650059326034369,0.2203065134099616,0.3,0.0834631089705432,0.7667745649814606,0.5638015270233154
3052038928_9f53aa2084.jpg,hallucination,a group of five young adults lounging indoors,a group of five young adults lounging indoors with a television,a man and a woman sit on a couch and look at each other while three other men stand by ||| a small group of people standing while two sit on the couch ||| there are four men and one woman ||| three men are setting up a scene by measuring the lights for a couple sitting on a low couch,4,0.3320366241026409,0.1741214746376982,0.0675036022466866,0.0432864914530547,0.2147525676937441,0.2608695652173913,0.0905255620631354,0.7744349539279938,0.6066221594810486
308014594_f1d5e75507.jpg,original,two japanese girls are wearing traditional dress,two japanese girls are wearing traditional dress,two japanese ladies with colorful kimonos on them ||| two women dressed as geishas ||| two women dressed in brightly colored traditional asian clothes stand at the top of steps ||| two women in elaborate japanese costumes,4,0.4285714285714285,0.2672612419124243,0.1126247880443606,0.0773055175693945,0.2373417721518987,0.3333333333333333,0.5428473759720995,0.7738432288169861,0.743263840675354
308014594_f1d5e75507.jpg,negation,two japanese girls are wearing traditional dress,two japanese girls are not wearing traditional dress,two japanese ladies with colorful kimonos on them ||| two women dressed as geishas ||| two women dressed in brightly colored traditional asian clothes stand at the top of steps ||| two women in elaborate japanese costumes,4,0.375,0.2314550249431378,0.0962928392777089,0.0650059326034369,0.234375,0.3076923076923077,0.4889794904138633,0.771772563457489,0.6725541353225708
308014594_f1d5e75507.jpg,hallucination,two japanese girls are wearing traditional dress,two japanese girls are wearing traditional dress with an umbrella,two japanese ladies with colorful kimonos on them ||| two women dressed as geishas ||| two women dressed in brightly colored traditional asian clothes stand at the top of steps ||| two women in elaborate japanese costumes,4,0.4,0.2108185106778919,0.082207069144349,0.0530771217107244,0.3116531165311653,0.3333333333333332,0.4350354128688988,0.7591807842254639,0.6007869243621826
957682378_46c3b07bcd.jpg,original,a brown dog and a black dog run into each other in the grass,a brown dog and a black dog run into each other in the grass,a brown dog is grabbing the collar of a black dog ||| a dark black dog is playing with a light brown dog in a backyard ||| two dogs are wrestling in a field ||| two dogs are wrestling in the park,4,0.5714285714285714,0.4688072309384954,0.3321078320738909,0.1350862565735142,0.5950875925591476,0.4799999999999999,0.5106303489447442,0.7319152355194092,0.7021980285644531
957682378_46c3b07bcd.jpg,object_replacement,a brown dog and a black dog run into each other in the grass,a brown cat and a black dog run into each other in the grass,a brown dog is grabbing the collar of a black dog ||| a dark black dog is playing with a light brown dog in a backyard ||| two dogs are wrestling in a field ||| two dogs are wrestling in the park,4,0.5,0.3922322702763681,0.2340463103883151,0.1039030217423355,0.4977876106194691,0.4,0.3201715887793589,0.6854343414306641,0.5572425723075867
957682378_46c3b07bcd.jpg,hallucination,a brown dog and a black dog run into each other in the grass,a brown dog and a black dog run into each other in the grass with a television,a brown dog is grabbing the collar of a black dog ||| a dark black dog is playing with a light brown dog in a backyard ||| two dogs are wrestling in a field ||| two dogs are wrestling in the park,4,0.5882352941176471,0.4696682183138622,0.3086789594993042,0.1203921753741131,0.4934904996481351,0.4285714285714285,0.3338290530791254,0.7363408803939819,0.6347863674163818
3265964840_5374ed9c53.jpg,original,a boy on a snowboard leaps through the air,a boy on a snowboard leaps through the air,a man in a yellow hat is crouching on his snowboard ||| a man in a blue shirt and green cap on a red snowboard ||| a snowboarder flies through the air on a red snowboard in front of a snowy landscape ||| a snowboarder landing on a pile of wood,4,0.7777777777777778,0.5400617248673217,0.3466806371753174,0.1623339577375495,0.3896604938271605,0.3999999999999999,0.5208546299877597,0.8365985751152039,0.6340022683143616
3265964840_5374ed9c53.jpg,person_replacement,a boy on a snowboard leaps through the air,a girl on a snowboard leaps through the air,a man in a yellow hat is crouching on his snowboard ||| a man in a blue shirt and green cap on a red snowboard ||| a snowboarder flies through the air on a red snowboard in front of a snowy landscape ||| a snowboarder landing on a pile of wood,4,0.7777777777777778,0.5400617248673217,0.3466806371753174,0.1623339577375495,0.3896604938271605,0.3999999999999999,0.5242907618930399,0.8287293463945389,0.6328011155128479
3265964840_5374ed9c53.jpg,hallucination,a boy on a snowboard leaps through the air,a boy on a snowboard leaps through the air with an umbrella,a man in a yellow hat is crouching on his snowboard ||| a man in a blue shirt and green cap on a red snowboard ||| a snowboarder flies through the air on a red snowboard in front of a snowy landscape ||| a snowboarder landing on a pile of wood,4,0.5833333333333334,0.3988620176087328,0.2515060604240896,0.1153056832378949,0.3757440476190476,0.3571428571428571,0.5054903621136698,0.7868093252182007,0.4948274493217468
2049051050_20359a434a.jpg,original,a girl in a black jacket and hat is covered in a pink blanket,a girl in a black jacket and hat is covered in a pink blanket,a woman derssed in a black sweater gloves hat and a scarf sits on the beach near a boulder ||| a woman in a black cap and outfit sits in the sand ||| a woman wearing a black hat sits on the sand with a rock behind her ||| the girl sitting by a rock is wearing a black coat black hat black gloves but is covered by a pink blanket,4,0.8645582954394498,0.5564164356943271,0.3635319100764518,0.1420049469262367,0.469220475075276,0.5000000000000001,0.5414940548680764,0.8182823657989502,0.7315855026245117
2049051050_20359a434a.jpg,person_replacement,a girl in a black jacket and hat is covered in a pink blanket,a boy in a black jacket and hat is covered in a pink blanket,a woman derssed in a black sweater gloves hat and a scarf sits on the beach near a boulder ||| a woman in a black cap and outfit sits in the sand ||| a woman wearing a black hat sits on the sand with a rock behind her ||| the girl sitting by a rock is wearing a black coat black hat black gloves but is covered by a pink blanket,4,0.7980538111748767,0.5345876195672374,0.3539608012932542,0.1391915744350798,0.469220475075276,0.5000000000000001,0.5243050638084968,0.7095330953598022,0.6164798140525818
2049051050_20359a434a.jpg,color_replacement,a girl in a black jacket and hat is covered in a pink blanket,a girl in a black jacket and hat is covered in a purple blanket,a woman derssed in a black sweater gloves hat and a scarf sits on the beach near a boulder ||| a woman in a black cap and outfit sits in the sand ||| a woman wearing a black hat sits on the sand with a rock behind her ||| the girl sitting by a rock is wearing a black coat black hat black gloves but is covered by a pink blanket,4,0.7980538111748767,0.4140897895345154,0.2369530234231917,0.1030132907696105,0.469220475075276,0.4615384615384615,0.4543331726865127,0.808277428150177,0.6012340188026428
2049051050_20359a434a.jpg,hallucination,a girl in a black jacket and hat is covered in a pink blanket,a girl in a black jacket and hat is covered in a pink blanket with an umbrella,a woman derssed in a black sweater gloves hat and a scarf sits on the beach near a boulder ||| a woman in a black cap and outfit sits in the sand ||| a woman wearing a black hat sits on the sand with a rock behind her ||| the girl sitting by a rock is wearing a black coat black hat black gloves but is covered by a pink blanket,4,0.8235294117647058,0.5072996561958923,0.324954551404669,0.1251223692116191,0.4579591836734693,0.4615384615384615,0.546957129763933,0.8023133128881454,0.6290063261985779
3350786891_6d39b234e9.jpg,original,a group of dark skinned children are sitting beside a red metal container,a group of dark skinned children are sitting beside a red metal container,a group of kids sitting against a large red dumpster ||| a group of people sitting outside in the dirt on the ground ||| a large group of people sitting near a shipping container ||| two sub saharan african girls in purple dresses sit on the ground,4,0.5384615384615384,0.299572344757639,0.2013122721975551,0.0950391816390425,0.555775708341589,0.5217391304347826,0.6087848821726753,0.7360383123159409,0.5785781741142273
3350786891_6d39b234e9.jpg,color_replacement,a group of dark skinned children are sitting beside a red metal container,a group of dark skinned children are sitting beside a blue metal container,a group of kids sitting against a large red dumpster ||| a group of people sitting outside in the dirt on the ground ||| a large group of people sitting near a shipping container ||| two sub saharan african girls in purple dresses sit on the ground,4,0.4615384615384615,0.2773500981126146,0.1912293963810261,0.0914462689237286,0.4962243797195253,0.5217391304347826,0.5869129878419057,0.7204751670360565,0.5806698799133301
3350786891_6d39b234e9.jpg,action_replacement,a group of dark skinned children are sitting beside a red metal container,a group of dark skinned children are standing beside a red metal container,a group of kids sitting against a large red dumpster ||| a group of people sitting outside in the dirt on the ground ||| a large group of people sitting near a shipping container ||| two sub saharan african girls in purple dresses sit on the ground,4,0.4615384615384615,0.2773500981126146,0.1912293963810261,0.0914462689237286,0.4962243797195253,0.4347826086956522,0.5193433108173058,0.6883953511714935,0.4483860433101654
3350786891_6d39b234e9.jpg,negation,a group of dark skinned children are sitting beside a red metal container,a group of dark skinned children are not sitting beside a red metal container,a group of kids sitting against a large red dumpster ||| a group of people sitting outside in the dirt on the ground ||| a large group of people sitting near a shipping container ||| two sub saharan african girls in purple dresses sit on the ground,4,0.5,0.2773500981126146,0.1857626796598436,0.0873716785171587,0.5504317111459968,0.5,0.5322069535359565,0.7008065283298492,0.5258468985557556
3350786891_6d39b234e9.jpg,hallucination,a group of dark skinned children are sitting beside a red metal container,a group of dark skinned children are sitting beside a red metal container with a traffic cone,a group of kids sitting against a large red dumpster ||| a group of people sitting outside in the dirt on the ground ||| a large group of people sitting near a shipping container ||| two sub saharan african girls in purple dresses sit on the ground,4,0.4117647058823529,0.2268713032432575,0.1508305417231562,0.070361478913418,0.4482166698455083,0.4444444444444445,0.3193865411221336,0.6683264672756195,0.509368896484375
2701603045_6cbdc4ce7c.jpg,original,a boy is wading through water,a boy is wading through water,a boy up to his knees in water ||| a boy wearing white shorts walks through the water ||| a young boy with white swim trunks walks out of the water ||| the boy is wading through the blue ocean,4,0.7165313105737893,0.6408850873800026,0.5279447835831834,0.4329820146406897,0.5088141025641026,0.5714285714285715,1.5868410523367489,0.8438418060541153,0.7297686338424683
2701603045_6cbdc4ce7c.jpg,person_replacement,a boy is wading through water,a girl is wading through water,a boy up to his knees in water ||| a boy wearing white shorts walks through the water ||| a young boy with white swim trunks walks out of the water ||| the boy is wading through the blue ocean,4,0.5971094254781577,0.4136895450425726,0.31297387764458,0.1644975929846581,0.3774928774928775,0.4285714285714285,0.8963368056672192,0.7009242475032806,0.4444234073162079
2701603045_6cbdc4ce7c.jpg,negation,a boy is wading through water,a boy is not wading through water,a boy up to his knees in water ||| a boy wearing white shorts walks through the water ||| a young boy with white swim trunks walks out of the water ||| the boy is wading through the blue ocean,4,0.7430381997858699,0.5675047991270782,0.1774090081828215,0.1048832740572588,0.4746835443037974,0.5333333333333333,0.8864600617303846,0.8179497718811035,0.6661794781684875
2701603045_6cbdc4ce7c.jpg,hallucination,a boy is wading through water,a boy is wading through water with a traffic cone,a boy up to his knees in water ||| a boy wearing white shorts walks through the water ||| a young boy with white swim trunks walks out of the water ||| the boy is wading through the blue ocean,4,0.7,0.557773351022717,0.4268597216624981,0.3246679154750989,0.4839939024390244,0.4444444444444445,0.9848263537235724,0.739380419254303,0.42509177327156067
1287931016_fb015e2e10.jpg,original,a black and a white dog on the snow,a black and a white dog on the snow,a black dog and a white dog are standing on snow ||| two dogs one black and one white face the camera in a field of snow ||| two dogs standing in the snow ||| two dogs stand in the snow,4,0.800737402916808,0.6934589326863314,0.479168052629889,0.3480972619949626,0.6944444444444444,0.7999999999999999,1.4495032419346066,0.7608949393033981,0.8139740824699402
1287931016_fb015e2e10.jpg,object_replacement,a black and a white dog on the snow,a black and a white cat on the snow,a black dog and a white dog are standing on snow ||| two dogs one black and one white face the camera in a field of snow ||| two dogs standing in the snow ||| two dogs stand in the snow,4,0.7117665803704959,0.5968344216828737,0.344112091646952,0.1527072534971618,0.5876795162509448,0.7000000000000001,0.7278837460658549,0.6452010571956635,0.5886183977127075
1287931016_fb015e2e10.jpg,hallucination,a black and a white dog on the snow,a black and a white dog on the snow with a suitcase,a black dog and a white dog are standing on snow ||| two dogs one black and one white face the camera in a field of snow ||| two dogs standing in the snow ||| two dogs stand in the snow,4,0.75,0.6396021490668313,0.4341268110716201,0.3087818953963447,0.4793074324324324,0.6956521739130435,0.8650072383797116,0.7466909289360046,0.6055731177330017
2518508760_68d8df7365.jpg,original,a dog in a yellow jersey is running a race,a dog in a yellow jersey is running a race,a dog participating in a race while wearing the number ||| a greyhound wearing a muzzle and the number six on a yellow jacket is running on a dog track ||| a muzzled race dog running ||| a race dog is running for first,4,0.9,0.7071067811865476,0.1842015749320193,0.0972065420906982,0.610958904109589,0.5,0.7351137171370661,0.8128683269023895,0.6908559203147888
2518508760_68d8df7365.jpg,object_replacement,a dog in a yellow jersey is running a race,a cat in a yellow jersey is running a race,a dog participating in a race while wearing the number ||| a greyhound wearing a muzzle and the number six on a yellow jacket is running on a dog track ||| a muzzled race dog running ||| a race dog is running for first,4,0.8,0.5962847939999439,0.164414138288698,0.0892647227570666,0.5136986301369862,0.4137931034482758,0.4852031885946218,0.7530716061592102,0.458761602640152
2518508760_68d8df7365.jpg,color_replacement,a dog in a yellow jersey is running a race,a dog in a green jersey is running a race,a dog participating in a race while wearing the number ||| a greyhound wearing a muzzle and the number six on a yellow jacket is running on a dog track ||| a muzzled race dog running ||| a race dog is running for first,4,0.8,0.5962847939999439,0.164414138288698,0.0892647227570666,0.610958904109589,0.5,0.7140632220707974,0.7680927217006683,0.6327065825462341
2518508760_68d8df7365.jpg,negation,a dog in a yellow jersey is running a race,a dog in a yellow jersey is not running a race,a dog participating in a race while wearing the number ||| a greyhound wearing a muzzle and the number six on a yellow jacket is running on a dog track ||| a muzzled race dog running ||| a race dog is running for first,4,0.8181818181818182,0.5720775535473553,0.1537761919657259,0.0821096743668638,0.5027027027027028,0.4761904761904761,0.541583893946218,0.7965017855167389,0.5657944679260254
2518508760_68d8df7365.jpg,hallucination,a dog in a yellow jersey is running a race,a dog in a yellow jersey is running a race with a television,a dog participating in a race while wearing the number ||| a greyhound wearing a muzzle and the number six on a yellow jacket is running on a dog track ||| a muzzled race dog running ||| a race dog is running for first,4,0.7692307692307693,0.5661385170722979,0.1428293874371987,0.0734705312597788,0.4894736842105263,0.4347826086956522,0.4664393449003596,0.803559273481369,0.6476242542266846
3455757720_7aeba57056.jpg,original,a brown dog running along the dirt shore of a stream,a brown dog running along the dirt shore of a stream,a small dog running on a beach ||| a small furry brown dog is running on the shore of the ocean ||| a woman sitting on the sand at the beach with a furry animal in the foreground walking towards her ||| dog running away from woman on the seashore,4,0.6063657586001313,0.38944545984787,0.1120029296533713,0.0618598527606863,0.6027027027027028,0.5833333333333334,0.5186002801718175,0.7189469039440155,0.6839982867240906
3455757720_7aeba57056.jpg,object_replacement,a brown dog running along the dirt shore of a stream,a brown cat running along the dirt shore of a stream,a small dog running on a beach ||| a small furry brown dog is running on the shore of the ocean ||| a woman sitting on the sand at the beach with a furry animal in the foreground walking towards her ||| dog running away from woman on the seashore,4,0.5305700387751149,0.210324586787188,0.0742776774237933,0.0454601203920704,0.4472257653061224,0.4999999999999999,0.3045100164571813,0.6681451946496964,0.5145235657691956
3455757720_7aeba57056.jpg,hallucination,a brown dog running along the dirt shore of a stream,a brown dog running along the dirt shore of a stream with an umbrella,a small dog running on a beach ||| a small furry brown dog is running on the shore of the ocean ||| a woman sitting on the sand at the beach with a furry animal in the foreground walking towards her ||| dog running away from woman on the seashore,4,0.6428571428571429,0.3851644432598217,0.1073256951376911,0.0579001396544736,0.5792207792207792,0.5185185185185186,0.3862655134572548,0.6977269053459167,0.5730125308036804
3652572138_34d6b72999.jpg,original,a boy jumps,a boy jumps,a boy raises his arms amongst a crowd of people who are not in focus ||| a boy surrounded by people who seem to swirl around him ||| a boy with a red shirt waves his arms in the air as he looks at another person ||| the boy in the purple shirt and green jacket stands in the crowd whilst raising his hands in the air,4,0.046322300815201,0.0401162892677087,0.0223618448537926,0.0166955629691623,0.1838235294117647,0.2857142857142857,0.0760157442535696,0.6816288083791733,0.3307715356349945
3652572138_34d6b72999.jpg,person_replacement,a boy jumps,a girl jumps,a boy raises his arms amongst a crowd of people who are not in focus ||| a boy surrounded by people who seem to swirl around him ||| a boy with a red shirt waves his arms in the air as he looks at another person ||| the boy in the purple shirt and green jacket stands in the crowd whilst raising his hands in the air,4,0.0231611504076005,0.0089702749807641,0.0082381740809081,0.0078948442928346,0.0490196078431372,0.1428571428571428,4.035273692230515e-06,0.5323388427495956,0.13481464982032776
3652572138_34d6b72999.jpg,hallucination,a boy jumps,a boy jumps with a suitcase,a boy raises his arms amongst a crowd of people who are not in focus ||| a boy surrounded by people who seem to swirl around him ||| a boy with a red shirt waves his arms in the air as he looks at another person ||| the boy in the purple shirt and green jacket stands in the crowd whilst raising his hands in the air,4,0.2897321390047188,0.2244255498452656,0.081794514458462,0.053062145153021,0.2232142857142857,0.3333333333333333,0.0914443115579703,0.7550692558288574,0.21427741646766663
1075881101_d55c46bece.jpg,original,a boy cleans the bubbles off his face,a boy cleans the bubbles off his face,a boy covered in suds has his face wiped clean ||| a boy is covered in bubbles ||| a child covered in foam is climbing on a black inflatable ramp ||| a person covered in soapy water is getting cleaned off,4,0.75,0.4629100498862757,0.1528553543664399,0.0919322715224918,0.4551020408163265,0.4444444444444445,0.6374499975973265,0.7479216903448105,0.5594825148582458
1075881101_d55c46bece.jpg,person_replacement,a boy cleans the bubbles off his face,a girl cleans the bubbles off her face,a boy covered in suds has his face wiped clean ||| a boy is covered in bubbles ||| a child covered in foam is climbing on a black inflatable ramp ||| a person covered in soapy water is getting cleaned off,4,0.5,0.0845154254728516,0.0491934073403098,0.0392814650900513,0.1612903225806451,0.3333333333333332,0.3828874040186164,0.7513117045164108,0.39214199781417847
1075881101_d55c46bece.jpg,hallucination,a boy cleans the bubbles off his face,a boy cleans the bubbles off his face with a helicopter,a boy covered in suds has his face wiped clean ||| a boy is covered in bubbles ||| a child covered in foam is climbing on a black inflatable ramp ||| a person covered in soapy water is getting cleaned off,4,0.6363636363636364,0.3567530340063378,0.1122442959954951,0.0648411507139764,0.3683168316831683,0.380952380952381,0.4804459465057882,0.6878669559955597,0.35365936160087585
3695949492_27ca3892fd.jpg,original,two dogs holding opposite ends of a toy with their mouths swimming,two dogs holding opposite ends of a toy with their mouths swimming,two grey dogs are carrying a stick in the water ||| two grey dogs swimming in a lake to retrieve a white toy ||| two identical brown dogs side by side holding something white in both their mouths ||| two similar brown dogs share holding a white toy while swimming,4,0.6666666666666666,0.2461829819586654,0.0846262997471468,0.0509411079633964,0.2702702702702703,0.5217391304347826,0.6593501890609685,0.8367443829774857,0.6215311884880066
3695949492_27ca3892fd.jpg,hallucination,two dogs holding opposite ends of a toy with their mouths swimming,two dogs holding opposite ends of a toy with their mouths swimming with an umbrella,two grey dogs are carrying a stick in the water ||| two grey dogs swimming in a lake to retrieve a white toy ||| two identical brown dogs side by side holding something white in both their mouths ||| two similar brown dogs share holding a white toy while swimming,4,0.5333333333333333,0.1951800145897066,0.0664215664147782,0.0395308837466984,0.2638297872340425,0.4615384615384615,0.5334071931922714,0.8078330755233765,0.5150485634803772
3496028495_431cfdc042.jpg,original,a brown dog swimming in the water with a tennis ball in his mouth,a brown dog swimming in the water with a tennis ball in his mouth,a brown dog swims back to shore after retrieving a yellow tennis ball ||| a brown labradoodle retrieves a tennis ball in a lake ||| the brown dog is swimming ||| there is a brown dog swimming outside with a tennis ball in its mouth,4,0.7857142857142857,0.6504436355879909,0.5607070695334264,0.4682568791024402,0.7046428571428572,0.7142857142857143,2.098297433199222,0.9525580704212188,0.8616642951965332
3496028495_431cfdc042.jpg,object_replacement,a brown dog swimming in the water with a tennis ball in his mouth,a brown cat swimming in the water with a tennis ball in his mouth,a brown dog swims back to shore after retrieving a yellow tennis ball ||| a brown labradoodle retrieves a tennis ball in a lake ||| the brown dog is swimming ||| there is a brown dog swimming outside with a tennis ball in its mouth,4,0.7142857142857143,0.5241424183609592,0.4095241727201729,0.3342866121562731,0.6146384479717814,0.6428571428571429,1.5530100621771714,0.9051521122455596,0.6969470977783203
3496028495_431cfdc042.jpg,hallucination,a brown dog swimming in the water with a tennis ball in his mouth,a brown dog swimming in the water with a tennis ball in his mouth with a helicopter,a brown dog swims back to shore after retrieving a yellow tennis ball ||| a brown labradoodle retrieves a tennis ball in a lake ||| the brown dog is swimming ||| there is a brown dog swimming outside with a tennis ball in its mouth,4,0.7058823529411765,0.5557189302262113,0.4686655621328207,0.3853856918030314,0.6555944055944056,0.6451612903225806,1.3564082276148646,0.9185362607240676,0.7611414790153503
3134644844_493eec6cdc.jpg,original,a man is playing a guitar for a little girl in a hospital,a man is playing a guitar for a little girl in a hospital,a man is playing the guitar for a child in a hospital bed ||| a man plays a guitar for a sick child in a hospital ||| a man plays guitar for a girl in the hospital ||| a man with a guitar playing to an ill little girl in a hospital bed,4,1.0,0.9128709291752768,0.8094214383448018,0.6786502681586727,0.815289256198347,0.8,3.533807698039093,0.7575434446334839,0.8239805102348328
3134644844_493eec6cdc.jpg,person_replacement,a man is playing a guitar for a little girl in a hospital,a woman is playing a guitar for a little girl in a hospital,a man is playing the guitar for a child in a hospital bed ||| a man plays a guitar for a sick child in a hospital ||| a man plays guitar for a girl in the hospital ||| a man with a guitar playing to an ill little girl in a hospital bed,4,0.9230769230769232,0.7844645405527361,0.6539953362181172,0.5382218220688944,0.7300275482093663,0.7199999999999999,3.129505150012072,0.6975133717060089,0.6980456113815308
3134644844_493eec6cdc.jpg,action_replacement,a man is playing a guitar for a little girl in a hospital,a man is holding a guitar for a little girl in a hospital,a man is playing the guitar for a child in a hospital bed ||| a man plays a guitar for a sick child in a hospital ||| a man plays guitar for a girl in the hospital ||| a man with a guitar playing to an ill little girl in a hospital bed,4,0.9230769230769232,0.8320502943378437,0.7228018255774361,0.5801559414528517,0.7300275482093663,0.7199999999999999,3.290134725882599,0.7429727911949158,0.751926600933075
3134644844_493eec6cdc.jpg,negation,a man is playing a guitar for a little girl in a hospital,a man is not playing a guitar for a little girl in a hospital,a man is playing the guitar for a child in a hospital bed ||| a man plays a guitar for a sick child in a hospital ||| a man plays guitar for a girl in the hospital ||| a man with a guitar playing to an ill little girl in a hospital bed,4,0.9285714285714286,0.8017837257372732,0.6850067105944413,0.54413074047686,0.8086065573770491,0.7692307692307692,2.7859382009929123,0.7381044328212738,0.7443678379058838
3134644844_493eec6cdc.jpg,hallucination,a man is playing a guitar for a little girl in a hospital,a man is playing a guitar for a little girl in a hospital with a suitcase,a man is playing the guitar for a child in a hospital bed ||| a man plays a guitar for a sick child in a hospital ||| a man plays guitar for a girl in the hospital ||| a man with a guitar playing to an ill little girl in a hospital bed,4,0.875,0.801040989379861,0.6845836056624629,0.560530218497532,0.6493128348474261,0.7142857142857143,2.4313525216960934,0.7397668063640594,0.749128520488739
3242808166_8638150274.jpg,original,a bike rider in red rides through the trees down a snowy hill,a bike rider in red rides through the trees down a snowy hill,a person is riding a bike in a wooded area at night ||| bike rider riding downhill in forest ||| cyclist in snowy forest at night ||| the rider is biking in the snow and wearing a red jacket,4,0.6153846153846154,0.3202563076101743,0.0976939267984706,0.0552587014212449,0.4710820895522387,0.32,0.5086931001137056,0.8767881989479065,0.7040176391601562
3242808166_8638150274.jpg,object_replacement,a bike rider in red rides through the trees down a snowy hill,a motorcycle rider in red rides through the trees down a snowy hill,a person is riding a bike in a wooded area at night ||| bike rider riding downhill in forest ||| cyclist in snowy forest at night ||| the rider is biking in the snow and wearing a red jacket,4,0.5384615384615384,0.0669864127057083,0.0344239143228651,0.0252723244879964,0.2238805970149254,0.32,0.2464171194295421,0.7984696328639984,0.6092780232429504
3242808166_8638150274.jpg,color_replacement,a bike rider in red rides through the trees down a snowy hill,a bike rider in blue rides through the trees down a snowy hill,a person is riding a bike in a wooded area at night ||| bike rider riding downhill in forest ||| cyclist in snowy forest at night ||| the rider is biking in the snow and wearing a red jacket,4,0.5384615384615384,0.299572344757639,0.0934408794701388,0.0534444593479054,0.4710820895522387,0.32,0.4769669778329465,0.8487376570701599,0.6270051598548889
3242808166_8638150274.jpg,hallucination,a bike rider in red rides through the trees down a snowy hill,a bike rider in red rides through the trees down a snowy hill with a traffic cone,a person is riding a bike in a wooded area at night ||| bike rider riding downhill in forest ||| cyclist in snowy forest at night ||| the rider is biking in the snow and wearing a red jacket,4,0.5294117647058824,0.2572478777137633,0.076126777700895,0.0421328732255683,0.4445422535211268,0.2758620689655172,0.2438306818138888,0.8080185949802399,0.6553203463554382
2206960564_325ed0c7ae.jpg,original,a beige puppy walks across the floor,a beige puppy walks across the floor,a small puppy rungs towards the camera ||| a white puppy is running on a tiled floor ||| puppy running on the floor ||| the white dog ran across the tile floor,4,0.7142857142857143,0.4879500364742665,0.1682390865739974,0.1044552273072038,0.4914529914529914,0.5,1.4810454707175893,0.7971023768186569,0.6478127837181091
2206960564_325ed0c7ae.jpg,hallucination,a beige puppy walks across the floor,a beige puppy walks across the floor with a suitcase,a small puppy rungs towards the camera ||| a white puppy is running on a tiled floor ||| puppy running on the floor ||| the white dog ran across the tile floor,4,0.6,0.3651483716701106,0.1185631101496687,0.0698534205658009,0.4646464646464646,0.4,1.104509639718256,0.767848938703537,0.42970553040504456
2886411666_72d8b12ce4.jpg,original,a black brown and white dog is running beside a green fence in a grassy garden,a black brown and white dog is running beside a green fence in a grassy garden,a dog is galloping through the grass ||| a dog runs through a lush green lawn ||| a tricolored dog is running on the green grass ||| dog running through grass in fenced in area,4,0.4375,0.241522945769824,0.1609148974342716,0.0752421768074461,0.4597938144329897,0.4166666666666667,0.1543893792529918,0.8579668402671814,0.7729227542877197
2886411666_72d8b12ce4.jpg,object_replacement,a black brown and white dog is running beside a green fence in a grassy garden,a black brown and white cat is running beside a green fence in a grassy garden,a dog is galloping through the grass ||| a dog runs through a lush green lawn ||| a tricolored dog is running on the green grass ||| dog running through grass in fenced in area,4,0.375,0.1581138830084189,0.0563123940221803,0.0342347495586902,0.3253865979381443,0.3333333333333333,0.0827377406982107,0.7477188855409622,0.5380958318710327
2886411666_72d8b12ce4.jpg,color_replacement,a black brown and white dog is running beside a green fence in a grassy garden,a black brown and white dog is running beside a yellow fence in a grassy garden,a dog is galloping through the grass ||| a dog runs through a lush green lawn ||| a tricolored dog is running on the green grass ||| dog running through grass in fenced in area,4,0.375,0.223606797749979,0.1528553543664399,0.072397680788887,0.3865979381443298,0.3333333333333333,0.1112766292539471,0.8396290242671967,0.7350561618804932
2886411666_72d8b12ce4.jpg,action_replacement,a black brown and white dog is running beside a green fence in a grassy garden,a black brown and white dog is standing beside a green fence in a grassy garden,a dog is galloping through the grass ||| a dog runs through a lush green lawn ||| a tricolored dog is running on the green grass ||| dog running through grass in fenced in area,4,0.375,0.1581138830084189,0.0563123940221803,0.0342347495586902,0.3253865979381443,0.3333333333333333,0.0943542573678881,0.7494634389877319,0.6112393736839294
2886411666_72d8b12ce4.jpg,negation,a black brown and white dog is running beside a green fence in a grassy garden,a black brown and white dog is not running beside a green fence in a grassy garden,a dog is galloping through the grass ||| a dog runs through a lush green lawn ||| a tricolored dog is running on the green grass ||| dog running through grass in fenced in area,4,0.4117647058823529,0.160422236979937,0.05556644666651,0.0332718891397095,0.3795918367346939,0.4,0.0949617974076701,0.8037522435188293,0.6697807908058167
2886411666_72d8b12ce4.jpg,hallucination,a black brown and white dog is running beside a green fence in a grassy garden,a black brown and white dog is running beside a green fence in a grassy garden with a helicopter,a dog is galloping through the grass ||| a dog runs through a lush green lawn ||| a tricolored dog is running on the green grass ||| dog running through grass in fenced in area,4,0.3684210526315789,0.2023256595556279,0.1340348304822999,0.0622849695401344,0.446,0.3703703703703703,0.0651946084779097,0.8222348988056183,0.6475902199745178
3225998968_ef786d86e0.jpg,original,a man on skis on a snowcovered hill with mountains in the background,a man on skis on a snowcovered hill with mountains in the background,a man with red pants is skiing downhill ||| a person in red pants skis down a mountain ||| a skier in red pants is on a snow covered slope ||| this person is skiing,4,0.5384615384615384,0.299572344757639,0.0934408794701388,0.0534444593479054,0.2818080357142857,0.3636363636363637,0.1415271965429601,0.7252153754234314,0.628400444984436
3225998968_ef786d86e0.jpg,person_replacement,a man on skis on a snowcovered hill with mountains in the background,a woman on skis on a snowcovered hill with mountains in the background,a man with red pants is skiing downhill ||| a person in red pants skis down a mountain ||| a skier in red pants is on a snow covered slope ||| this person is skiing,4,0.4615384615384615,0.196116135138184,0.0704495119733688,0.0432422707546321,0.2818080357142857,0.3636363636363637,0.1200141795222585,0.7588867843151093,0.609173059463501
3225998968_ef786d86e0.jpg,hallucination,a man on skis on a snowcovered hill with mountains in the background,a man on skis on a snowcovered hill with mountains in the background with an umbrella,a man with red pants is skiing downhill ||| a person in red pants skis down a mountain ||| a skier in red pants is on a snow covered slope ||| this person is skiing,4,0.4375,0.241522945769824,0.0746900791092861,0.0423117854161057,0.2744565217391305,0.32,0.0757767529167014,0.6657430529594421,0.5165809988975525
136639119_6040b00946.jpg,original,a climber is attempting to climb around an overhang above the woods,a climber is attempting to climb around an overhang above the woods,a man climbs up a cliff and reaches an overhang ||| a man is rock climbing under a large cliff ||| a person is rock climbing ||| climber on rock formation using ropes,4,0.4166666666666667,0.1946247360403807,0.0723544685119367,0.0452937617079388,0.309436274509804,0.3636363636363636,0.2504201616121346,0.8861374855041504,0.756912887096405
136639119_6040b00946.jpg,negation,a climber is attempting to climb around an overhang above the woods,a climber is not attempting to climb around an overhang above the woods,a man climbs up a cliff and reaches an overhang ||| a man is rock climbing under a large cliff ||| a person is rock climbing ||| climber on rock formation using ropes,4,0.3846153846153846,0.1790287185098582,0.0662955289840255,0.0413155159110629,0.3064320388349515,0.3478260869565217,0.2155819912084933,0.8572451770305634,0.7121077179908752
136639119_6040b00946.jpg,hallucination,a climber is attempting to climb around an overhang above the woods,a climber is attempting to climb around an overhang above the woods with a television,a man climbs up a cliff and reaches an overhang ||| a man is rock climbing under a large cliff ||| a person is rock climbing ||| climber on rock formation using ropes,4,0.4,0.1690308509457033,0.0603479980702305,0.0367876324992777,0.3542857142857143,0.3333333333333333,0.1593950422778167,0.8804778009653091,0.6502065062522888
61209225_8512e1dad5.jpg,original,a civil war reenactment with cannon teams firing cannons,a civil war reenactment with cannon teams firing cannons,a group of men firing an old fashion cannon ||| a recreation of some battle ||| sveral men participating in a civil war reenactment ||| war reenactors fire a cannon,4,0.6666666666666666,0.5,0.4149132666831217,0.3303164318013807,0.4899691358024691,0.4705882352941176,1.2290843804756,0.9010447561740876,0.8228675723075867
61209225_8512e1dad5.jpg,hallucination,a civil war reenactment with cannon teams firing cannons,a civil war reenactment with cannon teams firing cannons with a suitcase,a group of men firing an old fashion cannon ||| a recreation of some battle ||| sveral men participating in a civil war reenactment ||| war reenactors fire a cannon,4,0.5,0.3692744729379982,0.3010067189543958,0.23462350320528,0.4464285714285714,0.4,0.8731765291399092,0.8824754506349564,0.7228822708129883
1057089366_ca83da0877.jpg,original,a boy descends off the end of a high diving board,a boy descends off the end of a high diving board,a child jumps off a high diving board into the pool ||| a kid jumps off the diving board and into the swimming pool below ||| a little kid is jumping off a high dive at the pool ||| the boy is jumping off a high diving board into the pool,4,0.7272727272727273,0.5393598899705937,0.4013422919391943,0.2998221389342337,0.5769944341372912,0.5454545454545454,2.020383249600309,0.8487176150083542,0.701744556427002
1057089366_ca83da0877.jpg,person_replacement,a boy descends off the end of a high diving board,a girl descends off the end of a high diving board,a child jumps off a high diving board into the pool ||| a kid jumps off the diving board and into the swimming pool below ||| a little kid is jumping off a high dive at the pool ||| the boy is jumping off a high diving board into the pool,4,0.6363636363636364,0.504524979109513,0.3838700926079122,0.2899784414715207,0.5769944341372912,0.5454545454545454,2.004339782083892,0.8196161687374115,0.6542211771011353
1057089366_ca83da0877.jpg,hallucination,a boy descends off the end of a high diving board,a boy descends off the end of a high diving board with an umbrella,a child jumps off a high diving board into the pool ||| a kid jumps off the diving board and into the swimming pool below ||| a little kid is jumping off a high dive at the pool ||| the boy is jumping off a high diving board into the pool,4,0.5714285714285714,0.4193139346887672,0.3083016009819039,0.2271870978054231,0.5616759978327613,0.4799999999999999,1.6680982008706065,0.8474352955818176,0.6378660202026367
3066491113_86569e15be.jpg,original,a black dog is following a brown dog that is carrying a brown plate through a grassy field,a black dog is following a brown dog that is carrying a brown plate through a grassy field,a black dog following a tan dog fetching a large shallow bowl ||| a brown dog carrying a frisbee like object in its mouth ||| a dog runs with a large plate in its mouth ||| two dogs one carrying a large dish in its mouth,4,0.5555555555555556,0.4428074427700477,0.290478022246353,0.1130608235160298,0.3806284418529316,0.4666666666666666,0.4083259699125546,0.7281091809272766,0.5905007123947144
3066491113_86569e15be.jpg,object_replacement,a black dog is following a brown dog that is carrying a brown plate through a grassy field,a black cat is following a brown dog that is carrying a brown plate through a grassy field,a black dog following a tan dog fetching a large shallow bowl ||| a brown dog carrying a frisbee like object in its mouth ||| a dog runs with a large plate in its mouth ||| two dogs one carrying a large dish in its mouth,4,0.5,0.3834824944236852,0.2094709013842742,0.0884748757476627,0.317948717948718,0.4,0.3277729100586815,0.7189059257507324,0.47263553738594055
3066491113_86569e15be.jpg,negation,a black dog is following a brown dog that is carrying a brown plate through a grassy field,a black dog is not following a brown dog that is carrying a brown plate through a grassy field,a black dog following a tan dog fetching a large shallow bowl ||| a brown dog carrying a frisbee like object in its mouth ||| a dog runs with a large plate in its mouth ||| two dogs one carrying a large dish in its mouth,4,0.5263157894736842,0.4188539082916955,0.2743060625339522,0.1065728448555557,0.377631367507633,0.4516129032258065,0.3116111585499991,0.714915543794632,0.5087253451347351
3066491113_86569e15be.jpg,hallucination,a black dog is following a brown dog that is carrying a brown plate through a grassy field,a black dog is following a brown dog that is carrying a brown plate through a grassy field with a traffic cone,a black dog following a tan dog fetching a large shallow bowl ||| a brown dog carrying a frisbee like object in its mouth ||| a dog runs with a large plate in its mouth ||| two dogs one carrying a large dish in its mouth,4,0.5,0.408248290463863,0.2554364774645177,0.0967773636539916,0.368916797488226,0.4117647058823529,0.129188090798458,0.741717740893364,0.5559931397438049
3608663656_9192a21eeb.jpg,original,a man climbs up the side of a steep rock that overlooks a river,a man climbs up the side of a steep rock that overlooks a river,a man is climbing a steep and rocky cliff overlooking water ||| a man is climbing on rocks by the water ||| a man is climbing the side of a mountain over the ocean ||| a man rock climbing at the ocean,4,0.5714285714285714,0.4688072309384954,0.3321078320738909,0.2402211086439153,0.3931080628972901,0.5384615384615384,0.5878858053796454,0.7086384296417236,0.7408722639083862
3608663656_9192a21eeb.jpg,person_replacement,a man climbs up the side of a steep rock that overlooks a river,a woman climbs up the side of a steep rock that overlooks a river,a man is climbing a steep and rocky cliff overlooking water ||| a man is climbing on rocks by the water ||| a man is climbing the side of a mountain over the ocean ||| a man rock climbing at the ocean,4,0.5,0.3922322702763681,0.2948798731084673,0.2197281387499715,0.3494990892531876,0.4615384615384615,0.5049551818423272,0.7269435375928879,0.5603405833244324
3608663656_9192a21eeb.jpg,hallucination,a man climbs up the side of a steep rock that overlooks a river,a man climbs up the side of a steep rock that overlooks a river with a traffic cone,a man is climbing a steep and rocky cliff overlooking water ||| a man is climbing on rocks by the water ||| a man is climbing the side of a mountain over the ocean ||| a man rock climbing at the ocean,4,0.4444444444444444,0.3615507630310936,0.25375592566965,0.1816725573641283,0.3806284418529316,0.4666666666666666,0.2917157777717852,0.672890841960907,0.5935998558998108
3275537015_74e04c0f3e.jpg,original,four girls are playing volleyball on a sandy beach near ocean,four girls are playing volleyball on a sandy beach near ocean,four girls in swimsuits are playing volleyball at the beach ||| four ladies in swimsuits play sand volleyball on the beach ||| four women in bikinis are playing volleyball on the beach ||| girls in bikinis are playing a game of volleyball near a body of water,4,0.8181818181818182,0.5720775535473553,0.4174128044846463,0.3087818953963449,0.5569306930693068,0.5714285714285713,1.8370503474761657,0.7698297500610352,0.7744604349136353
3275537015_74e04c0f3e.jpg,action_replacement,four girls are playing volleyball on a sandy beach near ocean,four girls are watching volleyball on a sandy beach near ocean,four girls in swimsuits are playing volleyball at the beach ||| four ladies in swimsuits play sand volleyball on the beach ||| four women in bikinis are playing volleyball on the beach ||| girls in bikinis are playing a game of volleyball near a body of water,4,0.7272727272727273,0.3813850356982369,0.1173531980725211,0.0670422683816333,0.3683168316831683,0.4761904761904761,1.122446960536725,0.7395770400762558,0.663547158241272
3275537015_74e04c0f3e.jpg,negation,four girls are playing volleyball on a sandy beach near ocean,four girls are not playing volleyball on a sandy beach near ocean,four girls in swimsuits are playing volleyball at the beach ||| four ladies in swimsuits play sand volleyball on the beach ||| four women in bikinis are playing volleyball on the beach ||| girls in bikinis are playing a game of volleyball near a body of water,4,0.75,0.4522670168666454,0.2734827537964344,0.1227826014909612,0.5010893246187365,0.5454545454545454,1.3724797116524918,0.7710060477256775,0.6786747574806213
3275537015_74e04c0f3e.jpg,hallucination,four girls are playing volleyball on a sandy beach near ocean,four girls are playing volleyball on a sandy beach near ocean with a traffic cone,four girls in swimsuits are playing volleyball at the beach ||| four ladies in swimsuits play sand volleyball on the beach ||| four women in bikinis are playing volleyball on the beach ||| girls in bikinis are playing a game of volleyball near a body of water,4,0.6666666666666666,0.4364357804719847,0.3083016009819039,0.2222984955206401,0.5357142857142857,0.48,1.108246167555556,0.7764774560928345,0.7097378969192505
1457762320_7fe121b285.jpg,original,a group of bicyclists getting ready for a ride,a group of bicyclists getting ready for a ride,a group of cyclists is pausing nearby a green and tan sign ||| a group of men are standing around and drinking water with their bikes ||| a group of men chat and drink water from water bottles while standing by their bicycles ||| men in athletic clothing stand near bicycles,4,0.4444444444444444,0.3333333333333333,0.2513158137097179,0.1275343138759482,0.4136752136752137,0.380952380952381,0.3454372426077738,0.7977687567472458,0.5701947212219238
1457762320_7fe121b285.jpg,hallucination,a group of bicyclists getting ready for a ride,a group of bicyclists getting ready for a ride with an umbrella,a group of cyclists is pausing nearby a green and tan sign ||| a group of men are standing around and drinking water with their bikes ||| a group of men chat and drink water from water bottles while standing by their bicycles ||| men in athletic clothing stand near bicycles,4,0.4166666666666667,0.2752409412815901,0.1964002439681624,0.0957846440861982,0.4033333333333334,0.3333333333333333,0.3668297981398705,0.7336822152137756,0.4837266802787781
2407091303_931c918490.jpg,original,a child plays at a playground,a child plays at a playground,a little boy stands widelegged each foot on each side of the tube slide ||| a little boy wearing a red shirt is standing on a slide ||| a young boy climbing in a playhouse ||| boy on playground equipment,4,0.423240862445307,0.0846481724890614,0.0533250071770502,0.045480190470279,0.144927536231884,0.3076923076923076,0.2762671725603393,0.764131173491478,0.6695669293403625
2407091303_931c918490.jpg,hallucination,a child plays at a playground,a child plays at a playground with a suitcase,a little boy stands widelegged each foot on each side of the tube slide ||| a little boy wearing a red shirt is standing on a slide ||| a young boy climbing in a playhouse ||| boy on playground equipment,4,0.4444444444444444,0.0745355992499929,0.0429743996463099,0.0339132609103075,0.1388888888888889,0.2857142857142857,0.1475187312612194,0.6809117645025253,0.42870351672172546
2164363131_6930455d45.jpg,original,a dog leaps for a toy on a road,a dog leaps for a toy on a road,a man and a dog play with a frisbee ||| a person holding a frisbee just out of reach of a white dog on a rural road ||| person holding a frisbee with a white dog jumping for it on a road ||| the dog jumps up to get the frisbee in the man s hand,4,0.7777777777777778,0.5400617248673217,0.3466806371753174,0.1623339577375495,0.5555555555555556,0.5217391304347826,0.3899413519336941,0.8261553943157196,0.5014328360557556
2164363131_6930455d45.jpg,object_replacement,a dog leaps for a toy on a road,a cat leaps for a toy on a road,a man and a dog play with a frisbee ||| a person holding a frisbee just out of reach of a white dog on a rural road ||| person holding a frisbee with a white dog jumping for it on a road ||| the dog jumps up to get the frisbee in the man s hand,4,0.6666666666666666,0.408248290463863,0.287684791332394,0.1411399193078977,0.4701436130007558,0.4347826086956521,0.2307695000188348,0.7230725884437561,0.2496696263551712
2164363131_6930455d45.jpg,hallucination,a dog leaps for a toy on a road,a dog leaps for a toy on a road with an umbrella,a man and a dog play with a frisbee ||| a person holding a frisbee just out of reach of a white dog on a rural road ||| person holding a frisbee with a white dog jumping for it on a road ||| the dog jumps up to get the frisbee in the man s hand,4,0.6133629430862155,0.3923082565559,0.2419289812644991,0.1096875897351539,0.5962605117194489,0.4615384615384615,0.4030328587931703,0.7802349328994751,0.418302059173584
