image,perturbation_type,original_caption,perturbed_caption,references,reference_count
2224995194_518859d97d.jpg,original,the rock climbers are on their equipment in front of a cave,the rock climbers are on their equipment in front of a cave,The rock climbers are on their equipment in front of a cave . ||| Two people hang from safety ropes over a giant cliff . ||| Two people hanging on a rope over a cliff . ||| Two people lower themselves into a cave with long ropes . ||| two people repel down into a hole .,5
2224995194_518859d97d.jpg,hallucination,the rock climbers are on their equipment in front of a cave,the rock climbers are on their equipment in front of a cave with a helicopter,The rock climbers are on their equipment in front of a cave . ||| Two people hang from safety ropes over a giant cliff . ||| Two people hanging on a rope over a cliff . ||| Two people lower themselves into a cave with long ropes . ||| two people repel down into a hole .,5
3168123064_d1983b8f92.jpg,original,a person in a black wetsuit is surfing in the ocean with a wave coming down,a person in a black wetsuit is surfing in the ocean with a wave coming down,A person in a black wetsuit is surfing in the ocean with a wave coming down . ||| A person is surfing . ||| A surfer in all black is riding a wave . ||| A surfer rides the waves . ||| A woman in a black wetsuit surfs in bad weather .,5
3168123064_d1983b8f92.jpg,negation,a person in a black wetsuit is surfing in the ocean with a wave coming down,a person in a black wetsuit is not surfing in the ocean with a wave coming down,A person in a black wetsuit is surfing in the ocean with a wave coming down . ||| A person is surfing . ||| A surfer in all black is riding a wave . ||| A surfer rides the waves . ||| A woman in a black wetsuit surfs in bad weather .,5
3168123064_d1983b8f92.jpg,hallucination,a person in a black wetsuit is surfing in the ocean with a wave coming down,a person in a black wetsuit is surfing in the ocean with a wave coming down with a helicopter,A person in a black wetsuit is surfing in the ocean with a wave coming down . ||| A person is surfing . ||| A surfer in all black is riding a wave . ||| A surfer rides the waves . ||| A woman in a black wetsuit surfs in bad weather .,5
2441629086_52f68eb316.jpg,original,a girl is peeking in a window,a girl is peeking in a window,A girl is peeking in a window . ||| A girl peers into a window . ||| A girl peers into a window . ||| A little girl is trying to look into a dark window . ||| A small girl in a pink shirt and blue jeans is peeping through a window into a house .,5
2441629086_52f68eb316.jpg,person_replacement,a girl is peeking in a window,a boy is peeking in a window,A girl is peeking in a window . ||| A girl peers into a window . ||| A girl peers into a window . ||| A little girl is trying to look into a dark window . ||| A small girl in a pink shirt and blue jeans is peeping through a window into a house .,5
2441629086_52f68eb316.jpg,negation,a girl is peeking in a window,a girl is not peeking in a window,A girl is peeking in a window . ||| A girl peers into a window . ||| A girl peers into a window . ||| A little girl is trying to look into a dark window . ||| A small girl in a pink shirt and blue jeans is peeping through a window into a house .,5
2441629086_52f68eb316.jpg,hallucination,a girl is peeking in a window,a girl is peeking in a window with a suitcase,A girl is peeking in a window . ||| A girl peers into a window . ||| A girl peers into a window . ||| A little girl is trying to look into a dark window . ||| A small girl in a pink shirt and blue jeans is peeping through a window into a house .,5
3279524184_d5e2ffbaed.jpg,original,two black and white dogs and one has something blue in its mouth,two black and white dogs and one has something blue in its mouth,Two black and white dogs and one has something blue in its mouth . ||| Two black and white dogs run through a field . ||| Two white dogs are running through a field . ||| Two white dogs run along a light colored field and one has a blue toy . ||| Two white dogs with black spots jumping through the grass .,5
3279524184_d5e2ffbaed.jpg,color_replacement,two black and white dogs and one has something blue in its mouth,two black and white dogs and one has something red in its mouth,Two black and white dogs and one has something blue in its mouth . ||| Two black and white dogs run through a field . ||| Two white dogs are running through a field . ||| Two white dogs run along a light colored field and one has a blue toy . ||| Two white dogs with black spots jumping through the grass .,5
3279524184_d5e2ffbaed.jpg,hallucination,two black and white dogs and one has something blue in its mouth,two black and white dogs and one has something blue in its mouth with an umbrella,Two black and white dogs and one has something blue in its mouth . ||| Two black and white dogs run through a field . ||| Two white dogs are running through a field . ||| Two white dogs run along a light colored field and one has a blue toy . ||| Two white dogs with black spots jumping through the grass .,5
3339105374_cc41e0b7d7.jpg,original,a woman in a red coat with a man in a white and black coat and a black dog in the snow,a woman in a red coat with a man in a white and black coat and a black dog in the snow,A woman in a red coat with a man in a white and black coat and a black dog in the snow . ||| Two people and a dog are in the snow . ||| Two people are interacting with a dog that has bitten an object one of them is holding . ||| Two people are walking up a snowy hill with a dog . ||| Two people playing on a snowy hill .,5
3339105374_cc41e0b7d7.jpg,object_replacement,a woman in a red coat with a man in a white and black coat and a black dog in the snow,a woman in a red coat with a man in a white and black coat and a black cat in the snow,A woman in a red coat with a man in a white and black coat and a black dog in the snow . ||| Two people and a dog are in the snow . ||| Two people are interacting with a dog that has bitten an object one of them is holding . ||| Two people are walking up a snowy hill with a dog . ||| Two people playing on a snowy hill .,5
3339105374_cc41e0b7d7.jpg,person_replacement,a woman in a red coat with a man in a white and black coat and a black dog in the snow,a man in a red coat with a man in a white and black coat and a black dog in the snow,A woman in a red coat with a man in a white and black coat and a black dog in the snow . ||| Two people and a dog are in the snow . ||| Two people are interacting with a dog that has bitten an object one of them is holding . ||| Two people are walking up a snowy hill with a dog . ||| Two people playing on a snowy hill .,5
3339105374_cc41e0b7d7.jpg,color_replacement,a woman in a red coat with a man in a white and black coat and a black dog in the snow,a woman in a blue coat with a man in a white and black coat and a black dog in the snow,A woman in a red coat with a man in a white and black coat and a black dog in the snow . ||| Two people and a dog are in the snow . ||| Two people are interacting with a dog that has bitten an object one of them is holding . ||| Two people are walking up a snowy hill with a dog . ||| Two people playing on a snowy hill .,5
3339105374_cc41e0b7d7.jpg,hallucination,a woman in a red coat with a man in a white and black coat and a black dog in the snow,a woman in a red coat with a man in a white and black coat and a black dog in the snow with an umbrella,A woman in a red coat with a man in a white and black coat and a black dog in the snow . ||| Two people and a dog are in the snow . ||| Two people are interacting with a dog that has bitten an object one of them is holding . ||| Two people are walking up a snowy hill with a dog . ||| Two people playing on a snowy hill .,5
2272750492_91e8f67328.jpg,original,a man jumps through the air while snowboarding,a man jumps through the air while snowboarding,A man jumps through the air while snowboarding . ||| A snowboarder in gray pants and a white jacket catches some air . ||| A snowboarder in gray pants is doing a jump . ||| A snowboarder with brown pants . ||| Person wearing grey pants airborne on a snowboard .,5
2272750492_91e8f67328.jpg,person_replacement,a man jumps through the air while snowboarding,a woman jumps through the air while snowboarding,A man jumps through the air while snowboarding . ||| A snowboarder in gray pants and a white jacket catches some air . ||| A snowboarder in gray pants is doing a jump . ||| A snowboarder with brown pants . ||| Person wearing grey pants airborne on a snowboard .,5
2272750492_91e8f67328.jpg,hallucination,a man jumps through the air while snowboarding,a man jumps through the air while snowboarding with an umbrella,A man jumps through the air while snowboarding . ||| A snowboarder in gray pants and a white jacket catches some air . ||| A snowboarder in gray pants is doing a jump . ||| A snowboarder with brown pants . ||| Person wearing grey pants airborne on a snowboard .,5
2021671653_567395c7cf.jpg,original,a boy dressed in denim is running on the sidewalk,a boy dressed in denim is running on the sidewalk,"A boy dressed in denim is running on the sidewalk . ||| A young boy in motion in front of potted plants and a beige wall . ||| a young boy wearing a denim outfit running down the street ||| Little boy in denim runs through paved , Spanish-style yard area . ||| Young boy running waring blue jacket and blue jeans , flower pots are in the background on a cement walkway .",5
2021671653_567395c7cf.jpg,person_replacement,a boy dressed in denim is running on the sidewalk,a girl dressed in denim is running on the sidewalk,"A boy dressed in denim is running on the sidewalk . ||| A young boy in motion in front of potted plants and a beige wall . ||| a young boy wearing a denim outfit running down the street ||| Little boy in denim runs through paved , Spanish-style yard area . ||| Young boy running waring blue jacket and blue jeans , flower pots are in the background on a cement walkway .",5
2021671653_567395c7cf.jpg,action_replacement,a boy dressed in denim is running on the sidewalk,a boy dressed in denim is standing on the sidewalk,"A boy dressed in denim is running on the sidewalk . ||| A young boy in motion in front of potted plants and a beige wall . ||| a young boy wearing a denim outfit running down the street ||| Little boy in denim runs through paved , Spanish-style yard area . ||| Young boy running waring blue jacket and blue jeans , flower pots are in the background on a cement walkway .",5
2021671653_567395c7cf.jpg,negation,a boy dressed in denim is running on the sidewalk,a boy dressed in denim is not running on the sidewalk,"A boy dressed in denim is running on the sidewalk . ||| A young boy in motion in front of potted plants and a beige wall . ||| a young boy wearing a denim outfit running down the street ||| Little boy in denim runs through paved , Spanish-style yard area . ||| Young boy running waring blue jacket and blue jeans , flower pots are in the background on a cement walkway .",5
2021671653_567395c7cf.jpg,hallucination,a boy dressed in denim is running on the sidewalk,a boy dressed in denim is running on the sidewalk with a helicopter,"A boy dressed in denim is running on the sidewalk . ||| A young boy in motion in front of potted plants and a beige wall . ||| a young boy wearing a denim outfit running down the street ||| Little boy in denim runs through paved , Spanish-style yard area . ||| Young boy running waring blue jacket and blue jeans , flower pots are in the background on a cement walkway .",5
416960865_048fd3f294.jpg,original,a hiker in a red on a snowy peak,a hiker in a red on a snowy peak,A hiker in a red on a snowy peak . ||| A person in a red jacket and a red hardhat stands near a mountain . ||| A person wearing a red jacket and helmet walks up near the large rock . ||| A woman wearing a red work man 's hat and red jacket is hiking in the snow topped mountains . ||| The person wearing the red hardhat is on the mountain .,5
416960865_048fd3f294.jpg,color_replacement,a hiker in a red on a snowy peak,a hiker in a blue on a snowy peak,A hiker in a red on a snowy peak . ||| A person in a red jacket and a red hardhat stands near a mountain . ||| A person wearing a red jacket and helmet walks up near the large rock . ||| A woman wearing a red work man 's hat and red jacket is hiking in the snow topped mountains . ||| The person wearing the red hardhat is on the mountain .,5
416960865_048fd3f294.jpg,hallucination,a hiker in a red on a snowy peak,a hiker in a red on a snowy peak with a television,A hiker in a red on a snowy peak . ||| A person in a red jacket and a red hardhat stands near a mountain . ||| A person wearing a red jacket and helmet walks up near the large rock . ||| A woman wearing a red work man 's hat and red jacket is hiking in the snow topped mountains . ||| The person wearing the red hardhat is on the mountain .,5
3474406285_01f3d24b71.jpg,original,a brown dog jumping over a blue and yellow stick,a brown dog jumping over a blue and yellow stick,a brown dog jumping over a blue and yellow stick . ||| A brown dog jumping over a hurdle . ||| A brown dog jumps over an obstacle . ||| A dog jumps over a hurdle at a competition . ||| The brown dog is jumping a hurdle over a yellow and black pole .,5
3474406285_01f3d24b71.jpg,object_replacement,a brown dog jumping over a blue and yellow stick,a brown cat jumping over a blue and yellow stick,a brown dog jumping over a blue and yellow stick . ||| A brown dog jumping over a hurdle . ||| A brown dog jumps over an obstacle . ||| A dog jumps over a hurdle at a competition . ||| The brown dog is jumping a hurdle over a yellow and black pole .,5
3474406285_01f3d24b71.jpg,hallucination,a brown dog jumping over a blue and yellow stick,a brown dog jumping over a blue and yellow stick with a helicopter,a brown dog jumping over a blue and yellow stick . ||| A brown dog jumping over a hurdle . ||| A brown dog jumps over an obstacle . ||| A dog jumps over a hurdle at a competition . ||| The brown dog is jumping a hurdle over a yellow and black pole .,5
3690348036_a01f243fb0.jpg,original,a bmx biker is in midair attempting a trick,a bmx biker is in midair attempting a trick,"A bmx biker is in midair attempting a trick . ||| A boy does a trick on a bike in the woods . ||| A person is in the air with a trick bike . ||| A person riding a bike , doing a very high jump . ||| The young man is performing a bicycle trick high in the air .",5
3690348036_a01f243fb0.jpg,hallucination,a bmx biker is in midair attempting a trick,a bmx biker is in midair attempting a trick with a television,"A bmx biker is in midair attempting a trick . ||| A boy does a trick on a bike in the woods . ||| A person is in the air with a trick bike . ||| A person riding a bike , doing a very high jump . ||| The young man is performing a bicycle trick high in the air .",5
2746839158_4195210d27.jpg,original,children playing outside in a fountain,children playing outside in a fountain,Children playing outside in a fountain . ||| Two boys in underwear play in the water in the city street . ||| Two little boys play in the water left behind by the sprinklers . ||| Two young boys are playing in a fountain in a city plaza . ||| Two young boys play in the water that has collected on the street .,5
2746839158_4195210d27.jpg,hallucination,children playing outside in a fountain,children playing outside in a fountain with a traffic cone,Children playing outside in a fountain . ||| Two boys in underwear play in the water in the city street . ||| Two little boys play in the water left behind by the sprinklers . ||| Two young boys are playing in a fountain in a city plaza . ||| Two young boys play in the water that has collected on the street .,5
989754491_7e53fb4586.jpg,original,a girl in a pool wearing goggles and surrounded by other children,a girl in a pool wearing goggles and surrounded by other children,A girl in a pool wearing goggles and surrounded by other children ||| A girl in green goggles in a pool with three other children . ||| A red haired girl making a peace sign is wearing neon green glasses and floaties and playing in the pool with other kids . ||| A red-headed girl offers the peace sign as she swims in the pool with floaties . ||| A young girl with goggles and floaties poses for the camera as she plays in a pool .,5
989754491_7e53fb4586.jpg,person_replacement,a girl in a pool wearing goggles and surrounded by other children,a boy in a pool wearing goggles and surrounded by other children,A girl in a pool wearing goggles and surrounded by other children ||| A girl in green goggles in a pool with three other children . ||| A red haired girl making a peace sign is wearing neon green glasses and floaties and playing in the pool with other kids . ||| A red-headed girl offers the peace sign as she swims in the pool with floaties . ||| A young girl with goggles and floaties poses for the camera as she plays in a pool .,5
989754491_7e53fb4586.jpg,hallucination,a girl in a pool wearing goggles and surrounded by other children,a girl in a pool wearing goggles and surrounded by other children with a helicopter,A girl in a pool wearing goggles and surrounded by other children ||| A girl in green goggles in a pool with three other children . ||| A red haired girl making a peace sign is wearing neon green glasses and floaties and playing in the pool with other kids . ||| A red-headed girl offers the peace sign as she swims in the pool with floaties . ||| A young girl with goggles and floaties poses for the camera as she plays in a pool .,5
3638178504_be1ff246bd.jpg,original,a little girl is looking at the two horses on the other side of the fence,a little girl is looking at the two horses on the other side of the fence,A little girl is looking at the two horses on the other side of the fence . ||| A small child staring at a horse and a pony . ||| Two horses are looking at a small child . ||| Two horses look over a fence at a child wearing a red sweatshirt . ||| Two horse stare at a young child with crumbling structures nearby .,5
3638178504_be1ff246bd.jpg,person_replacement,a little girl is looking at the two horses on the other side of the fence,a little boy is looking at the two horses on the other side of the fence,A little girl is looking at the two horses on the other side of the fence . ||| A small child staring at a horse and a pony . ||| Two horses are looking at a small child . ||| Two horses look over a fence at a child wearing a red sweatshirt . ||| Two horse stare at a young child with crumbling structures nearby .,5
3638178504_be1ff246bd.jpg,negation,a little girl is looking at the two horses on the other side of the fence,a little girl is not looking at the two horses on the other side of the fence,A little girl is looking at the two horses on the other side of the fence . ||| A small child staring at a horse and a pony . ||| Two horses are looking at a small child . ||| Two horses look over a fence at a child wearing a red sweatshirt . ||| Two horse stare at a young child with crumbling structures nearby .,5
3638178504_be1ff246bd.jpg,hallucination,a little girl is looking at the two horses on the other side of the fence,a little girl is looking at the two horses on the other side of the fence with a helicopter,A little girl is looking at the two horses on the other side of the fence . ||| A small child staring at a horse and a pony . ||| Two horses are looking at a small child . ||| Two horses look over a fence at a child wearing a red sweatshirt . ||| Two horse stare at a young child with crumbling structures nearby .,5
3472270112_0a7cb7b27c.jpg,original,a baseman and a ballplayer from the opposing team sliding onto base,a baseman and a ballplayer from the opposing team sliding onto base,"A baseman and a ballplayer from the opposing team sliding onto base . ||| A runner slides into second base while the shortstop waits for the ball ||| Men participate in a baseball game . ||| Three baseball players in motion ; one sliding into a base , another running in the background . ||| Three men playing baseball and the one wearing a red helmet is sliding to the plate .",5
3472270112_0a7cb7b27c.jpg,hallucination,a baseman and a ballplayer from the opposing team sliding onto base,a baseman and a ballplayer from the opposing team sliding onto base with a helicopter,"A baseman and a ballplayer from the opposing team sliding onto base . ||| A runner slides into second base while the shortstop waits for the ball ||| Men participate in a baseball game . ||| Three baseball players in motion ; one sliding into a base , another running in the background . ||| Three men playing baseball and the one wearing a red helmet is sliding to the plate .",5
3464871350_3f2d624a9c.jpg,original,a driver is sitting in a team penske race car,a driver is sitting in a team penske race car,"A driver is sitting in a Team Penske race car . ||| A race car driver with an orange helmet sits in a team Penske Indy car at the raceway . ||| A race car sits in the pits . ||| Race car driver getting ready for the start of the race . ||| Racing car marked TEAM PENSKE on track , banners and spectators in background .",5
3464871350_3f2d624a9c.jpg,object_replacement,a driver is sitting in a team penske race car,a driver is sitting in a team penske race truck,"A driver is sitting in a Team Penske race car . ||| A race car driver with an orange helmet sits in a team Penske Indy car at the raceway . ||| A race car sits in the pits . ||| Race car driver getting ready for the start of the race . ||| Racing car marked TEAM PENSKE on track , banners and spectators in background .",5
3464871350_3f2d624a9c.jpg,negation,a driver is sitting in a team penske race car,a driver is not sitting in a team penske race car,"A driver is sitting in a Team Penske race car . ||| A race car driver with an orange helmet sits in a team Penske Indy car at the raceway . ||| A race car sits in the pits . ||| Race car driver getting ready for the start of the race . ||| Racing car marked TEAM PENSKE on track , banners and spectators in background .",5
3464871350_3f2d624a9c.jpg,hallucination,a driver is sitting in a team penske race car,a driver is sitting in a team penske race car with an umbrella,"A driver is sitting in a Team Penske race car . ||| A race car driver with an orange helmet sits in a team Penske Indy car at the raceway . ||| A race car sits in the pits . ||| Race car driver getting ready for the start of the race . ||| Racing car marked TEAM PENSKE on track , banners and spectators in background .",5
493542985_c85ad29ebe.jpg,original,a girl is rowing in a lake,a girl is rowing in a lake,A girl is rowing in a lake . ||| a girl sits on a skinny canoe . ||| A woman sits in a rowing scull and looks behind her at a dock . ||| A woman sitting in a rowboat ||| Girl in a thin rowboat leaving the dock of a lake .,5
493542985_c85ad29ebe.jpg,person_replacement,a girl is rowing in a lake,a boy is rowing in a lake,A girl is rowing in a lake . ||| a girl sits on a skinny canoe . ||| A woman sits in a rowing scull and looks behind her at a dock . ||| A woman sitting in a rowboat ||| Girl in a thin rowboat leaving the dock of a lake .,5
493542985_c85ad29ebe.jpg,negation,a girl is rowing in a lake,a girl is not rowing in a lake,A girl is rowing in a lake . ||| a girl sits on a skinny canoe . ||| A woman sits in a rowing scull and looks behind her at a dock . ||| A woman sitting in a rowboat ||| Girl in a thin rowboat leaving the dock of a lake .,5
493542985_c85ad29ebe.jpg,hallucination,a girl is rowing in a lake,a girl is rowing in a lake with an umbrella,A girl is rowing in a lake . ||| a girl sits on a skinny canoe . ||| A woman sits in a rowing scull and looks behind her at a dock . ||| A woman sitting in a rowboat ||| Girl in a thin rowboat leaving the dock of a lake .,5
2303016989_0deb96c8d9.jpg,original,a black and white dog is catching a red and green object in his mouth,a black and white dog is catching a red and green object in his mouth,A black and white dog is catching a red and green object in his mouth . ||| A black and white dog is running through the field to catch something in its mouth . ||| A dog catching a flexable Frisbee in its mouth . ||| A small black and white dog jumps with an object in its mouth . ||| The black and white dog leaps to catch a toy .,5
2303016989_0deb96c8d9.jpg,object_replacement,a black and white dog is catching a red and green object in his mouth,a black and white cat is catching a red and green object in his mouth,A black and white dog is catching a red and green object in his mouth . ||| A black and white dog is running through the field to catch something in its mouth . ||| A dog catching a flexable Frisbee in its mouth . ||| A small black and white dog jumps with an object in its mouth . ||| The black and white dog leaps to catch a toy .,5
2303016989_0deb96c8d9.jpg,negation,a black and white dog is catching a red and green object in his mouth,a black and white dog is not catching a red and green object in his mouth,A black and white dog is catching a red and green object in his mouth . ||| A black and white dog is running through the field to catch something in its mouth . ||| A dog catching a flexable Frisbee in its mouth . ||| A small black and white dog jumps with an object in its mouth . ||| The black and white dog leaps to catch a toy .,5
2303016989_0deb96c8d9.jpg,hallucination,a black and white dog is catching a red and green object in his mouth,a black and white dog is catching a red and green object in his mouth with a television,A black and white dog is catching a red and green object in his mouth . ||| A black and white dog is running through the field to catch something in its mouth . ||| A dog catching a flexable Frisbee in its mouth . ||| A small black and white dog jumps with an object in its mouth . ||| The black and white dog leaps to catch a toy .,5
540604040_bec822c144.jpg,original,a girl sliding down a pole,a girl sliding down a pole,A girl sliding down a pole ||| A small child with a ponytail dressed in jean shorts and a pink and brown shirt climbs on a pole near wooden playground equipment . ||| A young asian girl is sliding down a pole on outdoor playground equipment . ||| A young girl slides down a bar in a play structure . ||| A young girl sliding down a black pole .,5
540604040_bec822c144.jpg,person_replacement,a girl sliding down a pole,a boy sliding down a pole,A girl sliding down a pole ||| A small child with a ponytail dressed in jean shorts and a pink and brown shirt climbs on a pole near wooden playground equipment . ||| A young asian girl is sliding down a pole on outdoor playground equipment . ||| A young girl slides down a bar in a play structure . ||| A young girl sliding down a black pole .,5
540604040_bec822c144.jpg,hallucination,a girl sliding down a pole,a girl sliding down a pole with a television,A girl sliding down a pole ||| A small child with a ponytail dressed in jean shorts and a pink and brown shirt climbs on a pole near wooden playground equipment . ||| A young asian girl is sliding down a pole on outdoor playground equipment . ||| A young girl slides down a bar in a play structure . ||| A young girl sliding down a black pole .,5
2735979477_eef7c680f9.jpg,original,a tan dog and larger white dog run along the grass,a tan dog and larger white dog run along the grass,"A tan dog and larger white dog run along the grass . ||| Two big dogs , brown and tan , are running in grass . ||| Two dogs running on grass ||| Two golden retreiver dogs are running on the grass . ||| Two large dogs running in some grass .",5
2735979477_eef7c680f9.jpg,object_replacement,a tan dog and larger white dog run along the grass,a tan cat and larger white dog run along the grass,"A tan dog and larger white dog run along the grass . ||| Two big dogs , brown and tan , are running in grass . ||| Two dogs running on grass ||| Two golden retreiver dogs are running on the grass . ||| Two large dogs running in some grass .",5
2735979477_eef7c680f9.jpg,hallucination,a tan dog and larger white dog run along the grass,a tan dog and larger white dog run along the grass with a helicopter,"A tan dog and larger white dog run along the grass . ||| Two big dogs , brown and tan , are running in grass . ||| Two dogs running on grass ||| Two golden retreiver dogs are running on the grass . ||| Two large dogs running in some grass .",5
2053441349_a98b5fc742.jpg,original,a dog in a field of colorful flowers,a dog in a field of colorful flowers,A dog in a field of colorful flowers . ||| A large brown dog is running through a field of flowers . ||| A tan dog walks through a field of colorful flowers . ||| Dog runs through field of flowers ||| The brown dog walks through the flowers .,5
2053441349_a98b5fc742.jpg,object_replacement,a dog in a field of colorful flowers,a cat in a field of colorful flowers,A dog in a field of colorful flowers . ||| A large brown dog is running through a field of flowers . ||| A tan dog walks through a field of colorful flowers . ||| Dog runs through field of flowers ||| The brown dog walks through the flowers .,5
2053441349_a98b5fc742.jpg,hallucination,a dog in a field of colorful flowers,a dog in a field of colorful flowers with a television,A dog in a field of colorful flowers . ||| A large brown dog is running through a field of flowers . ||| A tan dog walks through a field of colorful flowers . ||| Dog runs through field of flowers ||| The brown dog walks through the flowers .,5
244910177_7c4ec3f65b.jpg,original,three woman walk down a city street and one has a pink purse,three woman walk down a city street and one has a pink purse,"Three woman walk down a city street and one has a pink purse . ||| Three women , two with tattoos , walking down the street ||| Women are walking through the street drinking iced coffee . ||| Women walk down a buzy sidewalk . ||| Women walking down the street .",5
244910177_7c4ec3f65b.jpg,person_replacement,three woman walk down a city street and one has a pink purse,three man walk down a city street and one has a pink purse,"Three woman walk down a city street and one has a pink purse . ||| Three women , two with tattoos , walking down the street ||| Women are walking through the street drinking iced coffee . ||| Women walk down a buzy sidewalk . ||| Women walking down the street .",5
244910177_7c4ec3f65b.jpg,color_replacement,three woman walk down a city street and one has a pink purse,three woman walk down a city street and one has a purple purse,"Three woman walk down a city street and one has a pink purse . ||| Three women , two with tattoos , walking down the street ||| Women are walking through the street drinking iced coffee . ||| Women walk down a buzy sidewalk . ||| Women walking down the street .",5
244910177_7c4ec3f65b.jpg,hallucination,three woman walk down a city street and one has a pink purse,three woman walk down a city street and one has a pink purse with an umbrella,"Three woman walk down a city street and one has a pink purse . ||| Three women , two with tattoos , walking down the street ||| Women are walking through the street drinking iced coffee . ||| Women walk down a buzy sidewalk . ||| Women walking down the street .",5
2290589734_b588471345.jpg,original,one boy in a black shirt is grabbing the flag of the boy in the red shirt with the football,one boy in a black shirt is grabbing the flag of the boy in the red shirt with the football,One boy in a black shirt is grabbing the flag of the boy in the red shirt with the football . ||| Two boys are playing flag football . ||| Two boys playing a game of flag football . ||| Two boys with mouthguards and one is holding a football while the other reaches for him . ||| Young football players with mouthguards .,5
2290589734_b588471345.jpg,person_replacement,one boy in a black shirt is grabbing the flag of the boy in the red shirt with the football,one girl in a black shirt is grabbing the flag of the boy in the red shirt with the football,One boy in a black shirt is grabbing the flag of the boy in the red shirt with the football . ||| Two boys are playing flag football . ||| Two boys playing a game of flag football . ||| Two boys with mouthguards and one is holding a football while the other reaches for him . ||| Young football players with mouthguards .,5
2290589734_b588471345.jpg,color_replacement,one boy in a black shirt is grabbing the flag of the boy in the red shirt with the football,one boy in a black shirt is grabbing the flag of the boy in the blue shirt with the football,One boy in a black shirt is grabbing the flag of the boy in the red shirt with the football . ||| Two boys are playing flag football . ||| Two boys playing a game of flag football . ||| Two boys with mouthguards and one is holding a football while the other reaches for him . ||| Young football players with mouthguards .,5
2290589734_b588471345.jpg,negation,one boy in a black shirt is grabbing the flag of the boy in the red shirt with the football,one boy in a black shirt is not grabbing the flag of the boy in the red shirt with the football,One boy in a black shirt is grabbing the flag of the boy in the red shirt with the football . ||| Two boys are playing flag football . ||| Two boys playing a game of flag football . ||| Two boys with mouthguards and one is holding a football while the other reaches for him . ||| Young football players with mouthguards .,5
2290589734_b588471345.jpg,hallucination,one boy in a black shirt is grabbing the flag of the boy in the red shirt with the football,one boy in a black shirt is grabbing the flag of the boy in the red shirt with the football with a television,One boy in a black shirt is grabbing the flag of the boy in the red shirt with the football . ||| Two boys are playing flag football . ||| Two boys playing a game of flag football . ||| Two boys with mouthguards and one is holding a football while the other reaches for him . ||| Young football players with mouthguards .,5
3685373706_37f2ced9ff.jpg,original,a man is shirtless and is covered in red marks,a man is shirtless and is covered in red marks,A man is shirtless and is covered in red marks . ||| A man with several red marks on his body is holding a flag while people in the background are cheering ||| A shirtless man covered in red lipstick kisses waving a blue flag . ||| A shirtless man waaves a flag . ||| A shirtless man with red paint on his torso holding a stick .,5
3685373706_37f2ced9ff.jpg,person_replacement,a man is shirtless and is covered in red marks,a woman is shirtless and is covered in red marks,A man is shirtless and is covered in red marks . ||| A man with several red marks on his body is holding a flag while people in the background are cheering ||| A shirtless man covered in red lipstick kisses waving a blue flag . ||| A shirtless man waaves a flag . ||| A shirtless man with red paint on his torso holding a stick .,5
3685373706_37f2ced9ff.jpg,color_replacement,a man is shirtless and is covered in red marks,a man is shirtless and is covered in blue marks,A man is shirtless and is covered in red marks . ||| A man with several red marks on his body is holding a flag while people in the background are cheering ||| A shirtless man covered in red lipstick kisses waving a blue flag . ||| A shirtless man waaves a flag . ||| A shirtless man with red paint on his torso holding a stick .,5
3685373706_37f2ced9ff.jpg,hallucination,a man is shirtless and is covered in red marks,a man is shirtless and is covered in red marks with a traffic cone,A man is shirtless and is covered in red marks . ||| A man with several red marks on his body is holding a flag while people in the background are cheering ||| A shirtless man covered in red lipstick kisses waving a blue flag . ||| A shirtless man waaves a flag . ||| A shirtless man with red paint on his torso holding a stick .,5
382701159_f98c1988cd.jpg,original,a man fishes in the ocean,a man fishes in the ocean,"a man fishes in the ocean . ||| A man fly fishes in the ocean . ||| A man fly fishing . ||| A man is fishing in knee-high waves of water . ||| The person is fishing , with waves splashing around him .",5
382701159_f98c1988cd.jpg,person_replacement,a man fishes in the ocean,a woman fishes in the ocean,"a man fishes in the ocean . ||| A man fly fishes in the ocean . ||| A man fly fishing . ||| A man is fishing in knee-high waves of water . ||| The person is fishing , with waves splashing around him .",5
382701159_f98c1988cd.jpg,hallucination,a man fishes in the ocean,a man fishes in the ocean with an umbrella,"a man fishes in the ocean . ||| A man fly fishes in the ocean . ||| A man fly fishing . ||| A man is fishing in knee-high waves of water . ||| The person is fishing , with waves splashing around him .",5
3053415073_5b667230ed.jpg,original,a person on skis on a rail at night,a person on skis on a rail at night,A person on skis on a rail at night . ||| A skier in electric green on the edge of a ramp made of metal bars . ||| A skier slides along a metal rail . ||| A yellow uniformed skier is performing a trick across a railed object . ||| The skier is wearing a yellow jumpsuit and sliding across a yellow rail .,5
3053415073_5b667230ed.jpg,hallucination,a person on skis on a rail at night,a person on skis on a rail at night with a traffic cone,A person on skis on a rail at night . ||| A skier in electric green on the edge of a ramp made of metal bars . ||| A skier slides along a metal rail . ||| A yellow uniformed skier is performing a trick across a railed object . ||| The skier is wearing a yellow jumpsuit and sliding across a yellow rail .,5
1287475186_2dee85f1a5.jpg,original,a boy sitting in water,a boy sitting in water,A boy sitting in water . ||| A small boy is sitting in the water and water is splashing up through his legs . ||| A young boy in a swimming suit sits in water . ||| A young boy sitting on a water jet in a pool . ||| Little boy sitting in water with a fountain coming up through his lap .,5
1287475186_2dee85f1a5.jpg,person_replacement,a boy sitting in water,a girl sitting in water,A boy sitting in water . ||| A small boy is sitting in the water and water is splashing up through his legs . ||| A young boy in a swimming suit sits in water . ||| A young boy sitting on a water jet in a pool . ||| Little boy sitting in water with a fountain coming up through his lap .,5
1287475186_2dee85f1a5.jpg,hallucination,a boy sitting in water,a boy sitting in water with a television,A boy sitting in water . ||| A small boy is sitting in the water and water is splashing up through his legs . ||| A young boy in a swimming suit sits in water . ||| A young boy sitting on a water jet in a pool . ||| Little boy sitting in water with a fountain coming up through his lap .,5
769260947_02bc973d76.jpg,original,a dog stands shoulder deep in muddy water,a dog stands shoulder deep in muddy water,A dog stands shoulder deep in muddy water . ||| A dog with white fur is moving through deep murky water . ||| A light tan dog swimming through swampy water . ||| A white dog is standing in mud up to its neck ||| A white dog is wading in natural water with algae .,5
769260947_02bc973d76.jpg,object_replacement,a dog stands shoulder deep in muddy water,a cat stands shoulder deep in muddy water,A dog stands shoulder deep in muddy water . ||| A dog with white fur is moving through deep murky water . ||| A light tan dog swimming through swampy water . ||| A white dog is standing in mud up to its neck ||| A white dog is wading in natural water with algae .,5
769260947_02bc973d76.jpg,hallucination,a dog stands shoulder deep in muddy water,a dog stands shoulder deep in muddy water with a suitcase,A dog stands shoulder deep in muddy water . ||| A dog with white fur is moving through deep murky water . ||| A light tan dog swimming through swampy water . ||| A white dog is standing in mud up to its neck ||| A white dog is wading in natural water with algae .,5
3375134059_7e9eb2ef01.jpg,original,one dog on the ground and another dog standing above it,one dog on the ground and another dog standing above it,"One dog on the ground and another dog standing above it . ||| Two beige dogs play in the grass . ||| Two dogs in a field , facing each other . ||| Two dogs play with one another on the grass . ||| two tan dogs play in the grass",5
3375134059_7e9eb2ef01.jpg,object_replacement,one dog on the ground and another dog standing above it,one cat on the ground and another dog standing above it,"One dog on the ground and another dog standing above it . ||| Two beige dogs play in the grass . ||| Two dogs in a field , facing each other . ||| Two dogs play with one another on the grass . ||| two tan dogs play in the grass",5
3375134059_7e9eb2ef01.jpg,hallucination,one dog on the ground and another dog standing above it,one dog on the ground and another dog standing above it with a helicopter,"One dog on the ground and another dog standing above it . ||| Two beige dogs play in the grass . ||| Two dogs in a field , facing each other . ||| Two dogs play with one another on the grass . ||| two tan dogs play in the grass",5
494329594_6e751372a0.jpg,original,a black woman in a pink bikini is sitting on a towel on a lounge chair,a black woman in a pink bikini is sitting on a towel on a lounge chair,"A black woman in a pink bikini is sitting on a towel on a lounge chair . ||| A girl with hot pink toe nails and bathing suit is laying on a hot pink towel . ||| A woman in a pink bikini is laying on a deck lounge chair that is covered with a pink towel . ||| There is a very oiled darker woman on a pink towel , lounging on a lawn chair next to her flip flops and suntan lotion . ||| Woman in pink is suntanning",5
494329594_6e751372a0.jpg,person_replacement,a black woman in a pink bikini is sitting on a towel on a lounge chair,a black man in a pink bikini is sitting on a towel on a lounge chair,"A black woman in a pink bikini is sitting on a towel on a lounge chair . ||| A girl with hot pink toe nails and bathing suit is laying on a hot pink towel . ||| A woman in a pink bikini is laying on a deck lounge chair that is covered with a pink towel . ||| There is a very oiled darker woman on a pink towel , lounging on a lawn chair next to her flip flops and suntan lotion . ||| Woman in pink is suntanning",5
494329594_6e751372a0.jpg,color_replacement,a black woman in a pink bikini is sitting on a towel on a lounge chair,a black woman in a purple bikini is sitting on a towel on a lounge chair,"A black woman in a pink bikini is sitting on a towel on a lounge chair . ||| A girl with hot pink toe nails and bathing suit is laying on a hot pink towel . ||| A woman in a pink bikini is laying on a deck lounge chair that is covered with a pink towel . ||| There is a very oiled darker woman on a pink towel , lounging on a lawn chair next to her flip flops and suntan lotion . ||| Woman in pink is suntanning",5
494329594_6e751372a0.jpg,negation,a black woman in a pink bikini is sitting on a towel on a lounge chair,a black woman in a pink bikini is not sitting on a towel on a lounge chair,"A black woman in a pink bikini is sitting on a towel on a lounge chair . ||| A girl with hot pink toe nails and bathing suit is laying on a hot pink towel . ||| A woman in a pink bikini is laying on a deck lounge chair that is covered with a pink towel . ||| There is a very oiled darker woman on a pink towel , lounging on a lawn chair next to her flip flops and suntan lotion . ||| Woman in pink is suntanning",5
494329594_6e751372a0.jpg,hallucination,a black woman in a pink bikini is sitting on a towel on a lounge chair,a black woman in a pink bikini is sitting on a towel on a lounge chair with an umbrella,"A black woman in a pink bikini is sitting on a towel on a lounge chair . ||| A girl with hot pink toe nails and bathing suit is laying on a hot pink towel . ||| A woman in a pink bikini is laying on a deck lounge chair that is covered with a pink towel . ||| There is a very oiled darker woman on a pink towel , lounging on a lawn chair next to her flip flops and suntan lotion . ||| Woman in pink is suntanning",5
599366440_a238e805cf.jpg,original,a black and white dog has pinned a brown dog to the ground in front of a wishing well,a black and white dog has pinned a brown dog to the ground in front of a wishing well,A black and white dog has pinned a brown dog to the ground in front of a wishing well . ||| A white dog is trying to play with a brown dog . ||| A white spotted dog plays with a brown dog on the green grass . ||| Two dogs play together on the grass in front of a small stone well . ||| Two dogs wrestling on a green lawn .,5
599366440_a238e805cf.jpg,object_replacement,a black and white dog has pinned a brown dog to the ground in front of a wishing well,a black and white cat has pinned a brown dog to the ground in front of a wishing well,A black and white dog has pinned a brown dog to the ground in front of a wishing well . ||| A white dog is trying to play with a brown dog . ||| A white spotted dog plays with a brown dog on the green grass . ||| Two dogs play together on the grass in front of a small stone well . ||| Two dogs wrestling on a green lawn .,5
599366440_a238e805cf.jpg,hallucination,a black and white dog has pinned a brown dog to the ground in front of a wishing well,a black and white dog has pinned a brown dog to the ground in front of a wishing well with a traffic cone,A black and white dog has pinned a brown dog to the ground in front of a wishing well . ||| A white dog is trying to play with a brown dog . ||| A white spotted dog plays with a brown dog on the green grass . ||| Two dogs play together on the grass in front of a small stone well . ||| Two dogs wrestling on a green lawn .,5
3182258223_5b9c8a8c55.jpg,original,a woman in shadow looks at the camera while the one in the sun looks at a book,a woman in shadow looks at the camera while the one in the sun looks at a book,A woman in shadow looks at the camera while the one in the sun looks at a book . ||| Girl stands reading a notebook . ||| Two girls stand up against a red wall . ||| Two young girls with headscarves stand near a door while one reads a book . ||| Two young women wearing black head scarves and colorful skirts stand near a red door .,5
3182258223_5b9c8a8c55.jpg,person_replacement,a woman in shadow looks at the camera while the one in the sun looks at a book,a man in shadow looks at the camera while the one in the sun looks at a book,A woman in shadow looks at the camera while the one in the sun looks at a book . ||| Girl stands reading a notebook . ||| Two girls stand up against a red wall . ||| Two young girls with headscarves stand near a door while one reads a book . ||| Two young women wearing black head scarves and colorful skirts stand near a red door .,5
3182258223_5b9c8a8c55.jpg,hallucination,a woman in shadow looks at the camera while the one in the sun looks at a book,a woman in shadow looks at the camera while the one in the sun looks at a book with a suitcase,A woman in shadow looks at the camera while the one in the sun looks at a book . ||| Girl stands reading a notebook . ||| Two girls stand up against a red wall . ||| Two young girls with headscarves stand near a door while one reads a book . ||| Two young women wearing black head scarves and colorful skirts stand near a red door .,5
380041023_0dfd712ef1.jpg,original,a brown and black dog runs through the leaves,a brown and black dog runs through the leaves,A brown and black dog runs through the leaves . ||| A brown dog is running . ||| A brown dog with a red collar jumping across a leafy lawn . ||| A dog with a brindle-colored coat is running across the yard . ||| The brown dog is wearing a red collar .,5
380041023_0dfd712ef1.jpg,object_replacement,a brown and black dog runs through the leaves,a brown and black cat runs through the leaves,A brown and black dog runs through the leaves . ||| A brown dog is running . ||| A brown dog with a red collar jumping across a leafy lawn . ||| A dog with a brindle-colored coat is running across the yard . ||| The brown dog is wearing a red collar .,5
380041023_0dfd712ef1.jpg,hallucination,a brown and black dog runs through the leaves,a brown and black dog runs through the leaves with a suitcase,A brown and black dog runs through the leaves . ||| A brown dog is running . ||| A brown dog with a red collar jumping across a leafy lawn . ||| A dog with a brindle-colored coat is running across the yard . ||| The brown dog is wearing a red collar .,5
1000268201_693b08cb0e.jpg,original,a child in a pink dress is climbing up a set of stairs in an entry way,a child in a pink dress is climbing up a set of stairs in an entry way,A child in a pink dress is climbing up a set of stairs in an entry way . ||| A girl going into a wooden building . ||| A little girl climbing into a wooden playhouse . ||| A little girl climbing the stairs to her playhouse . ||| A little girl in a pink dress going into a wooden cabin .,5
1000268201_693b08cb0e.jpg,color_replacement,a child in a pink dress is climbing up a set of stairs in an entry way,a child in a purple dress is climbing up a set of stairs in an entry way,A child in a pink dress is climbing up a set of stairs in an entry way . ||| A girl going into a wooden building . ||| A little girl climbing into a wooden playhouse . ||| A little girl climbing the stairs to her playhouse . ||| A little girl in a pink dress going into a wooden cabin .,5
1000268201_693b08cb0e.jpg,negation,a child in a pink dress is climbing up a set of stairs in an entry way,a child in a pink dress is not climbing up a set of stairs in an entry way,A child in a pink dress is climbing up a set of stairs in an entry way . ||| A girl going into a wooden building . ||| A little girl climbing into a wooden playhouse . ||| A little girl climbing the stairs to her playhouse . ||| A little girl in a pink dress going into a wooden cabin .,5
1000268201_693b08cb0e.jpg,hallucination,a child in a pink dress is climbing up a set of stairs in an entry way,a child in a pink dress is climbing up a set of stairs in an entry way with an umbrella,A child in a pink dress is climbing up a set of stairs in an entry way . ||| A girl going into a wooden building . ||| A little girl climbing into a wooden playhouse . ||| A little girl climbing the stairs to her playhouse . ||| A little girl in a pink dress going into a wooden cabin .,5
3669564923_8fcb1a6eff.jpg,original,the girls are both eating and the girl wearing the color red has cake icing on her upper lip,the girls are both eating and the girl wearing the color red has cake icing on her upper lip,The girls are both eating and the girl wearing the color red has cake icing on her upper lip . ||| Two girls are eating cake and one has blue icing on her face . ||| Two girls play with their food for the camera . ||| Two little girls are eating and making a mess . ||| Two young girls having fun while eating .,5
3669564923_8fcb1a6eff.jpg,person_replacement,the girls are both eating and the girl wearing the color red has cake icing on her upper lip,the girls are both eating and the boy wearing the color red has cake icing on her upper lip,The girls are both eating and the girl wearing the color red has cake icing on her upper lip . ||| Two girls are eating cake and one has blue icing on her face . ||| Two girls play with their food for the camera . ||| Two little girls are eating and making a mess . ||| Two young girls having fun while eating .,5
3669564923_8fcb1a6eff.jpg,color_replacement,the girls are both eating and the girl wearing the color red has cake icing on her upper lip,the girls are both eating and the girl wearing the color blue has cake icing on her upper lip,The girls are both eating and the girl wearing the color red has cake icing on her upper lip . ||| Two girls are eating cake and one has blue icing on her face . ||| Two girls play with their food for the camera . ||| Two little girls are eating and making a mess . ||| Two young girls having fun while eating .,5
3669564923_8fcb1a6eff.jpg,hallucination,the girls are both eating and the girl wearing the color red has cake icing on her upper lip,the girls are both eating and the girl wearing the color red has cake icing on her upper lip with an umbrella,The girls are both eating and the girl wearing the color red has cake icing on her upper lip . ||| Two girls are eating cake and one has blue icing on her face . ||| Two girls play with their food for the camera . ||| Two little girls are eating and making a mess . ||| Two young girls having fun while eating .,5
2952320230_26601173be.jpg,original,a female tennis player swings for the ball,a female tennis player swings for the ball,A female tennis player swings for the ball . ||| A woman intensely playing tennis in an all-white outfit . ||| A woman swinging a tennis racket on the court . ||| The tennis player dressed in white swings the racket . ||| The woman is dressed in all white swinging a tennis racket .,5
2952320230_26601173be.jpg,object_replacement,a female tennis player swings for the ball,a female tennis player swings for the book,A female tennis player swings for the ball . ||| A woman intensely playing tennis in an all-white outfit . ||| A woman swinging a tennis racket on the court . ||| The tennis player dressed in white swings the racket . ||| The woman is dressed in all white swinging a tennis racket .,5
2952320230_26601173be.jpg,hallucination,a female tennis player swings for the ball,a female tennis player swings for the ball with a suitcase,A female tennis player swings for the ball . ||| A woman intensely playing tennis in an all-white outfit . ||| A woman swinging a tennis racket on the court . ||| The tennis player dressed in white swings the racket . ||| The woman is dressed in all white swinging a tennis racket .,5
3600403707_527aa0596e.jpg,original,a garden shop is being perused by shoppers with a sitting shop owner waving,a garden shop is being perused by shoppers with a sitting shop owner waving,A garden shop is being perused by shoppers with a sitting shop owner waving . ||| A man waves to the camera from inside a greenhouse section of a farm products store . ||| a man wearing a grey shirt waving in the middle of a plant nursery ||| People browse for herbs at a greenhouse . ||| Racks of plants at the farm products store .,5
3600403707_527aa0596e.jpg,negation,a garden shop is being perused by shoppers with a sitting shop owner waving,a garden shop is not being perused by shoppers with a sitting shop owner waving,A garden shop is being perused by shoppers with a sitting shop owner waving . ||| A man waves to the camera from inside a greenhouse section of a farm products store . ||| a man wearing a grey shirt waving in the middle of a plant nursery ||| People browse for herbs at a greenhouse . ||| Racks of plants at the farm products store .,5
3600403707_527aa0596e.jpg,hallucination,a garden shop is being perused by shoppers with a sitting shop owner waving,a garden shop is being perused by shoppers with a sitting shop owner waving with a helicopter,A garden shop is being perused by shoppers with a sitting shop owner waving . ||| A man waves to the camera from inside a greenhouse section of a farm products store . ||| a man wearing a grey shirt waving in the middle of a plant nursery ||| People browse for herbs at a greenhouse . ||| Racks of plants at the farm products store .,5
3256043809_47258e0b3e.jpg,original,a brown and white dog is sniffing the snow covered ground,a brown and white dog is sniffing the snow covered ground,a brown and white dog is sniffing the snow covered ground . ||| A brown and white dog walking in the snow near a fence . ||| A brown & white greyhound dog sniffs the snow . ||| A lean white and brown dog makes its way through a patch of snow . ||| A slender dog checks out a snowy patch of land .,5
3256043809_47258e0b3e.jpg,object_replacement,a brown and white dog is sniffing the snow covered ground,a brown and white cat is sniffing the snow covered ground,a brown and white dog is sniffing the snow covered ground . ||| A brown and white dog walking in the snow near a fence . ||| A brown & white greyhound dog sniffs the snow . ||| A lean white and brown dog makes its way through a patch of snow . ||| A slender dog checks out a snowy patch of land .,5
3256043809_47258e0b3e.jpg,negation,a brown and white dog is sniffing the snow covered ground,a brown and white dog is not sniffing the snow covered ground,a brown and white dog is sniffing the snow covered ground . ||| A brown and white dog walking in the snow near a fence . ||| A brown & white greyhound dog sniffs the snow . ||| A lean white and brown dog makes its way through a patch of snow . ||| A slender dog checks out a snowy patch of land .,5
3256043809_47258e0b3e.jpg,hallucination,a brown and white dog is sniffing the snow covered ground,a brown and white dog is sniffing the snow covered ground with a helicopter,a brown and white dog is sniffing the snow covered ground . ||| A brown and white dog walking in the snow near a fence . ||| A brown & white greyhound dog sniffs the snow . ||| A lean white and brown dog makes its way through a patch of snow . ||| A slender dog checks out a snowy patch of land .,5
3481859121_3d3e566ec0.jpg,original,a group of people sitting on a sidewalk,a group of people sitting on a sidewalk,A group of people sitting on a sidewalk . ||| Girls sit on benches . ||| The girl is wearing silver shoes and a pink jacket . ||| The girls take a break in the afternoon . ||| Two teenage girls are texting in the park .,5
3481859121_3d3e566ec0.jpg,hallucination,a group of people sitting on a sidewalk,a group of people sitting on a sidewalk with a traffic cone,A group of people sitting on a sidewalk . ||| Girls sit on benches . ||| The girl is wearing silver shoes and a pink jacket . ||| The girls take a break in the afternoon . ||| Two teenage girls are texting in the park .,5
3482237861_605b4f0fd9.jpg,original,a boy is riding a scooter down the concrete path,a boy is riding a scooter down the concrete path,A boy is riding a scooter down the concrete path . ||| A child on a scooter moving down the sidewalk . ||| A youth rides a scooter on a sidewalk near a building . ||| The boy is riding his scooter on the sidewalk . ||| Young boy rides his scooter on drive .,5
3482237861_605b4f0fd9.jpg,person_replacement,a boy is riding a scooter down the concrete path,a girl is riding a scooter down the concrete path,A boy is riding a scooter down the concrete path . ||| A child on a scooter moving down the sidewalk . ||| A youth rides a scooter on a sidewalk near a building . ||| The boy is riding his scooter on the sidewalk . ||| Young boy rides his scooter on drive .,5
3482237861_605b4f0fd9.jpg,action_replacement,a boy is riding a scooter down the concrete path,a boy is carrying a scooter down the concrete path,A boy is riding a scooter down the concrete path . ||| A child on a scooter moving down the sidewalk . ||| A youth rides a scooter on a sidewalk near a building . ||| The boy is riding his scooter on the sidewalk . ||| Young boy rides his scooter on drive .,5
3482237861_605b4f0fd9.jpg,negation,a boy is riding a scooter down the concrete path,a boy is not riding a scooter down the concrete path,A boy is riding a scooter down the concrete path . ||| A child on a scooter moving down the sidewalk . ||| A youth rides a scooter on a sidewalk near a building . ||| The boy is riding his scooter on the sidewalk . ||| Young boy rides his scooter on drive .,5
3482237861_605b4f0fd9.jpg,hallucination,a boy is riding a scooter down the concrete path,a boy is riding a scooter down the concrete path with a helicopter,A boy is riding a scooter down the concrete path . ||| A child on a scooter moving down the sidewalk . ||| A youth rides a scooter on a sidewalk near a building . ||| The boy is riding his scooter on the sidewalk . ||| Young boy rides his scooter on drive .,5
3429465163_fb8ac7ce7f.jpg,original,a child in a red and grey coat in front of a wooden shed,a child in a red and grey coat in front of a wooden shed,A child in a red and grey coat in front of a wooden shed . ||| A child 's shadow is shown behind him . ||| A little boy in a thick jacket stands with his hand high over his head . ||| The little boy in the red jacket is casting a shadow . ||| This boy is waving around his arms outside .,5
3429465163_fb8ac7ce7f.jpg,hallucination,a child in a red and grey coat in front of a wooden shed,a child in a red and grey coat in front of a wooden shed with a suitcase,A child in a red and grey coat in front of a wooden shed . ||| A child 's shadow is shown behind him . ||| A little boy in a thick jacket stands with his hand high over his head . ||| The little boy in the red jacket is casting a shadow . ||| This boy is waving around his arms outside .,5
3150315970_8f045c41a4.jpg,original,a couple leaning over a concrete railing inside of a building,a couple leaning over a concrete railing inside of a building,A man and a woman are looking at each other while standing on an elaborate indoor balcony . ||| A man and a woman looking over a balcony at an elegant building ||| A man and woman are gazing at each other on a balcony inside a building . ||| A man and woman stand at a balcony looking at each other .,4
3150315970_8f045c41a4.jpg,hallucination,a couple leaning over a concrete railing inside of a building,a couple leaning over a concrete railing inside of a building with a suitcase,A man and a woman are looking at each other while standing on an elaborate indoor balcony . ||| A man and a woman looking over a balcony at an elegant building ||| A man and woman are gazing at each other on a balcony inside a building . ||| A man and woman stand at a balcony looking at each other .,4
292780636_72e1968949.jpg,original,a man in a black coat and hat sits by an old building,a man in a black coat and hat sits by an old building,A man in a black coat and hat sits by an old building . ||| A man with a black hat sits against a brick building . ||| An old man in a black coat and hat leans against a brick building . ||| Old man in black coat and hat sitting against brick building . ||| White haired man in black hat and coat sitting against brick wall .,5
292780636_72e1968949.jpg,person_replacement,a man in a black coat and hat sits by an old building,a woman in a black coat and hat sits by an old building,A man in a black coat and hat sits by an old building . ||| A man with a black hat sits against a brick building . ||| An old man in a black coat and hat leans against a brick building . ||| Old man in black coat and hat sitting against brick building . ||| White haired man in black hat and coat sitting against brick wall .,5
292780636_72e1968949.jpg,hallucination,a man in a black coat and hat sits by an old building,a man in a black coat and hat sits by an old building with a television,A man in a black coat and hat sits by an old building . ||| A man with a black hat sits against a brick building . ||| An old man in a black coat and hat leans against a brick building . ||| Old man in black coat and hat sitting against brick building . ||| White haired man in black hat and coat sitting against brick wall .,5
766061382_6c7ff514c4.jpg,original,a bare chested smiling child plays in water,a bare chested smiling child plays in water,"A bare chested smiling child plays in water . ||| A child with shoulder-length brown hair is playing in water outdoors . ||| a topless boy with long hair who is drenched in water , is flexing his muscles whilst smiling . ||| A wet , smiling child without a shirt poses with arms raised . ||| A young boy with long hair plays in the water .",5
766061382_6c7ff514c4.jpg,hallucination,a bare chested smiling child plays in water,a bare chested smiling child plays in water with a suitcase,"A bare chested smiling child plays in water . ||| A child with shoulder-length brown hair is playing in water outdoors . ||| a topless boy with long hair who is drenched in water , is flexing his muscles whilst smiling . ||| A wet , smiling child without a shirt poses with arms raised . ||| A young boy with long hair plays in the water .",5
2630806789_6835bbae95.jpg,original,an orange canoe aimed toward two other canoes on a lake,an orange canoe aimed toward two other canoes on a lake,"An orange canoe aimed toward two other canoes on a lake . ||| Several orange kayakers row in a mountain lake . ||| Three kayaks are out on the water with a mountain in the background . ||| Two canoes cross the water , behind them are some houses . ||| View of a mountain as seen from a kayak .",5
2630806789_6835bbae95.jpg,hallucination,an orange canoe aimed toward two other canoes on a lake,an orange canoe aimed toward two other canoes on a lake with a helicopter,"An orange canoe aimed toward two other canoes on a lake . ||| Several orange kayakers row in a mountain lake . ||| Three kayaks are out on the water with a mountain in the background . ||| Two canoes cross the water , behind them are some houses . ||| View of a mountain as seen from a kayak .",5
3128514681_a51b415c31.jpg,original,two ladies wearing dresses pose on the side of the road at night,two ladies wearing dresses pose on the side of the road at night,Two ladies wearing dresses pose on the side of the road at night . ||| Two woman wearing dresses stand in the street and pose . ||| Two women in dresses pose on a street . ||| Two women on the side of a road . ||| Two women wearing dresses and heels posing under hanging lights on a street .,5
3128514681_a51b415c31.jpg,hallucination,two ladies wearing dresses pose on the side of the road at night,two ladies wearing dresses pose on the side of the road at night with a traffic cone,Two ladies wearing dresses pose on the side of the road at night . ||| Two woman wearing dresses stand in the street and pose . ||| Two women in dresses pose on a street . ||| Two women on the side of a road . ||| Two women wearing dresses and heels posing under hanging lights on a street .,5
2242863004_3a9f82a31f.jpg,original,a dog attempting to chew on a red ball,a dog attempting to chew on a red ball,A dog attempting to chew on a red ball . ||| A dog with a red ball . ||| A German shepherd is playing with a red ball . ||| A German Shepherd is playing with a red ball . ||| a German Sheppard dog bting a large red ball,5
2242863004_3a9f82a31f.jpg,object_replacement,a dog attempting to chew on a red ball,a cat attempting to chew on a red ball,A dog attempting to chew on a red ball . ||| A dog with a red ball . ||| A German shepherd is playing with a red ball . ||| A German Shepherd is playing with a red ball . ||| a German Sheppard dog bting a large red ball,5
2242863004_3a9f82a31f.jpg,color_replacement,a dog attempting to chew on a red ball,a dog attempting to chew on a blue ball,A dog attempting to chew on a red ball . ||| A dog with a red ball . ||| A German shepherd is playing with a red ball . ||| A German Shepherd is playing with a red ball . ||| a German Sheppard dog bting a large red ball,5
2242863004_3a9f82a31f.jpg,hallucination,a dog attempting to chew on a red ball,a dog attempting to chew on a red ball with a television,A dog attempting to chew on a red ball . ||| A dog with a red ball . ||| A German shepherd is playing with a red ball . ||| A German Shepherd is playing with a red ball . ||| a German Sheppard dog bting a large red ball,5
3304030264_da3dd18c7b.jpg,original,a boy in black pants and green tshirt jumps high with his skateboard,a boy in black pants and green tshirt jumps high with his skateboard,"A boy in black pants and green t-shirt jumps high with his skateboard . ||| A guy on a skateboard , jumping off some steps . ||| A person in a green shirt on a skateboard jumping off of a short set of stairs . ||| a skateboarder in a green shirt is taking a jump of a step in front of a pink building . ||| He is in the air on his skateboard .",5
3304030264_da3dd18c7b.jpg,person_replacement,a boy in black pants and green tshirt jumps high with his skateboard,a girl in black pants and green tshirt jumps high with her skateboard,"A boy in black pants and green t-shirt jumps high with his skateboard . ||| A guy on a skateboard , jumping off some steps . ||| A person in a green shirt on a skateboard jumping off of a short set of stairs . ||| a skateboarder in a green shirt is taking a jump of a step in front of a pink building . ||| He is in the air on his skateboard .",5
3304030264_da3dd18c7b.jpg,hallucination,a boy in black pants and green tshirt jumps high with his skateboard,a boy in black pants and green tshirt jumps high with his skateboard with a helicopter,"A boy in black pants and green t-shirt jumps high with his skateboard . ||| A guy on a skateboard , jumping off some steps . ||| A person in a green shirt on a skateboard jumping off of a short set of stairs . ||| a skateboarder in a green shirt is taking a jump of a step in front of a pink building . ||| He is in the air on his skateboard .",5
2431120202_b24fe2333a.jpg,original,a girl crosscountry skis,a girl crosscountry skis,A girl cross-country skis . ||| A girl on skis in snow . ||| A little girl wearing a purple winter coat and sunglasses skiing in the snow . ||| Little girl on skis ||| The young girl is cross-country skiing .,5
2431120202_b24fe2333a.jpg,person_replacement,a girl crosscountry skis,a boy crosscountry skis,A girl cross-country skis . ||| A girl on skis in snow . ||| A little girl wearing a purple winter coat and sunglasses skiing in the snow . ||| Little girl on skis ||| The young girl is cross-country skiing .,5
2431120202_b24fe2333a.jpg,hallucination,a girl crosscountry skis,a girl crosscountry skis with a traffic cone,A girl cross-country skis . ||| A girl on skis in snow . ||| A little girl wearing a purple winter coat and sunglasses skiing in the snow . ||| Little girl on skis ||| The young girl is cross-country skiing .,5
1419286010_b59af3962a.jpg,original,a fisherman is reeling his rod while another relaxes in a boat on water,a fisherman is reeling his rod while another relaxes in a boat on water,A fisherman is reeling his rod while another relaxes in a boat on water . ||| A man in a gray cap fishing . ||| A man sits in a boat and holds a fishing pole while another lays down . ||| a man wearing a grey hat fishing out of a fishing boat . ||| Two men in a boat fishing .,5
1419286010_b59af3962a.jpg,object_replacement,a fisherman is reeling his rod while another relaxes in a boat on water,a fisherman is reeling his rod while another relaxes in a car on water,A fisherman is reeling his rod while another relaxes in a boat on water . ||| A man in a gray cap fishing . ||| A man sits in a boat and holds a fishing pole while another lays down . ||| a man wearing a grey hat fishing out of a fishing boat . ||| Two men in a boat fishing .,5
1419286010_b59af3962a.jpg,negation,a fisherman is reeling his rod while another relaxes in a boat on water,a fisherman is not reeling his rod while another relaxes in a boat on water,A fisherman is reeling his rod while another relaxes in a boat on water . ||| A man in a gray cap fishing . ||| A man sits in a boat and holds a fishing pole while another lays down . ||| a man wearing a grey hat fishing out of a fishing boat . ||| Two men in a boat fishing .,5
1419286010_b59af3962a.jpg,hallucination,a fisherman is reeling his rod while another relaxes in a boat on water,a fisherman is reeling his rod while another relaxes in a boat on water with a helicopter,A fisherman is reeling his rod while another relaxes in a boat on water . ||| A man in a gray cap fishing . ||| A man sits in a boat and holds a fishing pole while another lays down . ||| a man wearing a grey hat fishing out of a fishing boat . ||| Two men in a boat fishing .,5
370614351_98b8a166b9.jpg,original,a man with a mohawk with his arms in the air,a man with a mohawk with his arms in the air,A man with a Mohawk with his arms in the air . ||| A man with multicolored hair wearing a weird outfit ||| A person in a kilt and a sports jersey and a Mohawk is in a store . ||| Punk rocker buys computer ink in the big-box store . ||| The man with the eccentric clothing and hair poses in a store .,5
370614351_98b8a166b9.jpg,person_replacement,a man with a mohawk with his arms in the air,a woman with a mohawk with her arms in the air,A man with a Mohawk with his arms in the air . ||| A man with multicolored hair wearing a weird outfit ||| A person in a kilt and a sports jersey and a Mohawk is in a store . ||| Punk rocker buys computer ink in the big-box store . ||| The man with the eccentric clothing and hair poses in a store .,5
370614351_98b8a166b9.jpg,hallucination,a man with a mohawk with his arms in the air,a man with a mohawk with his arms in the air with a television,A man with a Mohawk with his arms in the air . ||| A man with multicolored hair wearing a weird outfit ||| A person in a kilt and a sports jersey and a Mohawk is in a store . ||| Punk rocker buys computer ink in the big-box store . ||| The man with the eccentric clothing and hair poses in a store .,5
811662356_f9a632b63c.jpg,original,a child stands near a fence,a child stands near a fence,A child stands near a fence . ||| A small child touches a wooden fence . ||| A toddler boy stands by a wooden fence . ||| A toddler in a white t-shirt is touching the wooden fence . ||| Blond boy touching wooden wall .,5
811662356_f9a632b63c.jpg,hallucination,a child stands near a fence,a child stands near a fence with a suitcase,A child stands near a fence . ||| A small child touches a wooden fence . ||| A toddler boy stands by a wooden fence . ||| A toddler in a white t-shirt is touching the wooden fence . ||| Blond boy touching wooden wall .,5
3547499166_67fb4af4ea.jpg,original,the three people are dancing on a wood floor in kitchen clothing,the three people are dancing on a wood floor in kitchen clothing,The three people are dancing on a wood floor in kitchen clothing . ||| Three dancers dancing in housekeeping clothes . ||| Three people dance together to prepare for a show ||| Two girls and a boy perform a dance . ||| Two girls dressed like waitresses dance along with a man dressed as a chef .,5
3547499166_67fb4af4ea.jpg,negation,the three people are dancing on a wood floor in kitchen clothing,the three people are not dancing on a wood floor in kitchen clothing,The three people are dancing on a wood floor in kitchen clothing . ||| Three dancers dancing in housekeeping clothes . ||| Three people dance together to prepare for a show ||| Two girls and a boy perform a dance . ||| Two girls dressed like waitresses dance along with a man dressed as a chef .,5
3547499166_67fb4af4ea.jpg,hallucination,the three people are dancing on a wood floor in kitchen clothing,the three people are dancing on a wood floor in kitchen clothing with a television,The three people are dancing on a wood floor in kitchen clothing . ||| Three dancers dancing in housekeeping clothes . ||| Three people dance together to prepare for a show ||| Two girls and a boy perform a dance . ||| Two girls dressed like waitresses dance along with a man dressed as a chef .,5
3682277595_55f8b16975.jpg,original,a brown and white dog trots across shallow water with his mouth open,a brown and white dog trots across shallow water with his mouth open,A brown and white dog trots across shallow water with his mouth open . ||| A brown spotted dog walks in shallow water . ||| A greyhound walks in the rain through a large puddle . ||| A white and brown dog is walking through the water . ||| The dog walks through the water .,5
3682277595_55f8b16975.jpg,object_replacement,a brown and white dog trots across shallow water with his mouth open,a brown and white cat trots across shallow water with his mouth open,A brown and white dog trots across shallow water with his mouth open . ||| A brown spotted dog walks in shallow water . ||| A greyhound walks in the rain through a large puddle . ||| A white and brown dog is walking through the water . ||| The dog walks through the water .,5
3682277595_55f8b16975.jpg,hallucination,a brown and white dog trots across shallow water with his mouth open,a brown and white dog trots across shallow water with his mouth open with a suitcase,A brown and white dog trots across shallow water with his mouth open . ||| A brown spotted dog walks in shallow water . ||| A greyhound walks in the rain through a large puddle . ||| A white and brown dog is walking through the water . ||| The dog walks through the water .,5
2528547068_7d37479b9b.jpg,original,a race car drives through a dirtcovered racetrack,a race car drives through a dirtcovered racetrack,A race car drives through a dirt-covered racetrack . ||| A red car emitting smoke while on a paved track . ||| A red race car pulls off the track smoking . ||| A red race car travels down a road marked with red and white striped ribbons . ||| A red rally car taking a slippery turn in a race .,5
2528547068_7d37479b9b.jpg,object_replacement,a race car drives through a dirtcovered racetrack,a race truck drives through a dirtcovered racetrack,A race car drives through a dirt-covered racetrack . ||| A red car emitting smoke while on a paved track . ||| A red race car pulls off the track smoking . ||| A red race car travels down a road marked with red and white striped ribbons . ||| A red rally car taking a slippery turn in a race .,5
2528547068_7d37479b9b.jpg,hallucination,a race car drives through a dirtcovered racetrack,a race car drives through a dirtcovered racetrack with a television,A race car drives through a dirt-covered racetrack . ||| A red car emitting smoke while on a paved track . ||| A red race car pulls off the track smoking . ||| A red race car travels down a road marked with red and white striped ribbons . ||| A red rally car taking a slippery turn in a race .,5
289599470_cc665e2dfb.jpg,original,a black haired girl is eating corn on the cob,a black haired girl is eating corn on the cob,A black haired girl is eating corn on the cob . ||| A man is eating a piece of corn on the cob . ||| A man is nibbling on an ear of corn ||| A person with dark hair is eating a very large ear of corn . ||| The child with black hair is eating corn on the cob .,5
289599470_cc665e2dfb.jpg,person_replacement,a black haired girl is eating corn on the cob,a black haired boy is eating corn on the cob,A black haired girl is eating corn on the cob . ||| A man is eating a piece of corn on the cob . ||| A man is nibbling on an ear of corn ||| A person with dark hair is eating a very large ear of corn . ||| The child with black hair is eating corn on the cob .,5
289599470_cc665e2dfb.jpg,negation,a black haired girl is eating corn on the cob,a black haired girl is not eating corn on the cob,A black haired girl is eating corn on the cob . ||| A man is eating a piece of corn on the cob . ||| A man is nibbling on an ear of corn ||| A person with dark hair is eating a very large ear of corn . ||| The child with black hair is eating corn on the cob .,5
289599470_cc665e2dfb.jpg,hallucination,a black haired girl is eating corn on the cob,a black haired girl is eating corn on the cob with an umbrella,A black haired girl is eating corn on the cob . ||| A man is eating a piece of corn on the cob . ||| A man is nibbling on an ear of corn ||| A person with dark hair is eating a very large ear of corn . ||| The child with black hair is eating corn on the cob .,5
3613705104_46d854134e.jpg,original,a boy skateboards off a ramp covered in graffiti,a boy skateboards off a ramp covered in graffiti,"A boy skateboards off a ramp covered in graffiti . ||| A male skateboarder is skating in a vandalized skate park . ||| A man does a jump on a skateboard , surrounded by graffiti . ||| A man does a skating trick off of graffiti-filled stairs . ||| A skateboarder skates down stairs covered in graffiti .",5
3613705104_46d854134e.jpg,person_replacement,a boy skateboards off a ramp covered in graffiti,a girl skateboards off a ramp covered in graffiti,"A boy skateboards off a ramp covered in graffiti . ||| A male skateboarder is skating in a vandalized skate park . ||| A man does a jump on a skateboard , surrounded by graffiti . ||| A man does a skating trick off of graffiti-filled stairs . ||| A skateboarder skates down stairs covered in graffiti .",5
3613705104_46d854134e.jpg,hallucination,a boy skateboards off a ramp covered in graffiti,a boy skateboards off a ramp covered in graffiti with a helicopter,"A boy skateboards off a ramp covered in graffiti . ||| A male skateboarder is skating in a vandalized skate park . ||| A man does a jump on a skateboard , surrounded by graffiti . ||| A man does a skating trick off of graffiti-filled stairs . ||| A skateboarder skates down stairs covered in graffiti .",5
3232470286_903a61ea16.jpg,original,a ball is about to enter a goal at a soccer match,a ball is about to enter a goal at a soccer match,A ball is about to enter a goal at a soccer match . ||| A soccer player in a white shirt kicked a goal . ||| A soccer player tries to kick the ball in the goal . ||| A soccer team scores a goal . ||| Goal attempt during a soccer game being played on green grass .,5
3232470286_903a61ea16.jpg,object_replacement,a ball is about to enter a goal at a soccer match,a book is about to enter a goal at a soccer match,A ball is about to enter a goal at a soccer match . ||| A soccer player in a white shirt kicked a goal . ||| A soccer player tries to kick the ball in the goal . ||| A soccer team scores a goal . ||| Goal attempt during a soccer game being played on green grass .,5
3232470286_903a61ea16.jpg,hallucination,a ball is about to enter a goal at a soccer match,a ball is about to enter a goal at a soccer match with a helicopter,A ball is about to enter a goal at a soccer match . ||| A soccer player in a white shirt kicked a goal . ||| A soccer player tries to kick the ball in the goal . ||| A soccer team scores a goal . ||| Goal attempt during a soccer game being played on green grass .,5
2115631346_9585a479b0.jpg,original,two brown dogs are running through the snow,two brown dogs are running through the snow,Two brown dogs are running through the snow . ||| Two brown dogs run across a large snowy yard . ||| two brown dogs running through the snow . ||| Two dogs race across a snowy field . ||| Two dogs run through a snowy field .,5
2115631346_9585a479b0.jpg,negation,two brown dogs are running through the snow,two brown dogs are not running through the snow,Two brown dogs are running through the snow . ||| Two brown dogs run across a large snowy yard . ||| two brown dogs running through the snow . ||| Two dogs race across a snowy field . ||| Two dogs run through a snowy field .,5
2115631346_9585a479b0.jpg,hallucination,two brown dogs are running through the snow,two brown dogs are running through the snow with an umbrella,Two brown dogs are running through the snow . ||| Two brown dogs run across a large snowy yard . ||| two brown dogs running through the snow . ||| Two dogs race across a snowy field . ||| Two dogs run through a snowy field .,5
1721637099_93e9ec2a2f.jpg,original,a boy laying on clothes,a boy laying on clothes,A boy laying on clothes . ||| A brown-haired boy is laughing with his eyese clothes whiel lying on a pile of clothes . ||| A child in a blue shirt laying on his side with his mouth open . ||| A child with and adult hand . ||| A little boy laughs as he is tickled .,5
1721637099_93e9ec2a2f.jpg,person_replacement,a boy laying on clothes,a girl laying on clothes,A boy laying on clothes . ||| A brown-haired boy is laughing with his eyese clothes whiel lying on a pile of clothes . ||| A child in a blue shirt laying on his side with his mouth open . ||| A child with and adult hand . ||| A little boy laughs as he is tickled .,5
1721637099_93e9ec2a2f.jpg,hallucination,a boy laying on clothes,a boy laying on clothes with a suitcase,A boy laying on clothes . ||| A brown-haired boy is laughing with his eyese clothes whiel lying on a pile of clothes . ||| A child in a blue shirt laying on his side with his mouth open . ||| A child with and adult hand . ||| A little boy laughs as he is tickled .,5
516725192_c9cdd63878.jpg,original,a fisherman stands on the beach on a gray day,a fisherman stands on the beach on a gray day,A fisherman stands on the beach on a gray day . ||| A man holding a fishing pole and tackle box walking in from the ocean . ||| a man in a yellow cap is on the beach carrying a fishing pole . ||| A Man with a fishing pole standing on a beach . ||| A person is standing in the ocean fully clothed holding a fishing pole in one hand and a tackle box in the other .,5
516725192_c9cdd63878.jpg,hallucination,a fisherman stands on the beach on a gray day,a fisherman stands on the beach on a gray day with a helicopter,A fisherman stands on the beach on a gray day . ||| A man holding a fishing pole and tackle box walking in from the ocean . ||| a man in a yellow cap is on the beach carrying a fishing pole . ||| A Man with a fishing pole standing on a beach . ||| A person is standing in the ocean fully clothed holding a fishing pole in one hand and a tackle box in the other .,5
848180689_d67a1361ce.jpg,original,a girl and a woman playing with a ball in a pool,a girl and a woman playing with a ball in a pool,"A girl and a woman playing with a ball in a pool . ||| a woman and a little girl are playing with a ball in the pool underneath some water chutes . ||| a young girl and a woman play volleyball with a beach ball . ||| The mother and daughter are batting a ball in the air to each other at the water park . ||| Two girls in a pool , one catching a ball the other has thrown .",5
848180689_d67a1361ce.jpg,object_replacement,a girl and a woman playing with a ball in a pool,a girl and a woman playing with a book in a pool,"A girl and a woman playing with a ball in a pool . ||| a woman and a little girl are playing with a ball in the pool underneath some water chutes . ||| a young girl and a woman play volleyball with a beach ball . ||| The mother and daughter are batting a ball in the air to each other at the water park . ||| Two girls in a pool , one catching a ball the other has thrown .",5
848180689_d67a1361ce.jpg,person_replacement,a girl and a woman playing with a ball in a pool,a boy and a woman playing with a ball in a pool,"A girl and a woman playing with a ball in a pool . ||| a woman and a little girl are playing with a ball in the pool underneath some water chutes . ||| a young girl and a woman play volleyball with a beach ball . ||| The mother and daughter are batting a ball in the air to each other at the water park . ||| Two girls in a pool , one catching a ball the other has thrown .",5
848180689_d67a1361ce.jpg,hallucination,a girl and a woman playing with a ball in a pool,a girl and a woman playing with a ball in a pool with an umbrella,"A girl and a woman playing with a ball in a pool . ||| a woman and a little girl are playing with a ball in the pool underneath some water chutes . ||| a young girl and a woman play volleyball with a beach ball . ||| The mother and daughter are batting a ball in the air to each other at the water park . ||| Two girls in a pool , one catching a ball the other has thrown .",5
3678100844_e3a9802471.jpg,original,a lady with sunglasses on her head and a green sweatshirt is looking off camera,a lady with sunglasses on her head and a green sweatshirt is looking off camera,A lady with sunglasses on her head and a green sweatshirt is looking off camera . ||| A smiling lady in a green jacket at a public gathering . ||| A woman in a green jacket and black sunglasses outside in a crowd . ||| A woman with dark hair is wearing a green sweater . ||| Woman with green sweater and sunglasses smiling,5
3678100844_e3a9802471.jpg,color_replacement,a lady with sunglasses on her head and a green sweatshirt is looking off camera,a lady with sunglasses on her head and a yellow sweatshirt is looking off camera,A lady with sunglasses on her head and a green sweatshirt is looking off camera . ||| A smiling lady in a green jacket at a public gathering . ||| A woman in a green jacket and black sunglasses outside in a crowd . ||| A woman with dark hair is wearing a green sweater . ||| Woman with green sweater and sunglasses smiling,5
3678100844_e3a9802471.jpg,negation,a lady with sunglasses on her head and a green sweatshirt is looking off camera,a lady with sunglasses on her head and a green sweatshirt is not looking off camera,A lady with sunglasses on her head and a green sweatshirt is looking off camera . ||| A smiling lady in a green jacket at a public gathering . ||| A woman in a green jacket and black sunglasses outside in a crowd . ||| A woman with dark hair is wearing a green sweater . ||| Woman with green sweater and sunglasses smiling,5
3678100844_e3a9802471.jpg,hallucination,a lady with sunglasses on her head and a green sweatshirt is looking off camera,a lady with sunglasses on her head and a green sweatshirt is looking off camera with a helicopter,A lady with sunglasses on her head and a green sweatshirt is looking off camera . ||| A smiling lady in a green jacket at a public gathering . ||| A woman in a green jacket and black sunglasses outside in a crowd . ||| A woman with dark hair is wearing a green sweater . ||| Woman with green sweater and sunglasses smiling,5
3157847991_463e006a28.jpg,original,these men are smoking outside a grey building,these men are smoking outside a grey building,"These men are smoking outside a grey building . ||| Two men are standing by a railing , while posing for a picture . ||| Two men in black jackets behind a white handrail . ||| Two men smoking behind a railing . ||| Two men smoking while standing by a rail in front of a building",5
3157847991_463e006a28.jpg,negation,these men are smoking outside a grey building,these men are not smoking outside a grey building,"These men are smoking outside a grey building . ||| Two men are standing by a railing , while posing for a picture . ||| Two men in black jackets behind a white handrail . ||| Two men smoking behind a railing . ||| Two men smoking while standing by a rail in front of a building",5
3157847991_463e006a28.jpg,hallucination,these men are smoking outside a grey building,these men are smoking outside a grey building with a traffic cone,"These men are smoking outside a grey building . ||| Two men are standing by a railing , while posing for a picture . ||| Two men in black jackets behind a white handrail . ||| Two men smoking behind a railing . ||| Two men smoking while standing by a rail in front of a building",5
3559374748_f18c7caa55.jpg,original,a blue and grey race car driving on a dirt track,a blue and grey race car driving on a dirt track,a blue and grey race car driving on a dirt track . ||| A person driving a drag racer on dirt . ||| A person is in a race car on a track with a lot debri . ||| A race car driver is driving his car through the mud . ||| The blue and gray vehicle is racing through the gravel .,5
3559374748_f18c7caa55.jpg,object_replacement,a blue and grey race car driving on a dirt track,a blue and grey race truck driving on a dirt track,a blue and grey race car driving on a dirt track . ||| A person driving a drag racer on dirt . ||| A person is in a race car on a track with a lot debri . ||| A race car driver is driving his car through the mud . ||| The blue and gray vehicle is racing through the gravel .,5
3559374748_f18c7caa55.jpg,hallucination,a blue and grey race car driving on a dirt track,a blue and grey race car driving on a dirt track with a suitcase,a blue and grey race car driving on a dirt track . ||| A person driving a drag racer on dirt . ||| A person is in a race car on a track with a lot debri . ||| A race car driver is driving his car through the mud . ||| The blue and gray vehicle is racing through the gravel .,5
2502782508_2c8211cd6b.jpg,original,a man in a hat and sunglasses reads a book on a park bench,a man in a hat and sunglasses reads a book on a park bench,A man in a hat and sunglasses reads a book on a park bench . ||| A man in c camouflage cap and jeans is sitting on a bench reading a book . ||| A man is sitting on a bench and reading a book . ||| A man on a park bench reads a novel . ||| A man wearing a camouflage hat and sunglasses reading a book on a black metal bench .,5
2502782508_2c8211cd6b.jpg,person_replacement,a man in a hat and sunglasses reads a book on a park bench,a woman in a hat and sunglasses reads a book on a park bench,A man in a hat and sunglasses reads a book on a park bench . ||| A man in c camouflage cap and jeans is sitting on a bench reading a book . ||| A man is sitting on a bench and reading a book . ||| A man on a park bench reads a novel . ||| A man wearing a camouflage hat and sunglasses reading a book on a black metal bench .,5
2502782508_2c8211cd6b.jpg,hallucination,a man in a hat and sunglasses reads a book on a park bench,a man in a hat and sunglasses reads a book on a park bench with a traffic cone,A man in a hat and sunglasses reads a book on a park bench . ||| A man in c camouflage cap and jeans is sitting on a bench reading a book . ||| A man is sitting on a bench and reading a book . ||| A man on a park bench reads a novel . ||| A man wearing a camouflage hat and sunglasses reading a book on a black metal bench .,5
3699522388_2333f01f40.jpg,original,a bald man in a black wetsuit flips leaps in the air on a surfboard holds on to a waterskiing handle,a bald man in a black wetsuit flips leaps in the air on a surfboard holds on to a waterskiing handle,"A bald man in a black wetsuit flips leaps in the air on a surfboard , holds on to a waterskiing handle ||| A man doing a trick on a wakeboard ||| A person waterskiing in a river with a large wall in the background . ||| A wakeboarder soars through the air . ||| Male performing water sports acrobatics while being pulled by a boat .",5
3699522388_2333f01f40.jpg,person_replacement,a bald man in a black wetsuit flips leaps in the air on a surfboard holds on to a waterskiing handle,a bald woman in a black wetsuit flips leaps in the air on a surfboard holds on to a waterskiing handle,"A bald man in a black wetsuit flips leaps in the air on a surfboard , holds on to a waterskiing handle ||| A man doing a trick on a wakeboard ||| A person waterskiing in a river with a large wall in the background . ||| A wakeboarder soars through the air . ||| Male performing water sports acrobatics while being pulled by a boat .",5
3699522388_2333f01f40.jpg,hallucination,a bald man in a black wetsuit flips leaps in the air on a surfboard holds on to a waterskiing handle,a bald man in a black wetsuit flips leaps in the air on a surfboard holds on to a waterskiing handle with a suitcase,"A bald man in a black wetsuit flips leaps in the air on a surfboard , holds on to a waterskiing handle ||| A man doing a trick on a wakeboard ||| A person waterskiing in a river with a large wall in the background . ||| A wakeboarder soars through the air . ||| Male performing water sports acrobatics while being pulled by a boat .",5
2774554310_007e980a90.jpg,original,a woman dressed in black and pink has a large tattoo on her back,a woman dressed in black and pink has a large tattoo on her back,A woman dressed in black and pink has a large tattoo on her back . ||| A woman in pink pants and a black tank top displays the tattoo on her back . ||| a woman wearing a black tank top revealing a large fairy tattoo . ||| A woman with a tattoo on her back walks away from the camera . ||| The woman wearing pink pants has a tattoo of a butterfly on her back .,5
2774554310_007e980a90.jpg,person_replacement,a woman dressed in black and pink has a large tattoo on her back,a man dressed in black and pink has a large tattoo on his back,A woman dressed in black and pink has a large tattoo on her back . ||| A woman in pink pants and a black tank top displays the tattoo on her back . ||| a woman wearing a black tank top revealing a large fairy tattoo . ||| A woman with a tattoo on her back walks away from the camera . ||| The woman wearing pink pants has a tattoo of a butterfly on her back .,5
2774554310_007e980a90.jpg,hallucination,a woman dressed in black and pink has a large tattoo on her back,a woman dressed in black and pink has a large tattoo on her back with an umbrella,A woman dressed in black and pink has a large tattoo on her back . ||| A woman in pink pants and a black tank top displays the tattoo on her back . ||| a woman wearing a black tank top revealing a large fairy tattoo . ||| A woman with a tattoo on her back walks away from the camera . ||| The woman wearing pink pants has a tattoo of a butterfly on her back .,5
3424927725_c4d1fcfac3.jpg,original,a man in yellow sits on a rock ledge overlooking a forest,a man in yellow sits on a rock ledge overlooking a forest,A man in yellow sits on a rock ledge overlooking a forest . ||| A person in a yellow raincoat is sitting on the edge of a rock looking down ||| A person in a yellow raincoat seating on a cliff . ||| A person is sitting on the edge of a rock cliff . ||| A person sitting on the edge of a rock outcropping looking down,5
3424927725_c4d1fcfac3.jpg,person_replacement,a man in yellow sits on a rock ledge overlooking a forest,a woman in yellow sits on a rock ledge overlooking a forest,A man in yellow sits on a rock ledge overlooking a forest . ||| A person in a yellow raincoat is sitting on the edge of a rock looking down ||| A person in a yellow raincoat seating on a cliff . ||| A person is sitting on the edge of a rock cliff . ||| A person sitting on the edge of a rock outcropping looking down,5
3424927725_c4d1fcfac3.jpg,color_replacement,a man in yellow sits on a rock ledge overlooking a forest,a man in green sits on a rock ledge overlooking a forest,A man in yellow sits on a rock ledge overlooking a forest . ||| A person in a yellow raincoat is sitting on the edge of a rock looking down ||| A person in a yellow raincoat seating on a cliff . ||| A person is sitting on the edge of a rock cliff . ||| A person sitting on the edge of a rock outcropping looking down,5
3424927725_c4d1fcfac3.jpg,hallucination,a man in yellow sits on a rock ledge overlooking a forest,a man in yellow sits on a rock ledge overlooking a forest with a suitcase,A man in yellow sits on a rock ledge overlooking a forest . ||| A person in a yellow raincoat is sitting on the edge of a rock looking down ||| A person in a yellow raincoat seating on a cliff . ||| A person is sitting on the edge of a rock cliff . ||| A person sitting on the edge of a rock outcropping looking down,5
3160531982_37f5636b8a.jpg,original,a parachute is making his landing as the sunsets behind him,a parachute is making his landing as the sunsets behind him,"A parachute is making his landing as the sunsets behind him . ||| A person is parasailing as the sun sets . ||| A person paraglides at sundown . ||| A silhouette of a figure parachuting at sunset . ||| With the sun rising , a person is gliding with a huge parachute attached to them .",5
3160531982_37f5636b8a.jpg,negation,a parachute is making his landing as the sunsets behind him,a parachute is not making his landing as the sunsets behind him,"A parachute is making his landing as the sunsets behind him . ||| A person is parasailing as the sun sets . ||| A person paraglides at sundown . ||| A silhouette of a figure parachuting at sunset . ||| With the sun rising , a person is gliding with a huge parachute attached to them .",5
3160531982_37f5636b8a.jpg,hallucination,a parachute is making his landing as the sunsets behind him,a parachute is making his landing as the sunsets behind him with a suitcase,"A parachute is making his landing as the sunsets behind him . ||| A person is parasailing as the sun sets . ||| A person paraglides at sundown . ||| A silhouette of a figure parachuting at sunset . ||| With the sun rising , a person is gliding with a huge parachute attached to them .",5
3118534315_cc03e5ddab.jpg,original,a man is recording something with a red flag behind him,a man is recording something with a red flag behind him,A man is recording something with a red flag behind him . ||| A man with a video camera is taping while another paints art while onlookers pass by . ||| A person holding a camera in front of a pole with writing on it . ||| Kid posts sign while a woman walks by and a young man hold a video camera ||| The man is shooting video of another writing on a pole .,5
3118534315_cc03e5ddab.jpg,person_replacement,a man is recording something with a red flag behind him,a woman is recording something with a red flag behind her,A man is recording something with a red flag behind him . ||| A man with a video camera is taping while another paints art while onlookers pass by . ||| A person holding a camera in front of a pole with writing on it . ||| Kid posts sign while a woman walks by and a young man hold a video camera ||| The man is shooting video of another writing on a pole .,5
3118534315_cc03e5ddab.jpg,color_replacement,a man is recording something with a red flag behind him,a man is recording something with a blue flag behind him,A man is recording something with a red flag behind him . ||| A man with a video camera is taping while another paints art while onlookers pass by . ||| A person holding a camera in front of a pole with writing on it . ||| Kid posts sign while a woman walks by and a young man hold a video camera ||| The man is shooting video of another writing on a pole .,5
3118534315_cc03e5ddab.jpg,negation,a man is recording something with a red flag behind him,a man is not recording something with a red flag behind him,A man is recording something with a red flag behind him . ||| A man with a video camera is taping while another paints art while onlookers pass by . ||| A person holding a camera in front of a pole with writing on it . ||| Kid posts sign while a woman walks by and a young man hold a video camera ||| The man is shooting video of another writing on a pole .,5
3118534315_cc03e5ddab.jpg,hallucination,a man is recording something with a red flag behind him,a man is recording something with a red flag behind him with an umbrella,A man is recording something with a red flag behind him . ||| A man with a video camera is taping while another paints art while onlookers pass by . ||| A person holding a camera in front of a pole with writing on it . ||| Kid posts sign while a woman walks by and a young man hold a video camera ||| The man is shooting video of another writing on a pole .,5
973827791_467d83986e.jpg,original,a little kid splashes around in the kiddie pool while a lady watches,a little kid splashes around in the kiddie pool while a lady watches,A little kid splashes around in the kiddie pool while a lady watches . ||| a woman dumping water on a small child who is in a pool ||| A woman is throwing a bucket of water over a baby in the paddling pool . ||| A woman is throwing water on a child in a plastic swimming pool in a rural area . ||| I child slides into a wading pool full of water while an adult tosses a bucket of water on them .,5
973827791_467d83986e.jpg,hallucination,a little kid splashes around in the kiddie pool while a lady watches,a little kid splashes around in the kiddie pool while a lady watches with a suitcase,A little kid splashes around in the kiddie pool while a lady watches . ||| a woman dumping water on a small child who is in a pool ||| A woman is throwing a bucket of water over a baby in the paddling pool . ||| A woman is throwing water on a child in a plastic swimming pool in a rural area . ||| I child slides into a wading pool full of water while an adult tosses a bucket of water on them .,5
1110208841_5bb6806afe.jpg,original,a black and white border collie catches a frisbee in front of an audience,a black and white border collie catches a frisbee in front of an audience,"A black and white Border Collie catches a Frisbee in front of an audience . ||| a brown and white dog catches a Frisbee in it mouth in front of a group of people . ||| A brown and white dug jumping up to catch a Frisbee while an audience watches . ||| A dog jumps to catch a Frisbee , while many people watch . ||| An agile dog catches a Frisbee while a crowd of onlookers watches closely .",5
1110208841_5bb6806afe.jpg,hallucination,a black and white border collie catches a frisbee in front of an audience,a black and white border collie catches a frisbee in front of an audience with a helicopter,"A black and white Border Collie catches a Frisbee in front of an audience . ||| a brown and white dog catches a Frisbee in it mouth in front of a group of people . ||| A brown and white dug jumping up to catch a Frisbee while an audience watches . ||| A dog jumps to catch a Frisbee , while many people watch . ||| An agile dog catches a Frisbee while a crowd of onlookers watches closely .",5
3052038928_9f53aa2084.jpg,original,a group of five young adults lounging indoors,a group of five young adults lounging indoors,A group of five young adults lounging indoors . ||| A man and a woman sit on a couch and look at each other while three other men stand by . ||| A small group of people standing while two sit on the couch . ||| There are four men and one woman . ||| Three men are setting up a scene by measuring the lights for a couple sitting on a low couch .,5
3052038928_9f53aa2084.jpg,hallucination,a group of five young adults lounging indoors,a group of five young adults lounging indoors with a television,A group of five young adults lounging indoors . ||| A man and a woman sit on a couch and look at each other while three other men stand by . ||| A small group of people standing while two sit on the couch . ||| There are four men and one woman . ||| Three men are setting up a scene by measuring the lights for a couple sitting on a low couch .,5
308014594_f1d5e75507.jpg,original,two japanese girls are wearing traditional dress,two japanese girls are wearing traditional dress,Two Japanese girls are wearing traditional dress . ||| Two Japanese ladies with colorful kimonos on them . ||| Two women dressed as geishas . ||| Two women dressed in brightly colored traditional asian clothes stand at the top of steps . ||| Two women in elaborate Japanese costumes .,5
308014594_f1d5e75507.jpg,negation,two japanese girls are wearing traditional dress,two japanese girls are not wearing traditional dress,Two Japanese girls are wearing traditional dress . ||| Two Japanese ladies with colorful kimonos on them . ||| Two women dressed as geishas . ||| Two women dressed in brightly colored traditional asian clothes stand at the top of steps . ||| Two women in elaborate Japanese costumes .,5
308014594_f1d5e75507.jpg,hallucination,two japanese girls are wearing traditional dress,two japanese girls are wearing traditional dress with an umbrella,Two Japanese girls are wearing traditional dress . ||| Two Japanese ladies with colorful kimonos on them . ||| Two women dressed as geishas . ||| Two women dressed in brightly colored traditional asian clothes stand at the top of steps . ||| Two women in elaborate Japanese costumes .,5
957682378_46c3b07bcd.jpg,original,a brown dog and a black dog run into each other in the grass,a brown dog and a black dog run into each other in the grass,A brown dog and a black dog run into each other in the grass . ||| A brown dog is grabbing the collar of a black dog . ||| A dark black dog is playing with a light brown dog in a backyard . ||| Two dogs are wrestling in a field . ||| Two dogs are wrestling in the park .,5
957682378_46c3b07bcd.jpg,object_replacement,a brown dog and a black dog run into each other in the grass,a brown cat and a black dog run into each other in the grass,A brown dog and a black dog run into each other in the grass . ||| A brown dog is grabbing the collar of a black dog . ||| A dark black dog is playing with a light brown dog in a backyard . ||| Two dogs are wrestling in a field . ||| Two dogs are wrestling in the park .,5
957682378_46c3b07bcd.jpg,hallucination,a brown dog and a black dog run into each other in the grass,a brown dog and a black dog run into each other in the grass with a television,A brown dog and a black dog run into each other in the grass . ||| A brown dog is grabbing the collar of a black dog . ||| A dark black dog is playing with a light brown dog in a backyard . ||| Two dogs are wrestling in a field . ||| Two dogs are wrestling in the park .,5
3265964840_5374ed9c53.jpg,original,a boy on a snowboard leaps through the air,a boy on a snowboard leaps through the air,A boy on a snowboard leaps through the air . ||| A man in a yellow hat is crouching on his snowboard . ||| A man in a blue shirt and green cap on a red snowboard . ||| A snowboarder flies through the air on a red snowboard in front of a snowy landscape . ||| A snowboarder landing on a pile of wood .,5
3265964840_5374ed9c53.jpg,person_replacement,a boy on a snowboard leaps through the air,a girl on a snowboard leaps through the air,A boy on a snowboard leaps through the air . ||| A man in a yellow hat is crouching on his snowboard . ||| A man in a blue shirt and green cap on a red snowboard . ||| A snowboarder flies through the air on a red snowboard in front of a snowy landscape . ||| A snowboarder landing on a pile of wood .,5
3265964840_5374ed9c53.jpg,hallucination,a boy on a snowboard leaps through the air,a boy on a snowboard leaps through the air with an umbrella,A boy on a snowboard leaps through the air . ||| A man in a yellow hat is crouching on his snowboard . ||| A man in a blue shirt and green cap on a red snowboard . ||| A snowboarder flies through the air on a red snowboard in front of a snowy landscape . ||| A snowboarder landing on a pile of wood .,5
2049051050_20359a434a.jpg,original,a girl in a black jacket and hat is covered in a pink blanket,a girl in a black jacket and hat is covered in a pink blanket,"A girl in a black jacket and hat is covered in a pink blanket ||| A woman derssed in a black sweater , gloves , hat , and a scarf sits on the beach near a boulder . ||| A woman in a black cap and outfit sits in the sand . ||| A woman wearing a black hat sits on the sand with a rock behind her . ||| The girl sitting by a rock is wearing a black coat , black hat , black gloves but is covered by a pink blanket .",5
2049051050_20359a434a.jpg,person_replacement,a girl in a black jacket and hat is covered in a pink blanket,a boy in a black jacket and hat is covered in a pink blanket,"A girl in a black jacket and hat is covered in a pink blanket ||| A woman derssed in a black sweater , gloves , hat , and a scarf sits on the beach near a boulder . ||| A woman in a black cap and outfit sits in the sand . ||| A woman wearing a black hat sits on the sand with a rock behind her . ||| The girl sitting by a rock is wearing a black coat , black hat , black gloves but is covered by a pink blanket .",5
2049051050_20359a434a.jpg,color_replacement,a girl in a black jacket and hat is covered in a pink blanket,a girl in a black jacket and hat is covered in a purple blanket,"A girl in a black jacket and hat is covered in a pink blanket ||| A woman derssed in a black sweater , gloves , hat , and a scarf sits on the beach near a boulder . ||| A woman in a black cap and outfit sits in the sand . ||| A woman wearing a black hat sits on the sand with a rock behind her . ||| The girl sitting by a rock is wearing a black coat , black hat , black gloves but is covered by a pink blanket .",5
2049051050_20359a434a.jpg,hallucination,a girl in a black jacket and hat is covered in a pink blanket,a girl in a black jacket and hat is covered in a pink blanket with an umbrella,"A girl in a black jacket and hat is covered in a pink blanket ||| A woman derssed in a black sweater , gloves , hat , and a scarf sits on the beach near a boulder . ||| A woman in a black cap and outfit sits in the sand . ||| A woman wearing a black hat sits on the sand with a rock behind her . ||| The girl sitting by a rock is wearing a black coat , black hat , black gloves but is covered by a pink blanket .",5
3350786891_6d39b234e9.jpg,original,a group of dark skinned children are sitting beside a red metal container,a group of dark skinned children are sitting beside a red metal container,A group of dark skinned children are sitting beside a red metal container . ||| A group of kids sitting against a large red dumpster . ||| a group of people sitting outside in the dirt on the ground . ||| A large group of people sitting near a shipping container . ||| Two sub Saharan African girls in purple dresses sit on the ground .,5
3350786891_6d39b234e9.jpg,color_replacement,a group of dark skinned children are sitting beside a red metal container,a group of dark skinned children are sitting beside a blue metal container,A group of dark skinned children are sitting beside a red metal container . ||| A group of kids sitting against a large red dumpster . ||| a group of people sitting outside in the dirt on the ground . ||| A large group of people sitting near a shipping container . ||| Two sub Saharan African girls in purple dresses sit on the ground .,5
3350786891_6d39b234e9.jpg,action_replacement,a group of dark skinned children are sitting beside a red metal container,a group of dark skinned children are standing beside a red metal container,A group of dark skinned children are sitting beside a red metal container . ||| A group of kids sitting against a large red dumpster . ||| a group of people sitting outside in the dirt on the ground . ||| A large group of people sitting near a shipping container . ||| Two sub Saharan African girls in purple dresses sit on the ground .,5
3350786891_6d39b234e9.jpg,negation,a group of dark skinned children are sitting beside a red metal container,a group of dark skinned children are not sitting beside a red metal container,A group of dark skinned children are sitting beside a red metal container . ||| A group of kids sitting against a large red dumpster . ||| a group of people sitting outside in the dirt on the ground . ||| A large group of people sitting near a shipping container . ||| Two sub Saharan African girls in purple dresses sit on the ground .,5
3350786891_6d39b234e9.jpg,hallucination,a group of dark skinned children are sitting beside a red metal container,a group of dark skinned children are sitting beside a red metal container with a traffic cone,A group of dark skinned children are sitting beside a red metal container . ||| A group of kids sitting against a large red dumpster . ||| a group of people sitting outside in the dirt on the ground . ||| A large group of people sitting near a shipping container . ||| Two sub Saharan African girls in purple dresses sit on the ground .,5
2701603045_6cbdc4ce7c.jpg,original,a boy is wading through water,a boy is wading through water,"A boy is wading through water . ||| A boy up to his knees in water . ||| a boy wearing white shorts , walks through the water . ||| A young boy with white swim trunks walks out of the water . ||| The boy is wading through the blue ocean .",5
2701603045_6cbdc4ce7c.jpg,person_replacement,a boy is wading through water,a girl is wading through water,"A boy is wading through water . ||| A boy up to his knees in water . ||| a boy wearing white shorts , walks through the water . ||| A young boy with white swim trunks walks out of the water . ||| The boy is wading through the blue ocean .",5
2701603045_6cbdc4ce7c.jpg,negation,a boy is wading through water,a boy is not wading through water,"A boy is wading through water . ||| A boy up to his knees in water . ||| a boy wearing white shorts , walks through the water . ||| A young boy with white swim trunks walks out of the water . ||| The boy is wading through the blue ocean .",5
2701603045_6cbdc4ce7c.jpg,hallucination,a boy is wading through water,a boy is wading through water with a traffic cone,"A boy is wading through water . ||| A boy up to his knees in water . ||| a boy wearing white shorts , walks through the water . ||| A young boy with white swim trunks walks out of the water . ||| The boy is wading through the blue ocean .",5
1287931016_fb015e2e10.jpg,original,a black and a white dog on the snow,a black and a white dog on the snow,"A black and a white dog on the snow . ||| A black dog and a white dog are standing on snow . ||| Two dogs , one black and one white , face the camera in a field of snow . ||| Two dogs standing in the snow . ||| two dogs stand in the snow .",5
1287931016_fb015e2e10.jpg,object_replacement,a black and a white dog on the snow,a black and a white cat on the snow,"A black and a white dog on the snow . ||| A black dog and a white dog are standing on snow . ||| Two dogs , one black and one white , face the camera in a field of snow . ||| Two dogs standing in the snow . ||| two dogs stand in the snow .",5
1287931016_fb015e2e10.jpg,hallucination,a black and a white dog on the snow,a black and a white dog on the snow with a suitcase,"A black and a white dog on the snow . ||| A black dog and a white dog are standing on snow . ||| Two dogs , one black and one white , face the camera in a field of snow . ||| Two dogs standing in the snow . ||| two dogs stand in the snow .",5
2518508760_68d8df7365.jpg,original,a dog in a yellow jersey is running a race,a dog in a yellow jersey is running a race,A dog in a yellow jersey is running a race . ||| A dog participating in a race while wearing the number 6 . ||| A greyhound wearing a muzzle and the number six on a yellow jacket is running on a dog track . ||| A muzzled race dog running ||| A race dog is running for first,5
2518508760_68d8df7365.jpg,object_replacement,a dog in a yellow jersey is running a race,a cat in a yellow jersey is running a race,A dog in a yellow jersey is running a race . ||| A dog participating in a race while wearing the number 6 . ||| A greyhound wearing a muzzle and the number six on a yellow jacket is running on a dog track . ||| A muzzled race dog running ||| A race dog is running for first,5
2518508760_68d8df7365.jpg,color_replacement,a dog in a yellow jersey is running a race,a dog in a green jersey is running a race,A dog in a yellow jersey is running a race . ||| A dog participating in a race while wearing the number 6 . ||| A greyhound wearing a muzzle and the number six on a yellow jacket is running on a dog track . ||| A muzzled race dog running ||| A race dog is running for first,5
2518508760_68d8df7365.jpg,negation,a dog in a yellow jersey is running a race,a dog in a yellow jersey is not running a race,A dog in a yellow jersey is running a race . ||| A dog participating in a race while wearing the number 6 . ||| A greyhound wearing a muzzle and the number six on a yellow jacket is running on a dog track . ||| A muzzled race dog running ||| A race dog is running for first,5
2518508760_68d8df7365.jpg,hallucination,a dog in a yellow jersey is running a race,a dog in a yellow jersey is running a race with a television,A dog in a yellow jersey is running a race . ||| A dog participating in a race while wearing the number 6 . ||| A greyhound wearing a muzzle and the number six on a yellow jacket is running on a dog track . ||| A muzzled race dog running ||| A race dog is running for first,5
3455757720_7aeba57056.jpg,original,a brown dog running along the dirt shore of a stream,a brown dog running along the dirt shore of a stream,"A small dog running on a beach . ||| A small furry brown dog is running on the shore of the ocean . ||| A woman sitting on the sand at the beach , with a furry animal in the foreground walking towards her . ||| Dog running away from woman on the seashore .",4
3455757720_7aeba57056.jpg,object_replacement,a brown dog running along the dirt shore of a stream,a brown cat running along the dirt shore of a stream,"A small dog running on a beach . ||| A small furry brown dog is running on the shore of the ocean . ||| A woman sitting on the sand at the beach , with a furry animal in the foreground walking towards her . ||| Dog running away from woman on the seashore .",4
3455757720_7aeba57056.jpg,hallucination,a brown dog running along the dirt shore of a stream,a brown dog running along the dirt shore of a stream with an umbrella,"A small dog running on a beach . ||| A small furry brown dog is running on the shore of the ocean . ||| A woman sitting on the sand at the beach , with a furry animal in the foreground walking towards her . ||| Dog running away from woman on the seashore .",4
3652572138_34d6b72999.jpg,original,a boy jumps,a boy jumps,A boy jumps . ||| A boy raises his arms amongst a crowd of people who are not in focus . ||| A boy surrounded by people who seem to swirl around him . ||| A boy with a red shirt waves his arms in the air as he looks at another person . ||| The boy in the purple shirt and green jacket stands in the crowd whilst raising his hands in the air .,5
3652572138_34d6b72999.jpg,person_replacement,a boy jumps,a girl jumps,A boy jumps . ||| A boy raises his arms amongst a crowd of people who are not in focus . ||| A boy surrounded by people who seem to swirl around him . ||| A boy with a red shirt waves his arms in the air as he looks at another person . ||| The boy in the purple shirt and green jacket stands in the crowd whilst raising his hands in the air .,5
3652572138_34d6b72999.jpg,hallucination,a boy jumps,a boy jumps with a suitcase,A boy jumps . ||| A boy raises his arms amongst a crowd of people who are not in focus . ||| A boy surrounded by people who seem to swirl around him . ||| A boy with a red shirt waves his arms in the air as he looks at another person . ||| The boy in the purple shirt and green jacket stands in the crowd whilst raising his hands in the air .,5
1075881101_d55c46bece.jpg,original,a boy cleans the bubbles off his face,a boy cleans the bubbles off his face,a boy cleans the bubbles off his face . ||| A boy covered in suds has his face wiped clean . ||| A boy is covered in bubbles . ||| A child covered in foam is climbing on a black inflatable ramp . ||| A person covered in soapy water is getting cleaned off .,5
1075881101_d55c46bece.jpg,person_replacement,a boy cleans the bubbles off his face,a girl cleans the bubbles off her face,a boy cleans the bubbles off his face . ||| A boy covered in suds has his face wiped clean . ||| A boy is covered in bubbles . ||| A child covered in foam is climbing on a black inflatable ramp . ||| A person covered in soapy water is getting cleaned off .,5
1075881101_d55c46bece.jpg,hallucination,a boy cleans the bubbles off his face,a boy cleans the bubbles off his face with a helicopter,a boy cleans the bubbles off his face . ||| A boy covered in suds has his face wiped clean . ||| A boy is covered in bubbles . ||| A child covered in foam is climbing on a black inflatable ramp . ||| A person covered in soapy water is getting cleaned off .,5
3695949492_27ca3892fd.jpg,original,two dogs holding opposite ends of a toy with their mouths swimming,two dogs holding opposite ends of a toy with their mouths swimming,Two dogs holding opposite ends of a toy with their mouths swimming . ||| Two grey dogs are carrying a stick in the water . ||| Two grey dogs swimming in a lake to retrieve a white toy . ||| Two identical brown dogs side by side holding something white in both their mouths . ||| Two similar brown dogs share holding a white toy while swimming .,5
3695949492_27ca3892fd.jpg,hallucination,two dogs holding opposite ends of a toy with their mouths swimming,two dogs holding opposite ends of a toy with their mouths swimming with an umbrella,Two dogs holding opposite ends of a toy with their mouths swimming . ||| Two grey dogs are carrying a stick in the water . ||| Two grey dogs swimming in a lake to retrieve a white toy . ||| Two identical brown dogs side by side holding something white in both their mouths . ||| Two similar brown dogs share holding a white toy while swimming .,5
3496028495_431cfdc042.jpg,original,a brown dog swimming in the water with a tennis ball in his mouth,a brown dog swimming in the water with a tennis ball in his mouth,A brown dog swimming in the water with a tennis ball in his mouth . ||| A brown dog swims back to shore after retrieving a yellow tennis ball . ||| a brown labradoodle retrieves a tennis ball in a lake ||| The brown dog is swimming . ||| There is a brown dog swimming outside with a tennis ball in its mouth .,5
3496028495_431cfdc042.jpg,object_replacement,a brown dog swimming in the water with a tennis ball in his mouth,a brown cat swimming in the water with a tennis ball in his mouth,A brown dog swimming in the water with a tennis ball in his mouth . ||| A brown dog swims back to shore after retrieving a yellow tennis ball . ||| a brown labradoodle retrieves a tennis ball in a lake ||| The brown dog is swimming . ||| There is a brown dog swimming outside with a tennis ball in its mouth .,5
3496028495_431cfdc042.jpg,hallucination,a brown dog swimming in the water with a tennis ball in his mouth,a brown dog swimming in the water with a tennis ball in his mouth with a helicopter,A brown dog swimming in the water with a tennis ball in his mouth . ||| A brown dog swims back to shore after retrieving a yellow tennis ball . ||| a brown labradoodle retrieves a tennis ball in a lake ||| The brown dog is swimming . ||| There is a brown dog swimming outside with a tennis ball in its mouth .,5
3134644844_493eec6cdc.jpg,original,a man is playing a guitar for a little girl in a hospital,a man is playing a guitar for a little girl in a hospital,A man is playing a guitar for a little girl in a hospital . ||| A man is playing the guitar for a child in a hospital bed ||| A man plays a guitar for a sick child in a hospital ||| A man plays guitar for a girl in the hospital . ||| A man with a guitar playing to an ill little girl in a hospital bed .,5
3134644844_493eec6cdc.jpg,person_replacement,a man is playing a guitar for a little girl in a hospital,a woman is playing a guitar for a little girl in a hospital,A man is playing a guitar for a little girl in a hospital . ||| A man is playing the guitar for a child in a hospital bed ||| A man plays a guitar for a sick child in a hospital ||| A man plays guitar for a girl in the hospital . ||| A man with a guitar playing to an ill little girl in a hospital bed .,5
3134644844_493eec6cdc.jpg,negation,a man is playing a guitar for a little girl in a hospital,a man is not playing a guitar for a little girl in a hospital,A man is playing a guitar for a little girl in a hospital . ||| A man is playing the guitar for a child in a hospital bed ||| A man plays a guitar for a sick child in a hospital ||| A man plays guitar for a girl in the hospital . ||| A man with a guitar playing to an ill little girl in a hospital bed .,5
3134644844_493eec6cdc.jpg,hallucination,a man is playing a guitar for a little girl in a hospital,a man is playing a guitar for a little girl in a hospital with a suitcase,A man is playing a guitar for a little girl in a hospital . ||| A man is playing the guitar for a child in a hospital bed ||| A man plays a guitar for a sick child in a hospital ||| A man plays guitar for a girl in the hospital . ||| A man with a guitar playing to an ill little girl in a hospital bed .,5
3242808166_8638150274.jpg,original,a bike rider in red rides through the trees down a snowy hill,a bike rider in red rides through the trees down a snowy hill,A bike rider in red rides through the trees down a snowy hill . ||| A person is riding a bike in a wooded area at night . ||| Bike rider riding downhill in forest . ||| Cyclist in snowy forest at night ||| The rider is biking in the snow and wearing a red jacket .,5
3242808166_8638150274.jpg,object_replacement,a bike rider in red rides through the trees down a snowy hill,a motorcycle rider in red rides through the trees down a snowy hill,A bike rider in red rides through the trees down a snowy hill . ||| A person is riding a bike in a wooded area at night . ||| Bike rider riding downhill in forest . ||| Cyclist in snowy forest at night ||| The rider is biking in the snow and wearing a red jacket .,5
3242808166_8638150274.jpg,color_replacement,a bike rider in red rides through the trees down a snowy hill,a bike rider in blue rides through the trees down a snowy hill,A bike rider in red rides through the trees down a snowy hill . ||| A person is riding a bike in a wooded area at night . ||| Bike rider riding downhill in forest . ||| Cyclist in snowy forest at night ||| The rider is biking in the snow and wearing a red jacket .,5
3242808166_8638150274.jpg,hallucination,a bike rider in red rides through the trees down a snowy hill,a bike rider in red rides through the trees down a snowy hill with a traffic cone,A bike rider in red rides through the trees down a snowy hill . ||| A person is riding a bike in a wooded area at night . ||| Bike rider riding downhill in forest . ||| Cyclist in snowy forest at night ||| The rider is biking in the snow and wearing a red jacket .,5
2206960564_325ed0c7ae.jpg,original,a beige puppy walks across the floor,a beige puppy walks across the floor,A beige puppy walks across the floor . ||| A small puppy rungs towards the camera . ||| A white puppy is running on a tiled floor . ||| puppy running on the floor ||| The white dog ran across the tile floor .,5
2206960564_325ed0c7ae.jpg,hallucination,a beige puppy walks across the floor,a beige puppy walks across the floor with a suitcase,A beige puppy walks across the floor . ||| A small puppy rungs towards the camera . ||| A white puppy is running on a tiled floor . ||| puppy running on the floor ||| The white dog ran across the tile floor .,5
2886411666_72d8b12ce4.jpg,original,a black brown and white dog is running beside a green fence in a grassy garden,a black brown and white dog is running beside a green fence in a grassy garden,"a black , brown and white dog is running beside a green fence in a grassy garden . ||| A dog is galloping through the grass . ||| A dog runs through a lush , green lawn . ||| A tri-colored dog is running on the green grass . ||| Dog running through grass in fenced in area .",5
2886411666_72d8b12ce4.jpg,object_replacement,a black brown and white dog is running beside a green fence in a grassy garden,a black brown and white cat is running beside a green fence in a grassy garden,"a black , brown and white dog is running beside a green fence in a grassy garden . ||| A dog is galloping through the grass . ||| A dog runs through a lush , green lawn . ||| A tri-colored dog is running on the green grass . ||| Dog running through grass in fenced in area .",5
2886411666_72d8b12ce4.jpg,color_replacement,a black brown and white dog is running beside a green fence in a grassy garden,a black brown and white dog is running beside a yellow fence in a grassy garden,"a black , brown and white dog is running beside a green fence in a grassy garden . ||| A dog is galloping through the grass . ||| A dog runs through a lush , green lawn . ||| A tri-colored dog is running on the green grass . ||| Dog running through grass in fenced in area .",5
2886411666_72d8b12ce4.jpg,action_replacement,a black brown and white dog is running beside a green fence in a grassy garden,a black brown and white dog is standing beside a green fence in a grassy garden,"a black , brown and white dog is running beside a green fence in a grassy garden . ||| A dog is galloping through the grass . ||| A dog runs through a lush , green lawn . ||| A tri-colored dog is running on the green grass . ||| Dog running through grass in fenced in area .",5
2886411666_72d8b12ce4.jpg,negation,a black brown and white dog is running beside a green fence in a grassy garden,a black brown and white dog is not running beside a green fence in a grassy garden,"a black , brown and white dog is running beside a green fence in a grassy garden . ||| A dog is galloping through the grass . ||| A dog runs through a lush , green lawn . ||| A tri-colored dog is running on the green grass . ||| Dog running through grass in fenced in area .",5
2886411666_72d8b12ce4.jpg,hallucination,a black brown and white dog is running beside a green fence in a grassy garden,a black brown and white dog is running beside a green fence in a grassy garden with a helicopter,"a black , brown and white dog is running beside a green fence in a grassy garden . ||| A dog is galloping through the grass . ||| A dog runs through a lush , green lawn . ||| A tri-colored dog is running on the green grass . ||| Dog running through grass in fenced in area .",5
3225998968_ef786d86e0.jpg,original,a man on skis on a snowcovered hill with mountains in the background,a man on skis on a snowcovered hill with mountains in the background,A man on skis on a snow-covered hill with mountains in the background ||| A man with red pants is skiing downhill . ||| A person in red pants skis down a mountain . ||| A skier in red pants is on a snow covered slope . ||| This person is skiing .,5
3225998968_ef786d86e0.jpg,person_replacement,a man on skis on a snowcovered hill with mountains in the background,a woman on skis on a snowcovered hill with mountains in the background,A man on skis on a snow-covered hill with mountains in the background ||| A man with red pants is skiing downhill . ||| A person in red pants skis down a mountain . ||| A skier in red pants is on a snow covered slope . ||| This person is skiing .,5
3225998968_ef786d86e0.jpg,hallucination,a man on skis on a snowcovered hill with mountains in the background,a man on skis on a snowcovered hill with mountains in the background with an umbrella,A man on skis on a snow-covered hill with mountains in the background ||| A man with red pants is skiing downhill . ||| A person in red pants skis down a mountain . ||| A skier in red pants is on a snow covered slope . ||| This person is skiing .,5
136639119_6040b00946.jpg,original,a climber is attempting to climb around an overhang above the woods,a climber is attempting to climb around an overhang above the woods,A climber is attempting to climb around an overhang above the woods . ||| A man climbs up a cliff and reaches an overhang . ||| A man is rock climbing under a large cliff . ||| A person is rock climbing . ||| Climber on rock formation using ropes .,5
136639119_6040b00946.jpg,negation,a climber is attempting to climb around an overhang above the woods,a climber is not attempting to climb around an overhang above the woods,A climber is attempting to climb around an overhang above the woods . ||| A man climbs up a cliff and reaches an overhang . ||| A man is rock climbing under a large cliff . ||| A person is rock climbing . ||| Climber on rock formation using ropes .,5
136639119_6040b00946.jpg,hallucination,a climber is attempting to climb around an overhang above the woods,a climber is attempting to climb around an overhang above the woods with a television,A climber is attempting to climb around an overhang above the woods . ||| A man climbs up a cliff and reaches an overhang . ||| A man is rock climbing under a large cliff . ||| A person is rock climbing . ||| Climber on rock formation using ropes .,5
61209225_8512e1dad5.jpg,original,a civil war reenactment with cannon teams firing cannons,a civil war reenactment with cannon teams firing cannons,A civil war reenactment with cannon teams firing cannons . ||| A Group of men firing an old fashion cannon . ||| A recreation of some battle . ||| sveral men participating in a civil war reenactment ||| War reenactors fire a cannon .,5
61209225_8512e1dad5.jpg,hallucination,a civil war reenactment with cannon teams firing cannons,a civil war reenactment with cannon teams firing cannons with a suitcase,A civil war reenactment with cannon teams firing cannons . ||| A Group of men firing an old fashion cannon . ||| A recreation of some battle . ||| sveral men participating in a civil war reenactment ||| War reenactors fire a cannon .,5
1057089366_ca83da0877.jpg,original,a boy descends off the end of a high diving board,a boy descends off the end of a high diving board,A boy descends off the end of a high diving board . ||| A child jumps off a high diving board into the pool . ||| A kid jumps off the diving board and into the swimming pool below . ||| A little kid is jumping off a high dive at the pool . ||| The boy is jumping off a high diving board into the pool .,5
1057089366_ca83da0877.jpg,person_replacement,a boy descends off the end of a high diving board,a girl descends off the end of a high diving board,A boy descends off the end of a high diving board . ||| A child jumps off a high diving board into the pool . ||| A kid jumps off the diving board and into the swimming pool below . ||| A little kid is jumping off a high dive at the pool . ||| The boy is jumping off a high diving board into the pool .,5
1057089366_ca83da0877.jpg,hallucination,a boy descends off the end of a high diving board,a boy descends off the end of a high diving board with an umbrella,A boy descends off the end of a high diving board . ||| A child jumps off a high diving board into the pool . ||| A kid jumps off the diving board and into the swimming pool below . ||| A little kid is jumping off a high dive at the pool . ||| The boy is jumping off a high diving board into the pool .,5
3066491113_86569e15be.jpg,original,a black dog is following a brown dog that is carrying a brown plate through a grassy field,a black dog is following a brown dog that is carrying a brown plate through a grassy field,"a black dog is following a brown dog that is carrying a brown plate through a grassy field . ||| A black dog following a tan dog fetching a large shallow bowl . ||| A brown dog carrying a Frisbee like object in its mouth ||| A dog runs with a large plate in its mouth . ||| Two dogs , one carrying a large dish in its mouth .",5
3066491113_86569e15be.jpg,object_replacement,a black dog is following a brown dog that is carrying a brown plate through a grassy field,a black cat is following a brown dog that is carrying a brown plate through a grassy field,"a black dog is following a brown dog that is carrying a brown plate through a grassy field . ||| A black dog following a tan dog fetching a large shallow bowl . ||| A brown dog carrying a Frisbee like object in its mouth ||| A dog runs with a large plate in its mouth . ||| Two dogs , one carrying a large dish in its mouth .",5
3066491113_86569e15be.jpg,negation,a black dog is following a brown dog that is carrying a brown plate through a grassy field,a black dog is not following a brown dog that is carrying a brown plate through a grassy field,"a black dog is following a brown dog that is carrying a brown plate through a grassy field . ||| A black dog following a tan dog fetching a large shallow bowl . ||| A brown dog carrying a Frisbee like object in its mouth ||| A dog runs with a large plate in its mouth . ||| Two dogs , one carrying a large dish in its mouth .",5
3066491113_86569e15be.jpg,hallucination,a black dog is following a brown dog that is carrying a brown plate through a grassy field,a black dog is following a brown dog that is carrying a brown plate through a grassy field with a traffic cone,"a black dog is following a brown dog that is carrying a brown plate through a grassy field . ||| A black dog following a tan dog fetching a large shallow bowl . ||| A brown dog carrying a Frisbee like object in its mouth ||| A dog runs with a large plate in its mouth . ||| Two dogs , one carrying a large dish in its mouth .",5
3608663656_9192a21eeb.jpg,original,a man climbs up the side of a steep rock that overlooks a river,a man climbs up the side of a steep rock that overlooks a river,A man climbs up the side of a steep rock that overlooks a river . ||| A man is climbing a steep and rocky cliff overlooking water . ||| A man is climbing on rocks by the water . ||| A man is climbing the side of a mountain over the ocean . ||| A man rock climbing at the ocean .,5
3608663656_9192a21eeb.jpg,person_replacement,a man climbs up the side of a steep rock that overlooks a river,a woman climbs up the side of a steep rock that overlooks a river,A man climbs up the side of a steep rock that overlooks a river . ||| A man is climbing a steep and rocky cliff overlooking water . ||| A man is climbing on rocks by the water . ||| A man is climbing the side of a mountain over the ocean . ||| A man rock climbing at the ocean .,5
3608663656_9192a21eeb.jpg,hallucination,a man climbs up the side of a steep rock that overlooks a river,a man climbs up the side of a steep rock that overlooks a river with a traffic cone,A man climbs up the side of a steep rock that overlooks a river . ||| A man is climbing a steep and rocky cliff overlooking water . ||| A man is climbing on rocks by the water . ||| A man is climbing the side of a mountain over the ocean . ||| A man rock climbing at the ocean .,5
3275537015_74e04c0f3e.jpg,original,four girls are playing volleyball on a sandy beach near ocean,four girls are playing volleyball on a sandy beach near ocean,Four girls are playing volleyball on a sandy beach near ocean . ||| Four girls in swimsuits are playing volleyball at the beach . ||| Four ladies in swimsuits play sand volleyball on the beach . ||| Four women in bikinis are playing volleyball on the beach . ||| Girls in bikinis are playing a game of volleyball near a body of water .,5
3275537015_74e04c0f3e.jpg,negation,four girls are playing volleyball on a sandy beach near ocean,four girls are not playing volleyball on a sandy beach near ocean,Four girls are playing volleyball on a sandy beach near ocean . ||| Four girls in swimsuits are playing volleyball at the beach . ||| Four ladies in swimsuits play sand volleyball on the beach . ||| Four women in bikinis are playing volleyball on the beach . ||| Girls in bikinis are playing a game of volleyball near a body of water .,5
3275537015_74e04c0f3e.jpg,hallucination,four girls are playing volleyball on a sandy beach near ocean,four girls are playing volleyball on a sandy beach near ocean with a traffic cone,Four girls are playing volleyball on a sandy beach near ocean . ||| Four girls in swimsuits are playing volleyball at the beach . ||| Four ladies in swimsuits play sand volleyball on the beach . ||| Four women in bikinis are playing volleyball on the beach . ||| Girls in bikinis are playing a game of volleyball near a body of water .,5
1457762320_7fe121b285.jpg,original,a group of bicyclists getting ready for a ride,a group of bicyclists getting ready for a ride,A group of bicyclists getting ready for a ride . ||| A group of cyclists is pausing nearby a green and tan sign . ||| A group of men are standing around and drinking water with their bikes . ||| A group of men chat and drink water from water bottles while standing by their bicycles . ||| Men in athletic clothing stand near bicycles .,5
1457762320_7fe121b285.jpg,hallucination,a group of bicyclists getting ready for a ride,a group of bicyclists getting ready for a ride with an umbrella,A group of bicyclists getting ready for a ride . ||| A group of cyclists is pausing nearby a green and tan sign . ||| A group of men are standing around and drinking water with their bikes . ||| A group of men chat and drink water from water bottles while standing by their bicycles . ||| Men in athletic clothing stand near bicycles .,5
2407091303_931c918490.jpg,original,a child plays at a playground,a child plays at a playground,"A child plays at a playground . ||| A little boy stands wide-legged , each foot on each side of the tube slide . ||| A little boy wearing a red shirt is standing on a slide . ||| A young boy climbing in a playhouse ||| Boy on playground equipment",5
2407091303_931c918490.jpg,hallucination,a child plays at a playground,a child plays at a playground with a suitcase,"A child plays at a playground . ||| A little boy stands wide-legged , each foot on each side of the tube slide . ||| A little boy wearing a red shirt is standing on a slide . ||| A young boy climbing in a playhouse ||| Boy on playground equipment",5
2164363131_6930455d45.jpg,original,a dog leaps for a toy on a road,a dog leaps for a toy on a road,A dog leaps for a toy on a road . ||| A man and a dog play with a Frisbee . ||| A person holding a Frisbee just out of reach of a white dog on a rural road ||| Person holding a Frisbee with a white dog jumping for it on a road . ||| The dog jumps up to get the Frisbee in the man 's hand .,5
2164363131_6930455d45.jpg,object_replacement,a dog leaps for a toy on a road,a cat leaps for a toy on a road,A dog leaps for a toy on a road . ||| A man and a dog play with a Frisbee . ||| A person holding a Frisbee just out of reach of a white dog on a rural road ||| Person holding a Frisbee with a white dog jumping for it on a road . ||| The dog jumps up to get the Frisbee in the man 's hand .,5
2164363131_6930455d45.jpg,hallucination,a dog leaps for a toy on a road,a dog leaps for a toy on a road with an umbrella,A dog leaps for a toy on a road . ||| A man and a dog play with a Frisbee . ||| A person holding a Frisbee just out of reach of a white dog on a rural road ||| Person holding a Frisbee with a white dog jumping for it on a road . ||| The dog jumps up to get the Frisbee in the man 's hand .,5
