image,perturbation_type,original_caption,perturbed_caption,references,reference_count,BLEU-1,BLEU-2,BLEU-3,BLEU-4,METEOR,ROUGE-L,CIDEr,CLIPScore,original_BLEU-1,original_BLEU-2,original_BLEU-3,original_BLEU-4,original_METEOR,original_ROUGE-L,original_CIDEr,original_CLIPScore,delta_BLEU-1,delta_BLEU-2,delta_BLEU-3,delta_BLEU-4,delta_METEOR,delta_ROUGE-L,delta_CIDEr,delta_CLIPScore
2224995194_518859d97d.jpg,hallucination,the rock climbers are on their equipment in front of a cave,the rock climbers are on their equipment in front of a cave with a helicopter,two people hang from safety ropes over a giant cliff ||| two people hanging on a rope over a cliff ||| two people lower themselves into a cave with long ropes ||| two people repel down into a hole,4,0.3333333333333333,0.2182178902359923,0.154150800490952,0.0743299818451363,0.2433862433862433,0.25,0.215553229956611,0.8915767073631287,0.25,0.1507556722888818,0.0610261222235142,0.0398635712826801,0.1838235294117647,0.1904761904761905,0.1954816765450369,0.9052588790655136,0.08333333333333331,0.06746221794711052,0.09312467826743781,0.034466410562456196,0.0595627139744786,0.05952380952380951,0.0200715534115741,-0.013682171702384949
3168123064_d1983b8f92.jpg,action_replacement,a person in a black wetsuit is surfing in the ocean with a wave coming down,a person in a black wetsuit is swimming in the ocean with a wave coming down,a person is surfing ||| a surfer in all black is riding a wave ||| a surfer rides the waves ||| a woman in a black wetsuit surfs in bad weather,4,0.625,0.4564354645876384,0.3098990471205467,0.2187405715612322,0.4395761741122566,0.4800000000000001,0.3767642516443602,0.7978208363056183,0.6875,0.5244044240850758,0.3399472648478799,0.2344621944105862,0.606971153846154,0.5384615384615384,0.4194815323946246,0.8136837184429169,-0.0625,-0.06796895949743742,-0.030048217727333182,-0.015721622849353994,-0.1673949797338974,-0.05846153846153834,-0.042717280750264375,-0.015862882137298584
3168123064_d1983b8f92.jpg,negation,a person in a black wetsuit is surfing in the ocean with a wave coming down,a person in a black wetsuit is not surfing in the ocean with a wave coming down,a person is surfing ||| a surfer in all black is riding a wave ||| a surfer rides the waves ||| a woman in a black wetsuit surfs in bad weather,4,0.6470588235294118,0.4496730838653134,0.2998546863420024,0.2094841271665114,0.5349990463475109,0.5185185185185185,0.3000837159699389,0.8021101355552673,0.6875,0.5244044240850758,0.3399472648478799,0.2344621944105862,0.606971153846154,0.5384615384615384,0.4194815323946246,0.8136837184429169,-0.0404411764705882,-0.07473134021976241,-0.040092578505877496,-0.02497806724407478,-0.07197210749864302,-0.019943019943019946,-0.11939781642468572,-0.011573582887649536
3168123064_d1983b8f92.jpg,hallucination,a person in a black wetsuit is surfing in the ocean with a wave coming down,a person in a black wetsuit is surfing in the ocean with a wave coming down with a helicopter,a person is surfing ||| a surfer in all black is riding a wave ||| a surfer rides the waves ||| a woman in a black wetsuit surfs in bad weather,4,0.5789473684210527,0.4392976851069795,0.2831606939029296,0.194086232706272,0.5738636363636362,0.4827586206896551,0.1803433336511523,0.7791564613580704,0.6875,0.5244044240850758,0.3399472648478799,0.2344621944105862,0.606971153846154,0.5384615384615384,0.4194815323946246,0.8136837184429169,-0.10855263157894735,-0.08510673897809634,-0.05678657094495032,-0.04037596170431418,-0.03310751748251772,-0.055702917771883353,-0.2391381987434723,-0.0345272570848465
2441629086_52f68eb316.jpg,person_replacement,a girl is peeking in a window,a boy is peeking in a window,a girl peers into a window ||| a girl peers into a window ||| a little girl is trying to look into a dark window ||| a small girl in a pink shirt and blue jeans is peeping through a window into a house,4,0.7142857142857143,0.4879500364742665,0.1682390865739974,0.1044552273072038,0.4189435336976321,0.4615384615384615,0.9105746183614056,0.7494774460792542,0.8571428571428571,0.7559289460184544,0.2252495760887212,0.1300118652068738,0.6147540983606558,0.6153846153846153,1.1623428902373536,0.8037423342466354,-0.1428571428571428,-0.2679789095441879,-0.05701048951472382,-0.02555663789967,-0.19581056466302366,-0.1538461538461538,-0.25176827187594797,-0.05426488816738129
2441629086_52f68eb316.jpg,negation,a girl is peeking in a window,a girl is not peeking in a window,a girl peers into a window ||| a girl peers into a window ||| a little girl is trying to look into a dark window ||| a small girl in a pink shirt and blue jeans is peeping through a window into a house,4,0.75,0.6546536707079771,0.1925856785554179,0.1093265113929093,0.6048387096774195,0.5714285714285715,0.9991008559981364,0.7918132096529007,0.8571428571428571,0.7559289460184544,0.2252495760887212,0.1300118652068738,0.6147540983606558,0.6153846153846153,1.1623428902373536,0.8037423342466354,-0.1071428571428571,-0.10127527531047731,-0.032663897533303315,-0.020685353813964497,-0.00991538868323627,-0.0439560439560438,-0.16324203423921724,-0.011929124593734741
2441629086_52f68eb316.jpg,hallucination,a girl is peeking in a window,a girl is peeking in a window with a suitcase,a girl peers into a window ||| a girl peers into a window ||| a little girl is trying to look into a dark window ||| a small girl in a pink shirt and blue jeans is peeping through a window into a house,4,0.6333861926251716,0.5046941987886602,0.1422915346744467,0.0781182355823948,0.3670058139534883,0.5,0.8722628958661476,0.7338187098503113,0.8571428571428571,0.7559289460184544,0.2252495760887212,0.1300118652068738,0.6147540983606558,0.6153846153846153,1.1623428902373536,0.8037423342466354,-0.2237566645176855,-0.2512347472297942,-0.08295804141427451,-0.05189362962447901,-0.24774828440716745,-0.11538461538461531,-0.290079994371206,-0.06992362439632416
3279524184_d5e2ffbaed.jpg,color_replacement,two black and white dogs and one has something blue in its mouth,two black and white dogs and one has something red in its mouth,two black and white dogs run through a field ||| two white dogs are running through a field ||| two white dogs run along a light colored field and one has a blue toy ||| two white dogs with black spots jumping through the grass,4,0.4616790333940838,0.444885048426159,0.3951689354898305,0.3207310180540507,0.474468085106383,0.4545454545454546,1.2810173416455202,0.7678066194057465,0.5276331810218101,0.4756021222025773,0.4131554120176103,0.3316186519505937,0.474468085106383,0.5,1.3106155193594815,0.8001028001308441,-0.06595414762772633,-0.030717073776418302,-0.017986476527779793,-0.010887633896543014,0.0,-0.045454545454545414,-0.029598177713961338,-0.032296180725097656
3279524184_d5e2ffbaed.jpg,hallucination,two black and white dogs and one has something blue in its mouth,two black and white dogs and one has something blue in its mouth with an umbrella,two black and white dogs run through a field ||| two white dogs are running through a field ||| two white dogs run along a light colored field and one has a blue toy ||| two white dogs with black spots jumping through the grass,4,0.5625,0.4743416490252569,0.4005943545145987,0.3153554052490132,0.4597938144329897,0.4516129032258064,0.8086307663446152,0.7806780934333801,0.5276331810218101,0.4756021222025773,0.4131554120176103,0.3316186519505937,0.474468085106383,0.5,1.3106155193594815,0.8001028001308441,0.034866818978189884,-0.0012604731773204203,-0.012561057503011619,-0.016263246701580525,-0.014674270673393275,-0.048387096774193616,-0.5019847530148663,-0.01942470669746399
3339105374_cc41e0b7d7.jpg,object_replacement,a woman in a red coat with a man in a white and black coat and a black dog in the snow,a woman in a red coat with a man in a white and black coat and a black cat in the snow,two people and a dog are in the snow ||| two people are interacting with a dog that has bitten an object one of them is holding ||| two people are walking up a snowy hill with a dog ||| two people playing on a snowy hill,4,0.3181818181818182,0.2461829819586654,0.1447089370238733,0.0631950577114568,0.4699029126213593,0.3225806451612903,0.0214219623897023,0.6840132176876068,0.3636363636363636,0.2631806779839075,0.1512954970122327,0.0653402965991945,0.5461165048543688,0.3870967741935484,0.0443549520723253,0.7054427266120911,-0.045454545454545414,-0.016997696025242093,-0.006586559988359386,-0.0021452388877377104,-0.0762135922330095,-0.06451612903225806,-0.022932989682623,-0.021429508924484253
3339105374_cc41e0b7d7.jpg,person_replacement,a woman in a red coat with a man in a white and black coat and a black dog in the snow,a man in a red coat with a man in a white and black coat and a black dog in the snow,two people and a dog are in the snow ||| two people are interacting with a dog that has bitten an object one of them is holding ||| two people are walking up a snowy hill with a dog ||| two people playing on a snowy hill,4,0.3636363636363636,0.2631806779839075,0.1512954970122327,0.0653402965991945,0.5461165048543688,0.3870967741935484,0.0430519095378491,0.6965575367212296,0.3636363636363636,0.2631806779839075,0.1512954970122327,0.0653402965991945,0.5461165048543688,0.3870967741935484,0.0443549520723253,0.7054427266120911,0.0,0.0,0.0,0.0,0.0,0.0,-0.0013030425344762037,-0.008885189890861511
3339105374_cc41e0b7d7.jpg,color_replacement,a woman in a red coat with a man in a white and black coat and a black dog in the snow,a woman in a blue coat with a man in a white and black coat and a black dog in the snow,two people and a dog are in the snow ||| two people are interacting with a dog that has bitten an object one of them is holding ||| two people are walking up a snowy hill with a dog ||| two people playing on a snowy hill,4,0.3636363636363636,0.2631806779839075,0.1512954970122327,0.0653402965991945,0.5461165048543688,0.3870967741935484,0.0438458787881095,0.6880824267864227,0.3636363636363636,0.2631806779839075,0.1512954970122327,0.0653402965991945,0.5461165048543688,0.3870967741935484,0.0443549520723253,0.7054427266120911,0.0,0.0,0.0,0.0,0.0,0.0,-0.0005090732842158024,-0.017360299825668335
3339105374_cc41e0b7d7.jpg,hallucination,a woman in a red coat with a man in a white and black coat and a black dog in the snow,a woman in a red coat with a man in a white and black coat and a black dog in the snow with an umbrella,two people and a dog are in the snow ||| two people are interacting with a dog that has bitten an object one of them is holding ||| two people are walking up a snowy hill with a dog ||| two people playing on a snowy hill,4,0.36,0.2449489742783178,0.1376600125429635,0.0586813617407683,0.5306603773584906,0.3529411764705882,0.0253609652981823,0.695439949631691,0.3636363636363636,0.2631806779839075,0.1512954970122327,0.0653402965991945,0.5461165048543688,0.3870967741935484,0.0443549520723253,0.7054427266120911,-0.0036363636363636043,-0.018231703705589686,-0.013635484469269182,-0.006658934858426203,-0.015456127495878214,-0.034155597722960174,-0.018993986774143,-0.010002776980400085
2272750492_91e8f67328.jpg,person_replacement,a man jumps through the air while snowboarding,a woman jumps through the air while snowboarding,a snowboarder in gray pants and a white jacket catches some air ||| a snowboarder in gray pants is doing a jump ||| a snowboarder with brown pants ||| person wearing grey pants airborne on a snowboard,4,0.25,0.0597614304667196,0.039044833280954,0.033031643180138,0.1886792452830188,0.3076923076923077,0.0531664638632193,0.765736997127533,0.25,0.0597614304667196,0.039044833280954,0.033031643180138,0.1886792452830188,0.3076923076923077,0.0536742782366769,0.8016852289438248,0.0,0.0,0.0,0.0,0.0,0.0,-0.0005078143734576004,-0.03594823181629181
2272750492_91e8f67328.jpg,hallucination,a man jumps through the air while snowboarding,a man jumps through the air while snowboarding with an umbrella,a snowboarder in gray pants and a white jacket catches some air ||| a snowboarder in gray pants is doing a jump ||| a snowboarder with brown pants ||| person wearing grey pants airborne on a snowboard,4,0.2490274680769806,0.0476851297025655,0.028467371580196,0.0226525815078815,0.4563492063492063,0.3749999999999999,0.0542208451672259,0.7475236058235168,0.25,0.0597614304667196,0.039044833280954,0.033031643180138,0.1886792452830188,0.3076923076923077,0.0536742782366769,0.8016852289438248,-0.0009725319230194096,-0.0120763007641541,-0.010577461700757997,-0.010379061672256502,0.26766996106618746,0.06730769230769218,0.0005465669305490042,-0.05416162312030792
2021671653_567395c7cf.jpg,person_replacement,a boy dressed in denim is running on the sidewalk,a girl dressed in denim is running on the sidewalk,a young boy in motion in front of potted plants and a beige wall ||| a young boy wearing a denim outfit running down the street ||| little boy in denim runs through paved spanishstyle yard area ||| young boy running waring blue jacket and blue jeans flower pots are in the background on a cement walkway,4,0.6,0.258198889747161,0.0941036028881028,0.0587394909469921,0.2555555555555555,0.380952380952381,0.5104136603800865,0.7435683161020279,0.7,0.2788866755113585,0.0990653658793855,0.0610473583580784,0.315625,0.4761904761904761,0.6388749652959769,0.886460691690445,-0.09999999999999998,-0.020687785764197497,-0.004961762991282703,-0.002307867411086302,-0.06006944444444451,-0.09523809523809512,-0.12846130491589036,-0.14289237558841705
2021671653_567395c7cf.jpg,action_replacement,a boy dressed in denim is running on the sidewalk,a boy dressed in denim is standing on the sidewalk,a young boy in motion in front of potted plants and a beige wall ||| a young boy wearing a denim outfit running down the street ||| little boy in denim runs through paved spanishstyle yard area ||| young boy running waring blue jacket and blue jeans flower pots are in the background on a cement walkway,4,0.6,0.258198889747161,0.0941036028881028,0.0587394909469921,0.2555555555555555,0.380952380952381,0.5590109315138989,0.7088039815425873,0.7,0.2788866755113585,0.0990653658793855,0.0610473583580784,0.315625,0.4761904761904761,0.6388749652959769,0.886460691690445,-0.09999999999999998,-0.020687785764197497,-0.004961762991282703,-0.002307867411086302,-0.06006944444444451,-0.09523809523809512,-0.07986403378207796,-0.17765671014785767
2021671653_567395c7cf.jpg,negation,a boy dressed in denim is running on the sidewalk,a boy dressed in denim is not running on the sidewalk,a young boy in motion in front of potted plants and a beige wall ||| a young boy wearing a denim outfit running down the street ||| little boy in denim runs through paved spanishstyle yard area ||| young boy running waring blue jacket and blue jeans flower pots are in the background on a cement walkway,4,0.6363636363636364,0.2522624895547565,0.0890883567703394,0.0545246911963086,0.3125,0.4545454545454545,0.5409047711459023,0.7989108562469482,0.7,0.2788866755113585,0.0990653658793855,0.0610473583580784,0.315625,0.4761904761904761,0.6388749652959769,0.886460691690445,-0.0636363636363636,-0.026624185956601987,-0.0099770091090461,-0.006522667161769802,-0.003124999999999989,-0.021645021645021634,-0.09797019415007457,-0.0875498354434967
2021671653_567395c7cf.jpg,hallucination,a boy dressed in denim is running on the sidewalk,a boy dressed in denim is running on the sidewalk with a helicopter,a young boy in motion in front of potted plants and a beige wall ||| a young boy wearing a denim outfit running down the street ||| little boy in denim runs through paved spanishstyle yard area ||| young boy running waring blue jacket and blue jeans flower pots are in the background on a cement walkway,4,0.5698222022414253,0.2096888927716905,0.0717987637738597,0.043026488932731,0.3064320388349515,0.4166666666666666,0.4819060458413543,0.8666859567165375,0.7,0.2788866755113585,0.0990653658793855,0.0610473583580784,0.315625,0.4761904761904761,0.6388749652959769,0.886460691690445,-0.13017779775857463,-0.06919778273966798,-0.027266602105525797,-0.018020869425347405,-0.009192961165048474,-0.059523809523809534,-0.15696891945462255,-0.01977473497390747
416960865_048fd3f294.jpg,color_replacement,a hiker in a red on a snowy peak,a hiker in a blue on a snowy peak,a person in a red jacket and a red hardhat stands near a mountain ||| a person wearing a red jacket and helmet walks up near the large rock ||| a woman wearing a red work man s hat and red jacket is hiking in the snow topped mountains ||| the person wearing the red hardhat is on the mountain,4,0.4971329537857609,0.2358108650835347,0.0892465726576343,0.0570613591495714,0.1481481481481481,0.3478260869565217,0.0064373264113671,0.6311049312353134,0.596559544542913,0.3653166213293175,0.257431662133764,0.1262975489687145,0.2755555555555555,0.4347826086956521,0.2028581250643985,0.7581493258476257,-0.09942659075715216,-0.12950575624578284,-0.1681850894761297,-0.0692361898191431,-0.12740740740740739,-0.08695652173913043,-0.1964207986530314,-0.12704439461231232
416960865_048fd3f294.jpg,hallucination,a hiker in a red on a snowy peak,a hiker in a red on a snowy peak with a television,a person in a red jacket and a red hardhat stands near a mountain ||| a person wearing a red jacket and helmet walks up near the large rock ||| a woman wearing a red work man s hat and red jacket is hiking in the snow topped mountains ||| the person wearing the red hardhat is on the mountain,4,0.5833333333333334,0.3256694736394648,0.2197107811492718,0.1041904464013639,0.3089774557165861,0.4615384615384615,0.2208622108311275,0.7426154613494873,0.596559544542913,0.3653166213293175,0.257431662133764,0.1262975489687145,0.2755555555555555,0.4347826086956521,0.2028581250643985,0.7581493258476257,-0.013226211209579675,-0.039647147689852724,-0.037720880984492194,-0.0221071025673506,0.03342190016103058,0.026755852842809402,0.018004085766729017,-0.015533864498138428
3474406285_01f3d24b71.jpg,object_replacement,a brown dog jumping over a blue and yellow stick,a brown cat jumping over a blue and yellow stick,a brown dog jumping over a hurdle ||| a brown dog jumps over an obstacle ||| a dog jumps over a hurdle at a competition ||| the brown dog is jumping a hurdle over a yellow and black pole,4,0.7,0.4830458915396479,0.3078191250746389,0.14287202148494,0.6630136986301369,0.588235294117647,0.88402690394006,0.6354828178882599,0.8,0.6666666666666667,0.60570686427738,0.5555238068023582,0.8200152207001522,0.7058823529411764,1.8339403413555635,0.7662607729434967,-0.10000000000000009,-0.18362077512701885,-0.2978877392027411,-0.41265178531741825,-0.15700152207001528,-0.11764705882352944,-0.9499134374155035,-0.13077795505523682
3474406285_01f3d24b71.jpg,hallucination,a brown dog jumping over a blue and yellow stick,a brown dog jumping over a blue and yellow stick with a helicopter,a brown dog jumping over a hurdle ||| a brown dog jumps over an obstacle ||| a dog jumps over a hurdle at a competition ||| the brown dog is jumping a hurdle over a yellow and black pole,4,0.6923076923076923,0.5370861555295747,0.4716122463218143,0.4211813371894875,0.7401315789473685,0.6,1.1450134443434026,0.7857165485620499,0.8,0.6666666666666667,0.60570686427738,0.5555238068023582,0.8200152207001522,0.7058823529411764,1.8339403413555635,0.7662607729434967,-0.10769230769230775,-0.129580511137092,-0.13409461795556565,-0.13434246961287072,-0.07988364175278373,-0.10588235294117643,-0.6889268970121609,0.01945577561855316
3690348036_a01f243fb0.jpg,hallucination,a bmx biker is in midair attempting a trick,a bmx biker is in midair attempting a trick with a television,a boy does a trick on a bike in the woods ||| a person is in the air with a trick bike ||| a person riding a bike doing a very high jump ||| the young man is performing a bicycle trick high in the air,4,0.5833333333333334,0.3988620176087328,0.1167387721650395,0.0648411507139764,0.5010893246187365,0.4545454545454545,0.3573754224825246,0.7382702827453613,0.4971329537857609,0.3334869235560669,0.1124436355223257,0.067857774292396,0.4505050505050505,0.5263157894736842,0.3860336484337553,0.7689966261386871,0.08620037954757248,0.0653750940526659,0.004295136642713804,-0.0030166235784196,0.050584274113685934,-0.0717703349282297,-0.028658225951230742,-0.030726343393325806
2746839158_4195210d27.jpg,hallucination,children playing outside in a fountain,children playing outside in a fountain with a traffic cone,two boys in underwear play in the water in the city street ||| two little boys play in the water left behind by the sprinklers ||| two young boys are playing in a fountain in a city plaza ||| two young boys play in the water that has collected on the street,4,0.4093653765389909,0.272910251025994,0.1968023461373634,0.0971702834321306,0.3152542372881355,0.4545454545454545,0.2434444065985897,0.8040927350521088,0.2452529607809615,0.1899721265425449,0.1491678047482249,0.0798734401038755,0.2768640350877193,0.4444444444444444,0.2307520749393867,0.8151271194219589,0.1641124157580294,0.08293812448344909,0.047634541389138474,0.01729684332825511,0.038390202200416224,0.010101010101010055,0.012692331659202999,-0.011034384369850159
989754491_7e53fb4586.jpg,person_replacement,a girl in a pool wearing goggles and surrounded by other children,a boy in a pool wearing goggles and surrounded by other children,a girl in green goggles in a pool with three other children ||| a red haired girl making a peace sign is wearing neon green glasses and floaties and playing in the pool with other kids ||| a redheaded girl offers the peace sign as she swims in the pool with floaties ||| a young girl with goggles and floaties poses for the camera as she plays in a pool,4,0.75,0.5222329678670936,0.3010067189543958,0.1319384917132592,0.5289115646258503,0.5,0.8618625922491183,0.8590206503868103,0.8333333333333334,0.674199862463242,0.4496443130226092,0.1782753104279625,0.625,0.5833333333333334,1.0130934356435963,0.8759838342666626,-0.08333333333333337,-0.15196689459614843,-0.14863759406821342,-0.0463368187147033,-0.09608843537414968,-0.08333333333333337,-0.151230843394478,-0.016963183879852295
989754491_7e53fb4586.jpg,hallucination,a girl in a pool wearing goggles and surrounded by other children,a girl in a pool wearing goggles and surrounded by other children with a helicopter,a girl in green goggles in a pool with three other children ||| a red haired girl making a peace sign is wearing neon green glasses and floaties and playing in the pool with other kids ||| a redheaded girl offers the peace sign as she swims in the pool with floaties ||| a young girl with goggles and floaties poses for the camera as she plays in a pool,4,0.7333333333333333,0.560611910581388,0.3643094426946137,0.1416796611604849,0.4747565994178461,0.5185185185185186,0.8988580306907469,0.8209554851055145,0.8333333333333334,0.674199862463242,0.4496443130226092,0.1782753104279625,0.625,0.5833333333333334,1.0130934356435963,0.8759838342666626,-0.10000000000000009,-0.113587951881854,-0.08533487032799553,-0.036595649267477603,-0.1502434005821539,-0.06481481481481477,-0.11423540495284945,-0.05502834916114807
3638178504_be1ff246bd.jpg,person_replacement,a little girl is looking at the two horses on the other side of the fence,a little boy is looking at the two horses on the other side of the fence,a small child staring at a horse and a pony ||| two horses are looking at a small child ||| two horses look over a fence at a child wearing a red sweatshirt ||| two horse stare at a young child with crumbling structures nearby,4,0.375,0.223606797749979,0.0709491705985192,0.0407122077555306,0.5068181818181818,0.2307692307692307,0.5309586174789807,0.7934461534023285,0.375,0.223606797749979,0.0709491705985192,0.0407122077555306,0.5068181818181818,0.2307692307692307,0.5316657208486916,0.839662030339241,0.0,0.0,0.0,0.0,0.0,0.0,-0.0007071033697109153,-0.04621587693691254
3638178504_be1ff246bd.jpg,action_replacement,a little girl is looking at the two horses on the other side of the fence,a little girl is pointing at the two horses on the other side of the fence,a small child staring at a horse and a pony ||| two horses are looking at a small child ||| two horses look over a fence at a child wearing a red sweatshirt ||| two horse stare at a young child with crumbling structures nearby,4,0.3125,0.1443375672974064,0.0529919916474163,0.0327093447087721,0.3586647727272727,0.2307692307692307,0.4066413770584231,0.8435364067554474,0.375,0.223606797749979,0.0709491705985192,0.0407122077555306,0.5068181818181818,0.2307692307692307,0.5316657208486916,0.839662030339241,-0.0625,-0.07926923045257259,-0.017957178951102895,-0.008002863046758499,-0.14815340909090913,0.0,-0.12502434379026844,0.00387437641620636
3638178504_be1ff246bd.jpg,negation,a little girl is looking at the two horses on the other side of the fence,a little girl is not looking at the two horses on the other side of the fence,a small child staring at a horse and a pony ||| two horses are looking at a small child ||| two horses look over a fence at a child wearing a red sweatshirt ||| two horse stare at a young child with crumbling structures nearby,4,0.3529411764705882,0.2100420126042014,0.0665028658428247,0.0380713486644631,0.501123595505618,0.2222222222222222,0.4055144715701136,0.8450435101985931,0.375,0.223606797749979,0.0709491705985192,0.0407122077555306,0.5068181818181818,0.2307692307692307,0.5316657208486916,0.839662030339241,-0.022058823529411797,-0.01356478514577758,-0.004446304755694505,-0.002640859091067496,-0.00569458631256381,-0.008547008547008489,-0.12615124927857796,0.005381479859352112
3638178504_be1ff246bd.jpg,hallucination,a little girl is looking at the two horses on the other side of the fence,a little girl is looking at the two horses on the other side of the fence with a helicopter,a small child staring at a horse and a pony ||| two horses are looking at a small child ||| two horses look over a fence at a child wearing a red sweatshirt ||| two horse stare at a young child with crumbling structures nearby,4,0.4210526315789473,0.21629522817435,0.0650451598138697,0.0362143957417634,0.4901098901098901,0.2758620689655172,0.2631776768252742,0.8082864433526993,0.375,0.223606797749979,0.0709491705985192,0.0407122077555306,0.5068181818181818,0.2307692307692307,0.5316657208486916,0.839662030339241,0.04605263157894729,-0.007311569575628979,-0.005904010784649499,-0.0044978120137671995,-0.016708291708291745,0.04509283819628648,-0.26848804402341736,-0.03137558698654175
3472270112_0a7cb7b27c.jpg,hallucination,a baseman and a ballplayer from the opposing team sliding onto base,a baseman and a ballplayer from the opposing team sliding onto base with a helicopter,a runner slides into second base while the shortstop waits for the ball ||| men participate in a baseball game ||| three baseball players in motion one sliding into a base another running in the background ||| three men playing baseball and the one wearing a red helmet is sliding to the plate,4,0.3333333333333333,0.0487950036474266,0.0263594161000486,0.0197654418733492,0.1515151515151515,0.2142857142857142,0.2800972806921303,0.8299225568771362,0.3833518394288847,0.0566248193819654,0.0308987433853914,0.0234340409283761,0.1550387596899224,0.24,0.276382804127623,0.8575465530157089,-0.05001850609555136,-0.007829815734538795,-0.004539327285342797,-0.0036685990550269013,-0.0035236081747709036,-0.0257142857142858,0.0037144765645072964,-0.027623996138572693
3464871350_3f2d624a9c.jpg,object_replacement,a driver is sitting in a team penske race car,a driver is sitting in a team penske race truck,a race car driver with an orange helmet sits in a team penske indy car at the raceway ||| a race car sits in the pits ||| race car driver getting ready for the start of the race ||| racing car marked team penske on track banners and spectators in background,4,0.6333861926251716,0.4370779972936131,0.3509211008891332,0.2733853513461668,0.436046511627907,0.5,0.6971802399069548,0.7078340649604797,0.7238699344287677,0.5395407934170133,0.4038186547336971,0.3037441422076457,0.610958904109589,0.5714285714285714,1.215379912196964,0.7910473644733429,-0.09048374180359608,-0.10246279612340026,-0.052897553844563905,-0.030358790861478857,-0.174912392481682,-0.0714285714285714,-0.5181996722900092,-0.08321329951286316
3464871350_3f2d624a9c.jpg,negation,a driver is sitting in a team penske race car,a driver is not sitting in a team penske race car,a race car driver with an orange helmet sits in a team penske indy car at the raceway ||| a race car sits in the pits ||| race car driver getting ready for the start of the race ||| racing car marked team penske on track banners and spectators in background,4,0.7272727272727273,0.5393598899705937,0.4013422919391943,0.2998221389342337,0.6027027027027028,0.5517241379310345,1.1255881712715865,0.7597258687019348,0.7238699344287677,0.5395407934170133,0.4038186547336971,0.3037441422076457,0.610958904109589,0.5714285714285714,1.215379912196964,0.7910473644733429,0.0034027928439596122,-0.00018090344641963352,-0.0024763627945028066,-0.003922003273411967,-0.00825620140688621,-0.019704433497536922,-0.08979174092537745,-0.03132149577140808
3464871350_3f2d624a9c.jpg,hallucination,a driver is sitting in a team penske race car,a driver is sitting in a team penske race car with an umbrella,a race car driver with an orange helmet sits in a team penske indy car at the raceway ||| a race car sits in the pits ||| race car driver getting ready for the start of the race ||| racing car marked team penske on track banners and spectators in background,4,0.7692307692307693,0.5661385170722979,0.3876986054269914,0.2762935071062246,0.5868421052631579,0.5161290322580646,1.1425944608091425,0.7782213389873505,0.7238699344287677,0.5395407934170133,0.4038186547336971,0.3037441422076457,0.610958904109589,0.5714285714285714,1.215379912196964,0.7910473644733429,0.04536083480200159,0.026597723655284566,-0.016120049306705686,-0.027450635101421095,-0.02411679884643103,-0.055299539170506784,-0.07278545138782144,-0.012826025485992432
493542985_c85ad29ebe.jpg,person_replacement,a girl is rowing in a lake,a boy is rowing in a lake,a girl sits on a skinny canoe ||| a woman sits in a rowing scull and looks behind her at a dock ||| a woman sitting in a rowboat ||| girl in a thin rowboat leaving the dock of a lake,4,0.7142857142857143,0.4879500364742665,0.1682390865739974,0.1044552273072038,0.4189435336976321,0.4615384615384615,0.2715942732377366,0.7009141892194748,0.8571428571428571,0.6546536707079771,0.2046528216187626,0.1209896735024439,0.4189435336976321,0.4615384615384615,0.4140189734137056,0.8149037510156631,-0.1428571428571428,-0.1667036342337106,-0.03641373504476522,-0.016534446195240096,0.0,0.0,-0.14242470017596898,-0.11398956179618835
493542985_c85ad29ebe.jpg,action_replacement,a girl is rowing in a lake,a girl is floating in a lake,a girl sits on a skinny canoe ||| a woman sits in a rowing scull and looks behind her at a dock ||| a woman sitting in a rowboat ||| girl in a thin rowboat leaving the dock of a lake,4,0.7142857142857143,0.5976143046671969,0.1925856785554179,0.1155987114790698,0.4189435336976321,0.4615384615384615,0.2771702816118342,0.6429457664489746,0.8571428571428571,0.6546536707079771,0.2046528216187626,0.1209896735024439,0.4189435336976321,0.4615384615384615,0.4140189734137056,0.8149037510156631,-0.1428571428571428,-0.05703936604078019,-0.01206714306334472,-0.0053909620233740935,0.0,0.0,-0.13684869180187137,-0.17195798456668854
493542985_c85ad29ebe.jpg,negation,a girl is rowing in a lake,a girl is not rowing in a lake,a girl sits on a skinny canoe ||| a woman sits in a rowing scull and looks behind her at a dock ||| a woman sitting in a rowboat ||| girl in a thin rowboat leaving the dock of a lake,4,0.75,0.5669467095138409,0.1749757011938004,0.1017397827309225,0.4121863799283153,0.4285714285714285,0.3600198099360968,0.8161738514900208,0.8571428571428571,0.6546536707079771,0.2046528216187626,0.1209896735024439,0.4189435336976321,0.4615384615384615,0.4140189734137056,0.8149037510156631,-0.1071428571428571,-0.08770696119413623,-0.029677120424962206,-0.019249890771521394,-0.006757153769316793,-0.032967032967033016,-0.0539991634776088,0.001270100474357605
493542985_c85ad29ebe.jpg,hallucination,a girl is rowing in a lake,a girl is rowing in a lake with an umbrella,a girl sits on a skinny canoe ||| a woman sits in a rowing scull and looks behind her at a dock ||| a woman sitting in a rowboat ||| girl in a thin rowboat leaving the dock of a lake,4,0.5429024508215757,0.4046555950627599,0.1228053313835529,0.0699489249174245,0.3993055555555556,0.380952380952381,0.3501153195987871,0.7547975331544876,0.8571428571428571,0.6546536707079771,0.2046528216187626,0.1209896735024439,0.4189435336976321,0.4615384615384615,0.4140189734137056,0.8149037510156631,-0.31424040632128136,-0.2499980756452172,-0.08184749023520971,-0.051040748585019405,-0.019637978142076518,-0.08058608058608052,-0.06390365381491847,-0.06010621786117554
2303016989_0deb96c8d9.jpg,object_replacement,a black and white dog is catching a red and green object in his mouth,a black and white cat is catching a red and green object in his mouth,a black and white dog is running through the field to catch something in its mouth ||| a dog catching a flexable frisbee in its mouth ||| a small black and white dog jumps with an object in its mouth ||| the black and white dog leaps to catch a toy,4,0.6236713233544118,0.456480667468109,0.3106891966888325,0.2198928262665456,0.3875,0.5161290322580646,0.9087938402064304,0.7293614745140076,0.686038455689853,0.5664776108983309,0.4520395053577804,0.3833796477982051,0.4867724867724867,0.5806451612903225,1.484617961977569,0.8626870810985565,-0.06236713233544122,-0.10999694343022193,-0.14135030866894793,-0.1634868215316595,-0.09927248677248668,-0.0645161290322579,-0.5758241217711386,-0.13332560658454895
2303016989_0deb96c8d9.jpg,negation,a black and white dog is catching a red and green object in his mouth,a black and white dog is not catching a red and green object in his mouth,a black and white dog is running through the field to catch something in its mouth ||| a dog catching a flexable frisbee in its mouth ||| a small black and white dog jumps with an object in its mouth ||| the black and white dog leaps to catch a toy,4,0.6875,0.5664215155988809,0.4508898714992067,0.3813707100324891,0.4821802935010481,0.5625,1.2544980949018862,0.7898369431495667,0.686038455689853,0.5664776108983309,0.4520395053577804,0.3833796477982051,0.4867724867724867,0.5806451612903225,1.484617961977569,0.8626870810985565,0.0014615443101470005,-5.609529945005409e-05,-0.0011496338585737509,-0.002008937765715979,-0.004592193271438616,-0.01814516129032251,-0.23011986707568277,-0.07285013794898987
2303016989_0deb96c8d9.jpg,hallucination,a black and white dog is catching a red and green object in his mouth,a black and white dog is catching a red and green object in his mouth with a television,a black and white dog is running through the field to catch something in its mouth ||| a dog catching a flexable frisbee in its mouth ||| a small black and white dog jumps with an object in its mouth ||| the black and white dog leaps to catch a toy,4,0.6666666666666666,0.5239368319955838,0.4094170795738882,0.3422803488747217,0.5098308184727939,0.5294117647058824,0.963470247928248,0.7979712635278702,0.686038455689853,0.5664776108983309,0.4520395053577804,0.3833796477982051,0.4867724867724867,0.5806451612903225,1.484617961977569,0.8626870810985565,-0.01937178902318637,-0.0425407789027471,-0.04262242578389225,-0.04109929892348341,0.02305833170030719,-0.05123339658444015,-0.521147714049321,-0.06471581757068634
540604040_bec822c144.jpg,person_replacement,a girl sliding down a pole,a boy sliding down a pole,a small child with a ponytail dressed in jean shorts and a pink and brown shirt climbs on a pole near wooden playground equipment ||| a young asian girl is sliding down a pole on outdoor playground equipment ||| a young girl slides down a bar in a play structure ||| a young girl sliding down a black pole,4,0.5971094254781577,0.5066641486392106,0.451386440550339,0.3849815007763549,0.5717948717948719,0.7142857142857143,1.2763959792108732,0.8322159945964813,0.7165313105737893,0.6408850873800026,0.6043459130494065,0.5698363775444273,0.7211538461538461,0.8571428571428571,1.8709002978014313,0.8153489232063293,-0.11942188509563156,-0.134220938740792,-0.15295947249906755,-0.18485487676807238,-0.14935897435897427,-0.1428571428571428,-0.5945043185905581,0.016867071390151978
540604040_bec822c144.jpg,hallucination,a girl sliding down a pole,a girl sliding down a pole with a television,a small child with a ponytail dressed in jean shorts and a pink and brown shirt climbs on a pole near wooden playground equipment ||| a young asian girl is sliding down a pole on outdoor playground equipment ||| a young girl slides down a bar in a play structure ||| a young girl sliding down a black pole,4,0.8888888888888888,0.7453559924999299,0.6197980942410934,0.5307712171072443,0.6310013717421126,0.7058823529411765,1.6024536930865405,0.7634089887142181,0.7165313105737893,0.6408850873800026,0.6043459130494065,0.5698363775444273,0.7211538461538461,0.8571428571428571,1.8709002978014313,0.8153489232063293,0.17235757831509957,0.1044709051199273,0.015452181191686898,-0.039065160437183,-0.09015247441173357,-0.15126050420168058,-0.2684466047148908,-0.051939934492111206
2735979477_eef7c680f9.jpg,object_replacement,a tan dog and larger white dog run along the grass,a tan cat and larger white dog run along the grass,two big dogs brown and tan are running in grass ||| two dogs running on grass ||| two golden retreiver dogs are running on the grass ||| two large dogs running in some grass,4,0.3636363636363636,0.1906925178491184,0.0739278822620259,0.0474060425987813,0.6696428571428572,0.3999999999999999,0.3251948405279609,0.8450454473495483,0.3636363636363636,0.1906925178491184,0.0739278822620259,0.0474060425987813,0.6696428571428572,0.3999999999999999,0.367414228391377,0.8760906755924225,0.0,0.0,0.0,0.0,0.0,0.0,-0.042219387863416113,-0.031045228242874146
2735979477_eef7c680f9.jpg,hallucination,a tan dog and larger white dog run along the grass,a tan dog and larger white dog run along the grass with a helicopter,two big dogs brown and tan are running in grass ||| two dogs running on grass ||| two golden retreiver dogs are running on the grass ||| two large dogs running in some grass,4,0.2857142857142857,0.1482498633322202,0.0567896404549297,0.0359214342034289,0.6355932203389831,0.3478260869565217,0.2235751662784133,0.8029914647340775,0.3636363636363636,0.1906925178491184,0.0739278822620259,0.0474060425987813,0.6696428571428572,0.3999999999999999,0.367414228391377,0.8760906755924225,-0.07792207792207789,-0.04244265451689819,-0.0171382418070962,-0.011484608395352397,-0.03404963680387407,-0.05217391304347824,-0.14383906211296368,-0.07309921085834503
2053441349_a98b5fc742.jpg,object_replacement,a dog in a field of colorful flowers,a cat in a field of colorful flowers,a large brown dog is running through a field of flowers ||| a tan dog walks through a field of colorful flowers ||| dog runs through field of flowers ||| the brown dog walks through the flowers,4,0.75,0.6546536707079771,0.5984084805885754,0.5410822690539396,0.600907029478458,0.6666666666666665,2.1970689049654286,0.8066729456186295,0.875,0.7071067811865475,0.6299605249474366,0.5623413251903491,0.6861724281549355,0.7777777777777777,2.7888544331406178,0.9798777848482132,-0.125,-0.052453110478570375,-0.031552044358861164,-0.021259056136409438,-0.08526539867647753,-0.11111111111111116,-0.5917855281751891,-0.17320483922958374
2053441349_a98b5fc742.jpg,hallucination,a dog in a field of colorful flowers,a dog in a field of colorful flowers with a television,a large brown dog is running through a field of flowers ||| a tan dog walks through a field of colorful flowers ||| dog runs through field of flowers ||| the brown dog walks through the flowers,4,0.6363636363636364,0.504524979109513,0.4394215622985436,0.3816330911371337,0.6284097797534854,0.6666666666666666,2.057957403157718,0.9250889718532562,0.875,0.7071067811865475,0.6299605249474366,0.5623413251903491,0.6861724281549355,0.7777777777777777,2.7888544331406178,0.9798777848482132,-0.23863636363636365,-0.20258180207703447,-0.19053896264889297,-0.1807082340532154,-0.05776264840145007,-0.11111111111111105,-0.7308970299828998,-0.05478881299495697
244910177_7c4ec3f65b.jpg,person_replacement,three woman walk down a city street and one has a pink purse,three man walk down a city street and one has a pink purse,three women two with tattoos walking down the street ||| women are walking through the street drinking iced coffee ||| women walk down a buzy sidewalk ||| women walking down the street,4,0.3846153846153846,0.2531848417709166,0.179953751775717,0.0873716785171587,0.4406130268199234,0.3636363636363637,0.4397242303683741,0.6892286241054535,0.3846153846153846,0.2531848417709166,0.179953751775717,0.0873716785171587,0.4406130268199234,0.3636363636363637,0.4381787770902302,0.7922779023647308,0.0,0.0,0.0,0.0,0.0,0.0,0.0015454532781439267,-0.10304927825927734
244910177_7c4ec3f65b.jpg,color_replacement,three woman walk down a city street and one has a pink purse,three woman walk down a city street and one has a purple purse,three women two with tattoos walking down the street ||| women are walking through the street drinking iced coffee ||| women walk down a buzy sidewalk ||| women walking down the street,4,0.3846153846153846,0.2531848417709166,0.179953751775717,0.0873716785171587,0.4406130268199234,0.3636363636363637,0.428945598673504,0.7739991694688797,0.3846153846153846,0.2531848417709166,0.179953751775717,0.0873716785171587,0.4406130268199234,0.3636363636363637,0.4381787770902302,0.7922779023647308,0.0,0.0,0.0,0.0,0.0,0.0,-0.009233178416726162,-0.018278732895851135
244910177_7c4ec3f65b.jpg,hallucination,three woman walk down a city street and one has a pink purse,three woman walk down a city street and one has a pink purse with an umbrella,three women two with tattoos walking down the street ||| women are walking through the street drinking iced coffee ||| women walk down a buzy sidewalk ||| women walking down the street,4,0.375,0.223606797749979,0.1528553543664399,0.072397680788887,0.418943533697632,0.32,0.2108248235452872,0.7674384862184525,0.3846153846153846,0.2531848417709166,0.179953751775717,0.0873716785171587,0.4406130268199234,0.3636363636363637,0.4381787770902302,0.7922779023647308,-0.009615384615384581,-0.02957804402093761,-0.02709839740927711,-0.014973997728271696,-0.02166949312229144,-0.043636363636363695,-0.22735395354494298,-0.02483941614627838
2290589734_b588471345.jpg,person_replacement,one boy in a black shirt is grabbing the flag of the boy in the red shirt with the football,one girl in a black shirt is grabbing the flag of the boy in the red shirt with the football,two boys are playing flag football ||| two boys playing a game of flag football ||| two boys with mouthguards and one is holding a football while the other reaches for him ||| young football players with mouthguards,4,0.4,0.0458831467741123,0.0226992388708607,0.0161955701285324,0.2717391304347826,0.2142857142857142,0.1712048137498995,0.7616462558507919,0.4,0.0458831467741123,0.0226992388708607,0.0161955701285324,0.2717391304347826,0.2857142857142857,0.1639811688695004,0.7780537009239197,0.0,0.0,0.0,0.0,0.0,-0.07142857142857151,0.007223644880399088,-0.016407445073127747
2290589734_b588471345.jpg,color_replacement,one boy in a black shirt is grabbing the flag of the boy in the red shirt with the football,one boy in a black shirt is grabbing the flag of the boy in the blue shirt with the football,two boys are playing flag football ||| two boys playing a game of flag football ||| two boys with mouthguards and one is holding a football while the other reaches for him ||| young football players with mouthguards,4,0.4,0.0458831467741123,0.0226992388708607,0.0161955701285324,0.2717391304347826,0.2857142857142857,0.1625540692364263,0.7713538408279419,0.4,0.0458831467741123,0.0226992388708607,0.0161955701285324,0.2717391304347826,0.2857142857142857,0.1639811688695004,0.7780537009239197,0.0,0.0,0.0,0.0,0.0,0.0,-0.0014270996330741081,-0.006699860095977783
2290589734_b588471345.jpg,negation,one boy in a black shirt is grabbing the flag of the boy in the red shirt with the football,one boy in a black shirt is not grabbing the flag of the boy in the red shirt with the football,two boys are playing flag football ||| two boys playing a game of flag football ||| two boys with mouthguards and one is holding a football while the other reaches for him ||| young football players with mouthguards,4,0.3809523809523809,0.0436435780471984,0.0215623305037443,0.0153622082332455,0.2688172043010753,0.2758620689655172,0.1219336239792922,0.7308237254619598,0.4,0.0458831467741123,0.0226992388708607,0.0161955701285324,0.2717391304347826,0.2857142857142857,0.1639811688695004,0.7780537009239197,-0.019047619047619146,-0.0022395687269139014,-0.0011369083671163988,-0.0008333618952868996,-0.0029219261337072866,-0.009852216748768516,-0.042047544890208205,-0.04722997546195984
2290589734_b588471345.jpg,hallucination,one boy in a black shirt is grabbing the flag of the boy in the red shirt with the football,one boy in a black shirt is grabbing the flag of the boy in the red shirt with the football with a television,two boys are playing flag football ||| two boys playing a game of flag football ||| two boys with mouthguards and one is holding a football while the other reaches for him ||| young football players with mouthguards,4,0.3478260869565218,0.0397621386243772,0.0195992773411859,0.0139290835994546,0.2631578947368421,0.2580645161290322,0.0740721435324951,0.789145827293396,0.4,0.0458831467741123,0.0226992388708607,0.0161955701285324,0.2717391304347826,0.2857142857142857,0.1639811688695004,0.7780537009239197,-0.05217391304347824,-0.0061210081497351035,-0.003099961529674799,-0.0022664865290777988,-0.008581235697940504,-0.027649769585253503,-0.0899090253370053,0.011092126369476318
3685373706_37f2ced9ff.jpg,person_replacement,a man is shirtless and is covered in red marks,a woman is shirtless and is covered in red marks,a man with several red marks on his body is holding a flag while people in the background are cheering ||| a shirtless man covered in red lipstick kisses waving a blue flag ||| a shirtless man waaves a flag ||| a shirtless man with red paint on his torso holding a stick,4,0.5731115271545874,0.3954845265514811,0.2520209840841646,0.1169737177441385,0.3779661016949152,0.4545454545454545,0.8077466346819626,0.6777038425207138,0.6549846024623855,0.4881966984405234,0.29001041687055,0.1299633699540968,0.4331450094161957,0.4545454545454545,0.8851532449505588,0.7120701670646667,-0.0818730753077982,-0.0927121718890423,-0.03798943278638539,-0.012989652209958291,-0.055178907721280535,0.0,-0.07740661026859619,-0.03436632454395294
3685373706_37f2ced9ff.jpg,color_replacement,a man is shirtless and is covered in red marks,a man is shirtless and is covered in blue marks,a man with several red marks on his body is holding a flag while people in the background are cheering ||| a shirtless man covered in red lipstick kisses waving a blue flag ||| a shirtless man waaves a flag ||| a shirtless man with red paint on his torso holding a stick,4,0.6549846024623855,0.3452071960201781,0.1068407510684935,0.0614558833059312,0.3613465160075328,0.4545454545454545,0.7302356397148897,0.7216949760913849,0.6549846024623855,0.4881966984405234,0.29001041687055,0.1299633699540968,0.4331450094161957,0.4545454545454545,0.8851532449505588,0.7120701670646667,0.0,-0.1429895024203453,-0.1831696658020565,-0.0685074866481656,-0.0717984934086629,0.0,-0.1549176052356691,0.00962480902671814
3685373706_37f2ced9ff.jpg,hallucination,a man is shirtless and is covered in red marks,a man is shirtless and is covered in red marks with a traffic cone,a man with several red marks on his body is holding a flag while people in the background are cheering ||| a shirtless man covered in red lipstick kisses waving a blue flag ||| a shirtless man waaves a flag ||| a shirtless man with red paint on his torso holding a stick,4,0.7142857142857143,0.4688072309384954,0.2635941610004862,0.1135935489027116,0.469220475075276,0.4615384615384615,0.6106857438143891,0.7051745057106018,0.6549846024623855,0.4881966984405234,0.29001041687055,0.1299633699540968,0.4331450094161957,0.4545454545454545,0.8851532449505588,0.7120701670646667,0.059301111823328756,-0.01938946750202797,-0.0264162558700638,-0.016369821051385194,0.036075465659080264,0.006993006993007034,-0.2744675011361697,-0.006895661354064941
382701159_f98c1988cd.jpg,person_replacement,a man fishes in the ocean,a woman fishes in the ocean,a man fly fishes in the ocean ||| a man fly fishing ||| a man is fishing in kneehigh waves of water ||| the person is fishing with waves splashing around him,4,0.7054014374088451,0.5985529678206387,0.5332500717705028,0.4548019047027907,0.7014492753623188,0.7692307692307692,1.1048116564171595,0.6954373419284821,0.846481724890614,0.7571162714266755,0.6236930675040936,0.5115078115793242,0.8534621578099838,0.923076923076923,1.2729937252078014,0.7100572437047958,-0.14108028748176893,-0.15856330360603677,-0.09044299573359083,-0.05670590687653354,-0.15201288244766498,-0.15384615384615385,-0.1681820687906419,-0.014619901776313782
382701159_f98c1988cd.jpg,hallucination,a man fishes in the ocean,a man fishes in the ocean with an umbrella,a man fly fishes in the ocean ||| a man fly fishing ||| a man is fishing in kneehigh waves of water ||| the person is fishing with waves splashing around him,4,0.7777777777777778,0.6236095644623236,0.4807498567691361,0.3688939732334405,0.8179012345679012,0.75,0.8432389549578043,0.6654426455497742,0.846481724890614,0.7571162714266755,0.6236930675040936,0.5115078115793242,0.8534621578099838,0.923076923076923,1.2729937252078014,0.7100572437047958,-0.06870394711283623,-0.13350670696435185,-0.14294321073495747,-0.14261383834588376,-0.0355609232420826,-0.17307692307692302,-0.4297547702499971,-0.04461459815502167
3053415073_5b667230ed.jpg,hallucination,a person on skis on a rail at night,a person on skis on a rail at night with a traffic cone,a skier in electric green on the edge of a ramp made of metal bars ||| a skier slides along a metal rail ||| a yellow uniformed skier is performing a trick across a railed object ||| the skier is wearing a yellow jumpsuit and sliding across a yellow rail,4,0.3846153846153846,0.0566138517072297,0.0307716587050705,0.0232334219683501,0.2631578947368421,0.3,0.1561759071403827,0.752985030412674,0.4444444444444444,0.0745355992499929,0.0429743996463099,0.0339132609103075,0.4383680555555556,0.375,0.2550846697911014,0.8196946978569031,-0.05982905982905984,-0.017921747542763197,-0.012202740941239399,-0.010679838941957398,-0.1752101608187135,-0.07500000000000001,-0.09890876265071868,-0.06670966744422913
1287475186_2dee85f1a5.jpg,person_replacement,a boy sitting in water,a girl sitting in water,a small boy is sitting in the water and water is splashing up through his legs ||| a young boy in a swimming suit sits in water ||| a young boy sitting on a water jet in a pool ||| little boy sitting in water with a fountain coming up through his lap,4,0.2943035529371539,0.2326673876903359,0.187939657168897,0.105119358845828,0.3947368421052631,0.5333333333333333,0.529659645277323,0.6705968081951141,0.3678794411714423,0.318592941584492,0.2919861059565104,0.2601300475114445,0.4694736842105263,0.6666666666666666,0.9491265735357904,0.8003069460391998,-0.0735758882342884,-0.08592555389415607,-0.10404644878761343,-0.15501068866561646,-0.07473684210526321,-0.1333333333333333,-0.41946692825846743,-0.1297101378440857
1287475186_2dee85f1a5.jpg,hallucination,a boy sitting in water,a boy sitting in water with a television,a small boy is sitting in the water and water is splashing up through his legs ||| a young boy in a swimming suit sits in water ||| a young boy sitting on a water jet in a pool ||| little boy sitting in water with a fountain coming up through his lap,4,0.6814506851874793,0.6156960795070859,0.5816869209797718,0.5506953149031837,0.5215419501133786,0.5714285714285714,1.188184474792571,0.758773684501648,0.3678794411714423,0.318592941584492,0.2919861059565104,0.2601300475114445,0.4694736842105263,0.6666666666666666,0.9491265735357904,0.8003069460391998,0.31357124401603703,0.29710313792259396,0.2897008150232614,0.2905652673917392,0.05206826590285224,-0.09523809523809523,0.2390579012567805,-0.04153326153755188
769260947_02bc973d76.jpg,object_replacement,a dog stands shoulder deep in muddy water,a cat stands shoulder deep in muddy water,a dog with white fur is moving through deep murky water ||| a light tan dog swimming through swampy water ||| a white dog is standing in mud up to its neck ||| a white dog is wading in natural water with algae,4,0.5,0.0845154254728516,0.0491934073403098,0.0392814650900513,0.1530612244897959,0.3333333333333332,0.1794191765729426,0.7111432403326035,0.625,0.2988071523335984,0.1141677850990735,0.073860999559306,0.2949766355140187,0.4444444444444445,0.2804149921053957,0.8593128621578217,-0.125,-0.2142917268607468,-0.06497437775876369,-0.0345795344692547,-0.1419154110242228,-0.11111111111111127,-0.10099581553245313,-0.1481696218252182
769260947_02bc973d76.jpg,hallucination,a dog stands shoulder deep in muddy water,a dog stands shoulder deep in muddy water with a suitcase,a dog with white fur is moving through deep murky water ||| a light tan dog swimming through swampy water ||| a white dog is standing in mud up to its neck ||| a white dog is wading in natural water with algae,4,0.5454545454545454,0.3302891295379082,0.1066224564261435,0.062389860721175,0.3683168316831683,0.4761904761904761,0.3083196531359277,0.8236560225486755,0.625,0.2988071523335984,0.1141677850990735,0.073860999559306,0.2949766355140187,0.4444444444444445,0.2804149921053957,0.8593128621578217,-0.07954545454545459,0.031481977204309786,-0.007545328672929993,-0.011471138838131001,0.07334019616914961,0.03174603174603163,0.027904661030531963,-0.03565683960914612
3375134059_7e9eb2ef01.jpg,object_replacement,one dog on the ground and another dog standing above it,one cat on the ground and another dog standing above it,two beige dogs play in the grass ||| two dogs in a field facing each other ||| two dogs play with one another on the grass ||| two tan dogs play in the grass,4,0.3636363636363636,0.1906925178491184,0.0739278822620259,0.0474060425987813,0.4043478260869566,0.3,0.1302423217399894,0.710112452507019,0.3636363636363636,0.1906925178491184,0.0739278822620259,0.0474060425987813,0.4043478260869566,0.3,0.1465375165234558,0.7573425769805908,0.0,0.0,0.0,0.0,0.0,0.0,-0.016295194783466416,-0.04723012447357178
3375134059_7e9eb2ef01.jpg,hallucination,one dog on the ground and another dog standing above it,one dog on the ground and another dog standing above it with a helicopter,two beige dogs play in the grass ||| two dogs in a field facing each other ||| two dogs play with one another on the grass ||| two tan dogs play in the grass,4,0.4285714285714285,0.1815682598006407,0.0650079102582409,0.0397536017626395,0.4488304093567252,0.2608695652173913,0.0965571134333289,0.700492337346077,0.3636363636363636,0.1906925178491184,0.0739278822620259,0.0474060425987813,0.4043478260869566,0.3,0.1465375165234558,0.7573425769805908,0.0649350649350649,-0.00912425804847769,-0.008919972003784998,-0.007652440836141798,0.044482583269768616,-0.03913043478260869,-0.04998040309012691,-0.056850239634513855
494329594_6e751372a0.jpg,person_replacement,a black woman in a pink bikini is sitting on a towel on a lounge chair,a black man in a pink bikini is sitting on a towel on a lounge chair,a girl with hot pink toe nails and bathing suit is laying on a hot pink towel ||| a woman in a pink bikini is laying on a deck lounge chair that is covered with a pink towel ||| there is a very oiled darker woman on a pink towel lounging on a lawn chair next to her flip flops and suntan lotion ||| woman in pink is suntanning,4,0.7632731135359491,0.5784577848872458,0.4068781655385513,0.3141116890623593,0.4350907029478457,0.5555555555555556,0.8710768146409964,0.8604815602302551,0.8219864299617914,0.6417412935699331,0.4799207272984559,0.39344656191799,0.5174180327868853,0.6111111111111112,0.9628388630330084,0.931914448738098,-0.05871331642584232,-0.0632835086826874,-0.07304256175990465,-0.07933487285563068,-0.08232732983903956,-0.05555555555555558,-0.09176204839201196,-0.0714328885078429
494329594_6e751372a0.jpg,color_replacement,a black woman in a pink bikini is sitting on a towel on a lounge chair,a black woman in a purple bikini is sitting on a towel on a lounge chair,a girl with hot pink toe nails and bathing suit is laying on a hot pink towel ||| a woman in a pink bikini is laying on a deck lounge chair that is covered with a pink towel ||| there is a very oiled darker woman on a pink towel lounging on a lawn chair next to her flip flops and suntan lotion ||| woman in pink is suntanning,4,0.7632731135359491,0.5355478441185191,0.267983694406443,0.1085949396078442,0.4830994897959182,0.5555555555555556,0.5896578233670651,0.8981629461050034,0.8219864299617914,0.6417412935699331,0.4799207272984559,0.39344656191799,0.5174180327868853,0.6111111111111112,0.9628388630330084,0.931914448738098,-0.05871331642584232,-0.10619344945141407,-0.21193703289201293,-0.2848516223101458,-0.03431854299096704,-0.05555555555555558,-0.3731810396659433,-0.03375150263309468
494329594_6e751372a0.jpg,negation,a black woman in a pink bikini is sitting on a towel on a lounge chair,a black woman in a pink bikini is not sitting on a towel on a lounge chair,a girl with hot pink toe nails and bathing suit is laying on a hot pink towel ||| a woman in a pink bikini is laying on a deck lounge chair that is covered with a pink towel ||| there is a very oiled darker woman on a pink towel lounging on a lawn chair next to her flip flops and suntan lotion ||| woman in pink is suntanning,4,0.8235294117647058,0.6416889479197478,0.478857121200543,0.3916541813506835,0.5097167572763044,0.5945945945945946,0.9484004853347828,0.880773663520813,0.8219864299617914,0.6417412935699331,0.4799207272984559,0.39344656191799,0.5174180327868853,0.6111111111111112,0.9628388630330084,0.931914448738098,0.001542981802914456,-5.234565018530368e-05,-0.0010636060979128947,-0.0017923805673065174,-0.007701275510580863,-0.016516516516516533,-0.014438377698225535,-0.051140785217285045
494329594_6e751372a0.jpg,hallucination,a black woman in a pink bikini is sitting on a towel on a lounge chair,a black woman in a pink bikini is sitting on a towel on a lounge chair with an umbrella,a girl with hot pink toe nails and bathing suit is laying on a hot pink towel ||| a woman in a pink bikini is laying on a deck lounge chair that is covered with a pink towel ||| there is a very oiled darker woman on a pink towel lounging on a lawn chair next to her flip flops and suntan lotion ||| woman in pink is suntanning,4,0.7489969579077136,0.5619788427847039,0.4131088183579552,0.3346449427374642,0.5328940621474721,0.6153846153846154,0.9942380729210738,0.9333567321300508,0.8219864299617914,0.6417412935699331,0.4799207272984559,0.39344656191799,0.5174180327868853,0.6111111111111112,0.9628388630330084,0.931914448738098,-0.0729894720540778,-0.07976245078522926,-0.06681190894050071,-0.05880161918052579,0.015476029360586896,0.004273504273504258,0.03139920988806544,0.0014422833919527367
599366440_a238e805cf.jpg,object_replacement,a black and white dog has pinned a brown dog to the ground in front of a wishing well,a black and white cat has pinned a brown dog to the ground in front of a wishing well,a white dog is trying to play with a brown dog ||| a white spotted dog plays with a brown dog on the green grass ||| two dogs play together on the grass in front of a small stone well ||| two dogs wrestling on a green lawn,4,0.5789473684210527,0.4010220859881565,0.3050256108989855,0.2052212050930502,0.4377199155524278,0.4242424242424242,0.3032223150728092,0.7428693771362305,0.631578947368421,0.4588314677411235,0.3336769761883771,0.2195152442661845,0.485126253891387,0.4375,0.3697431202261803,0.7637685537338257,-0.05263157894736836,-0.057809381752967015,-0.028651365289391606,-0.014294039173134293,-0.04740633833895924,-0.013257575757575801,-0.06652080515337105,-0.020899176597595215
599366440_a238e805cf.jpg,hallucination,a black and white dog has pinned a brown dog to the ground in front of a wishing well,a black and white dog has pinned a brown dog to the ground in front of a wishing well with a traffic cone,a white dog is trying to play with a brown dog ||| a white spotted dog plays with a brown dog on the green grass ||| two dogs play together on the grass in front of a small stone well ||| two dogs wrestling on a green lawn,4,0.5652173913043478,0.4240777018816263,0.2950740007966044,0.1893174778198642,0.5756915983606556,0.3888888888888889,0.1311001525214266,0.7462123036384583,0.631578947368421,0.4588314677411235,0.3336769761883771,0.2195152442661845,0.485126253891387,0.4375,0.3697431202261803,0.7637685537338257,-0.06636155606407323,-0.03475376585949719,-0.03860297539177271,-0.0301977664463203,0.09056534446926862,-0.048611111111111105,-0.23864296770475368,-0.01755625009536743
3182258223_5b9c8a8c55.jpg,person_replacement,a woman in shadow looks at the camera while the one in the sun looks at a book,a man in shadow looks at the camera while the one in the sun looks at a book,girl stands reading a notebook ||| two girls stand up against a red wall ||| two young girls with headscarves stand near a door while one reads a book ||| two young women wearing black head scarves and colorful skirts stand near a red door,4,0.2777777777777778,0.1278274981412284,0.0467422411566819,0.028724953480912,0.2583333333333333,0.3125,0.1200009748389399,0.5818545445799828,0.2777777777777778,0.1278274981412284,0.0467422411566819,0.028724953480912,0.2583333333333333,0.3125,0.119671973704078,0.6765159964561462,0.0,0.0,0.0,0.0,0.0,0.0,0.00032900113486189486,-0.09466145187616348
3182258223_5b9c8a8c55.jpg,hallucination,a woman in shadow looks at the camera while the one in the sun looks at a book,a woman in shadow looks at the camera while the one in the sun looks at a book with a suitcase,girl stands reading a notebook ||| two girls stand up against a red wall ||| two young girls with headscarves stand near a door while one reads a book ||| two young women wearing black head scarves and colorful skirts stand near a red door,4,0.2857142857142857,0.1195228609334393,0.0422068349786484,0.0254225414138955,0.2040816326530612,0.2857142857142857,0.0694879804898091,0.6572369486093521,0.2777777777777778,0.1278274981412284,0.0467422411566819,0.028724953480912,0.2583333333333333,0.3125,0.119671973704078,0.6765159964561462,0.007936507936507908,-0.008304637207789095,-0.004535406178033503,-0.0033024120670164976,-0.0542517006802721,-0.0267857142857143,-0.050183993214268904,-0.01927904784679413
380041023_0dfd712ef1.jpg,object_replacement,a brown and black dog runs through the leaves,a brown and black cat runs through the leaves,a brown dog is running ||| a brown dog with a red collar jumping across a leafy lawn ||| a dog with a brindlecolored coat is running across the yard ||| the brown dog is wearing a red collar,4,0.3333333333333333,0.2041241452319315,0.0841195432869987,0.0561222232430572,0.4732510288065844,0.4285714285714285,0.1990104066720471,0.6568584591150284,0.4444444444444444,0.2357022603955158,0.092585537381304,0.0603072536040776,0.5844907407407408,0.5714285714285714,0.3792016945880126,0.8094184100627899,-0.1111111111111111,-0.0315781151635843,-0.008465994094305304,-0.0041850303610204,-0.11123971193415644,-0.1428571428571429,-0.1801912879159655,-0.15255995094776154
380041023_0dfd712ef1.jpg,hallucination,a brown and black dog runs through the leaves,a brown and black dog runs through the leaves with a suitcase,a brown dog is running ||| a brown dog with a red collar jumping across a leafy lawn ||| a dog with a brindlecolored coat is running across the yard ||| the brown dog is wearing a red collar,4,0.5,0.3015113445777636,0.0968729306151464,0.0563756031525929,0.3841341341341341,0.4705882352941176,0.257909964682675,0.7373077422380447,0.4444444444444444,0.2357022603955158,0.092585537381304,0.0603072536040776,0.5844907407407408,0.5714285714285714,0.3792016945880126,0.8094184100627899,0.05555555555555558,0.06580908418224776,0.004287393233842404,-0.003931650451484699,-0.2003566066066067,-0.10084033613445381,-0.1212917299053376,-0.07211066782474518
1000268201_693b08cb0e.jpg,color_replacement,a child in a pink dress is climbing up a set of stairs in an entry way,a child in a purple dress is climbing up a set of stairs in an entry way,a girl going into a wooden building ||| a little girl climbing into a wooden playhouse ||| a little girl climbing the stairs to her playhouse ||| a little girl in a pink dress going into a wooden cabin,4,0.4117647058823529,0.160422236979937,0.05556644666651,0.0332718891397095,0.2,0.3448275862068966,0.1567429209760523,0.7721835374832153,0.4705882352941176,0.2970442628930023,0.2274366019525953,0.1702602472176709,0.4088888888888888,0.4137931034482758,0.3165820310966005,0.8241277933120728,-0.05882352941176466,-0.1366220259130653,-0.1718701552860853,-0.13698835807796142,-0.2088888888888888,-0.06896551724137923,-0.1598391101205482,-0.05194425582885742
1000268201_693b08cb0e.jpg,action_replacement,a child in a pink dress is climbing up a set of stairs in an entry way,a child in a pink dress is standing beside a set of stairs in an entry way,a girl going into a wooden building ||| a little girl climbing into a wooden playhouse ||| a little girl climbing the stairs to her playhouse ||| a little girl in a pink dress going into a wooden cabin,4,0.4117647058823529,0.2778594651131056,0.2175352839894556,0.1646702985584589,0.4088888888888888,0.4137931034482758,0.2529289747050632,0.8050288259983063,0.4705882352941176,0.2970442628930023,0.2274366019525953,0.1702602472176709,0.4088888888888888,0.4137931034482758,0.3165820310966005,0.8241277933120728,-0.05882352941176466,-0.01918479777989668,-0.0099013179631397,-0.005589948659212002,0.0,0.0,-0.06365305639153729,-0.01909896731376648
1000268201_693b08cb0e.jpg,negation,a child in a pink dress is climbing up a set of stairs in an entry way,a child in a pink dress is not climbing up a set of stairs in an entry way,a girl going into a wooden building ||| a little girl climbing into a wooden playhouse ||| a little girl climbing the stairs to her playhouse ||| a little girl in a pink dress going into a wooden cabin,4,0.4444444444444444,0.2800560168056019,0.2140260367236655,0.1598921499894403,0.4056437389770723,0.4,0.2484879627378701,0.7962379604578018,0.4705882352941176,0.2970442628930023,0.2274366019525953,0.1702602472176709,0.4088888888888888,0.4137931034482758,0.3165820310966005,0.8241277933120728,-0.026143790849673165,-0.016988246087400405,-0.013410565228929805,-0.010368097228230622,-0.003245149911816514,-0.013793103448275779,-0.06809406835873039,-0.027889832854270935
1000268201_693b08cb0e.jpg,hallucination,a child in a pink dress is climbing up a set of stairs in an entry way,a child in a pink dress is climbing up a set of stairs in an entry way with an umbrella,a girl going into a wooden building ||| a little girl climbing into a wooden playhouse ||| a little girl climbing the stairs to her playhouse ||| a little girl in a pink dress going into a wooden cabin,4,0.4,0.2513123449750173,0.1914527954117112,0.1425391135418185,0.3993055555555556,0.3749999999999999,0.1511531731481983,0.7679570466279984,0.4705882352941176,0.2970442628930023,0.2274366019525953,0.1702602472176709,0.4088888888888888,0.4137931034482758,0.3165820310966005,0.8241277933120728,-0.07058823529411756,-0.04573191791798498,-0.035983806540884095,-0.02772113367585241,-0.009583333333333222,-0.03879310344827591,-0.1654288579484022,-0.0561707466840744
3669564923_8fcb1a6eff.jpg,person_replacement,the girls are both eating and the girl wearing the color red has cake icing on her upper lip,the girls are both eating and the boy wearing the color red has cake icing on his upper lip,two girls are eating cake and one has blue icing on her face ||| two girls play with their food for the camera ||| two little girls are eating and making a mess ||| two young girls having fun while eating,4,0.4736842105263157,0.2809757434745082,0.0774395663354824,0.0412754853283514,0.4641544117647059,0.4375,0.303687253139292,0.7667159289121628,0.5263157894736842,0.3419927840283847,0.1901932010806459,0.080977850642662,0.5637254901960784,0.5,0.3570610157546302,0.806194394826889,-0.052631578947368474,-0.06101704055387647,-0.11275363474516352,-0.039702365314310595,-0.09957107843137253,-0.0625,-0.05337376261533816,-0.03947846591472626
3669564923_8fcb1a6eff.jpg,color_replacement,the girls are both eating and the girl wearing the color red has cake icing on her upper lip,the girls are both eating and the girl wearing the color blue has cake icing on her upper lip,two girls are eating cake and one has blue icing on her face ||| two girls play with their food for the camera ||| two little girls are eating and making a mess ||| two young girls having fun while eating,4,0.5789473684210527,0.3586850578993135,0.1963326595705452,0.0829305253557858,0.6091911764705883,0.5,0.3697232067062433,0.8405935019254684,0.5263157894736842,0.3419927840283847,0.1901932010806459,0.080977850642662,0.5637254901960784,0.5,0.3570610157546302,0.806194394826889,0.052631578947368474,0.01669227387092881,0.006139458489899274,0.0019526747131237976,0.045465686274509864,0.0,0.01266219095161314,0.03439910709857941
3669564923_8fcb1a6eff.jpg,hallucination,the girls are both eating and the girl wearing the color red has cake icing on her upper lip,the girls are both eating and the girl wearing the color red has cake icing on her upper lip with an umbrella,two girls are eating cake and one has blue icing on her face ||| two girls play with their food for the camera ||| two little girls are eating and making a mess ||| two young girls having fun while eating,4,0.5,0.3086066999241838,0.1682390865739974,0.0707549414756141,0.5515587529976019,0.4571428571428572,0.1647693013760887,0.8022943884134293,0.5263157894736842,0.3419927840283847,0.1901932010806459,0.080977850642662,0.5637254901960784,0.5,0.3570610157546302,0.806194394826889,-0.02631578947368418,-0.03338608410420085,-0.021954114506648525,-0.010222909167047892,-0.012166737198476496,-0.042857142857142816,-0.19229171437854148,-0.003900006413459778
2952320230_26601173be.jpg,object_replacement,a female tennis player swings for the ball,a female tennis player swings for the book,a woman intensely playing tennis in an allwhite outfit ||| a woman swinging a tennis racket on the court ||| the tennis player dressed in white swings the racket ||| the woman is dressed in all white swinging a tennis racket,4,0.5515605641153721,0.263696386404524,0.1007527167248761,0.0651821033328897,0.3546348314606741,0.4705882352941176,0.7092966753071995,0.7714469730854034,0.5515605641153721,0.263696386404524,0.1007527167248761,0.0651821033328897,0.3546348314606741,0.4705882352941176,0.7337513646648084,0.8249257504940033,0.0,0.0,0.0,0.0,0.0,0.0,-0.02445468935760886,-0.053478777408599854
2952320230_26601173be.jpg,hallucination,a female tennis player swings for the ball,a female tennis player swings for the ball with a suitcase,a woman intensely playing tennis in an allwhite outfit ||| a woman swinging a tennis racket on the court ||| the tennis player dressed in white swings the racket ||| the woman is dressed in all white swinging a tennis racket,4,0.5454545454545454,0.2335496832484569,0.0846262997471468,0.0524634102286145,0.3430706521739129,0.3999999999999999,0.6217949054780404,0.7295998185873032,0.5515605641153721,0.263696386404524,0.1007527167248761,0.0651821033328897,0.3546348314606741,0.4705882352941176,0.7337513646648084,0.8249257504940033,-0.0061060186608267175,-0.030146703156067073,-0.01612641697772929,-0.012718693104275196,-0.011564179286761178,-0.07058823529411767,-0.111956459186768,-0.09532593190670013
3600403707_527aa0596e.jpg,negation,a garden shop is being perused by shoppers with a sitting shop owner waving,a garden shop is not being perused by shoppers with a sitting shop owner waving,a man waves to the camera from inside a greenhouse section of a farm products store ||| a man wearing a grey shirt waving in the middle of a plant nursery ||| people browse for herbs at a greenhouse ||| racks of plants at the farm products store,4,0.2,0.0377964473009227,0.0222323925770618,0.0173957973756422,0.1257861635220125,0.2068965517241379,0.043574032467037,0.7525312900543213,0.2142857142857142,0.0405998971470575,0.0239491189052147,0.018798317647335,0.1265822784810126,0.2142857142857142,0.0457342200153209,0.7677687704563141,-0.01428571428571418,-0.0028034498461348006,-0.001716726328152899,-0.001402520271692801,-0.000796114959000116,-0.00738916256157629,-0.0021601875482839053,-0.015237480401992798
3600403707_527aa0596e.jpg,hallucination,a garden shop is being perused by shoppers with a sitting shop owner waving,a garden shop is being perused by shoppers with a sitting shop owner waving with a helicopter,a man waves to the camera from inside a greenhouse section of a farm products store ||| a man wearing a grey shirt waving in the middle of a plant nursery ||| people browse for herbs at a greenhouse ||| racks of plants at the farm products store,4,0.2352941176470588,0.0383482494423685,0.0214026036723665,0.0162673926003057,0.15527950310559,0.2580645161290323,0.0382681402098727,0.7300378382205963,0.2142857142857142,0.0405998971470575,0.0239491189052147,0.018798317647335,0.1265822784810126,0.2142857142857142,0.0457342200153209,0.7677687704563141,0.021008403361344602,-0.002251647704689004,-0.0025465152328482017,-0.0025309250470293004,0.028697224624577383,0.043778801843318116,-0.007466079805448202,-0.03773093223571777
3256043809_47258e0b3e.jpg,object_replacement,a brown and white dog is sniffing the snow covered ground,a brown and white cat is sniffing the snow covered ground,a brown and white dog walking in the snow near a fence ||| a brown white greyhound dog sniffs the snow ||| a lean white and brown dog makes its way through a patch of snow ||| a slender dog checks out a snowy patch of land,4,0.5454545454545454,0.4670993664969138,0.3646436717285792,0.2790159393585827,0.5373493975903614,0.5263157894736842,0.6058055886581675,0.6372610479593277,0.6363636363636364,0.5640760748177662,0.4733525286819944,0.403527863746399,0.6157965194109771,0.631578947368421,0.9058183718592032,0.7481303066015244,-0.09090909090909094,-0.09697670832085242,-0.1087088569534152,-0.12451192438781628,-0.07844712182061575,-0.10526315789473684,-0.30001278320103575,-0.11086925864219666
3256043809_47258e0b3e.jpg,action_replacement,a brown and white dog is sniffing the snow covered ground,a brown and white dog is walking on the snow covered ground,a brown and white dog walking in the snow near a fence ||| a brown white greyhound dog sniffs the snow ||| a lean white and brown dog makes its way through a patch of snow ||| a slender dog checks out a snowy patch of land,4,0.6666666666666666,0.5504818825631803,0.4496443130226091,0.377006380454947,0.625,0.6666666666666666,1.1055976315211355,0.7438614964485168,0.6363636363636364,0.5640760748177662,0.4733525286819944,0.403527863746399,0.6157965194109771,0.631578947368421,0.9058183718592032,0.7481303066015244,0.030303030303030276,-0.013594192254585913,-0.0237082156593853,-0.026521483291451986,0.009203480589022872,0.03508771929824561,0.19977925966193233,-0.004268810153007507
3256043809_47258e0b3e.jpg,negation,a brown and white dog is sniffing the snow covered ground,a brown and white dog is not sniffing the snow covered ground,a brown and white dog walking in the snow near a fence ||| a brown white greyhound dog sniffs the snow ||| a lean white and brown dog makes its way through a patch of snow ||| a slender dog checks out a snowy patch of land,4,0.5833333333333334,0.5149286505444373,0.4300693137686091,0.3646285861936467,0.6084656084656085,0.6,0.8126668135548025,0.73851577937603,0.6363636363636364,0.5640760748177662,0.4733525286819944,0.403527863746399,0.6157965194109771,0.631578947368421,0.9058183718592032,0.7481303066015244,-0.05303030303030298,-0.049147424273328966,-0.043283214913385326,-0.0388992775527523,-0.0073309109453686405,-0.03157894736842104,-0.0931515583044007,-0.009614527225494385
3256043809_47258e0b3e.jpg,hallucination,a brown and white dog is sniffing the snow covered ground,a brown and white dog is sniffing the snow covered ground with a helicopter,a brown and white dog walking in the snow near a fence ||| a brown white greyhound dog sniffs the snow ||| a lean white and brown dog makes its way through a patch of snow ||| a slender dog checks out a snowy patch of land,4,0.5714285714285714,0.4688072309384954,0.3801685654384932,0.3161487584488943,0.6384477459016394,0.6153846153846153,0.689554306775074,0.7306317985057831,0.6363636363636364,0.5640760748177662,0.4733525286819944,0.403527863746399,0.6157965194109771,0.631578947368421,0.9058183718592032,0.7481303066015244,-0.06493506493506496,-0.09526884387927081,-0.0931839632435012,-0.0873791052975047,0.022651226490662313,-0.01619433198380571,-0.2162640650841292,-0.017498508095741272
3481859121_3d3e566ec0.jpg,hallucination,a group of people sitting on a sidewalk,a group of people sitting on a sidewalk with a traffic cone,girls sit on benches ||| the girl is wearing silver shoes and a pink jacket ||| the girls take a break in the afternoon ||| two teenage girls are texting in the park,4,0.1666666666666666,0.0389249472080761,0.0247448801579976,0.0202559860271256,0.390625,0.25,0.0012982862367855,0.6666883081197739,0.25,0.0597614304667196,0.039044833280954,0.033031643180138,0.4261363636363636,0.3333333333333333,0.0042888659066867,0.7366554439067841,-0.0833333333333334,-0.0208364832586435,-0.014299953122956396,-0.0127756571530124,-0.03551136363636359,-0.08333333333333331,-0.0029905796699011998,-0.06996713578701019
3482237861_605b4f0fd9.jpg,person_replacement,a boy is riding a scooter down the concrete path,a girl is riding a scooter down the concrete path,a child on a scooter moving down the sidewalk ||| a youth rides a scooter on a sidewalk near a building ||| the boy is riding his scooter on the sidewalk ||| young boy rides his scooter on drive,4,0.7,0.4830458915396479,0.1428769813718899,0.0803428418944651,0.4901098901098901,0.5263157894736842,0.915200445536295,0.5260365828871727,0.8,0.5962847939999439,0.3542195230608704,0.1587376185217243,0.4901098901098901,0.5263157894736842,1.0810146943255614,0.6236611306667328,-0.10000000000000009,-0.11323890246029605,-0.2113425416889805,-0.0783947766272592,0.0,0.0,-0.16581424878926643,-0.09762454777956009
3482237861_605b4f0fd9.jpg,action_replacement,a boy is riding a scooter down the concrete path,a boy is carrying a scooter down the concrete path,a child on a scooter moving down the sidewalk ||| a youth rides a scooter on a sidewalk near a building ||| the boy is riding his scooter on the sidewalk ||| young boy rides his scooter on drive,4,0.7,0.4830458915396479,0.1428769813718899,0.0803428418944651,0.4901098901098901,0.5263157894736842,0.8536942123350898,0.6826338171958923,0.8,0.5962847939999439,0.3542195230608704,0.1587376185217243,0.4901098901098901,0.5263157894736842,1.0810146943255614,0.6236611306667328,-0.10000000000000009,-0.11323890246029605,-0.2113425416889805,-0.0783947766272592,0.0,0.0,-0.2273204819904716,0.058972686529159546
3482237861_605b4f0fd9.jpg,negation,a boy is riding a scooter down the concrete path,a boy is not riding a scooter down the concrete path,a child on a scooter moving down the sidewalk ||| a youth rides a scooter on a sidewalk near a building ||| the boy is riding his scooter on the sidewalk ||| young boy rides his scooter on drive,4,0.7272727272727273,0.4670993664969137,0.134335877242797,0.0741944662736501,0.4847826086956522,0.5,0.8321093951295073,0.592799074947834,0.8,0.5962847939999439,0.3542195230608704,0.1587376185217243,0.4901098901098901,0.5263157894736842,1.0810146943255614,0.6236611306667328,-0.07272727272727275,-0.12918542750303025,-0.2198836458180734,-0.0845431522480742,-0.005327281414237883,-0.02631578947368418,-0.2489052991960541,-0.030862055718898773
3482237861_605b4f0fd9.jpg,hallucination,a boy is riding a scooter down the concrete path,a boy is riding a scooter down the concrete path with a helicopter,a child on a scooter moving down the sidewalk ||| a youth rides a scooter on a sidewalk near a building ||| the boy is riding his scooter on the sidewalk ||| young boy rides his scooter on drive,4,0.6923076923076923,0.4803844614152613,0.2758005147606801,0.1203500581119844,0.474468085106383,0.4545454545454546,0.7615825829025135,0.6515105068683624,0.8,0.5962847939999439,0.3542195230608704,0.1587376185217243,0.4901098901098901,0.5263157894736842,1.0810146943255614,0.6236611306667328,-0.10769230769230775,-0.11590033258468263,-0.07841900830019027,-0.038387560409739896,-0.015641805003507092,-0.0717703349282296,-0.31943211142304795,0.02784937620162964
3429465163_fb8ac7ce7f.jpg,hallucination,a child in a red and grey coat in front of a wooden shed,a child in a red and grey coat in front of a wooden shed with a suitcase,a child s shadow is shown behind him ||| a little boy in a thick jacket stands with his hand high over his head ||| the little boy in the red jacket is casting a shadow ||| this boy is waving around his arms outside,4,0.3529411764705882,0.2100420126042014,0.0665028658428247,0.0380713486644631,0.1724137931034483,0.25,0.0329111122798861,0.7311958074569702,0.3325224213228653,0.2182444817914707,0.071762036399353,0.0420549998517503,0.1769911504424778,0.2399999999999999,0.0590813397657127,0.7606404274702072,0.0204187551477229,-0.008202469187269301,-0.005259170556528303,-0.003983651187287197,-0.004577357339029503,0.010000000000000092,-0.0261702274858266,-0.029444620013237
3150315970_8f045c41a4.jpg,hallucination,a couple leaning over a concrete railing inside of a building,a couple leaning over a concrete railing inside of a building with a suitcase,a man and a woman are looking at each other while standing on an elaborate indoor balcony ||| a man and a woman looking over a balcony at an elegant building ||| a man and woman are gazing at each other on a balcony inside a building ||| a man and woman stand at a balcony looking at each other,4,0.4285714285714285,0.2567762955065477,0.0819048345440346,0.0472752660631156,0.1908396946564885,0.3448275862068965,0.2339362171496982,0.6604904681444168,0.4980549361539613,0.3015872407613089,0.0973570413344859,0.0569682265132554,0.2547945205479452,0.3846153846153846,0.2272409050765247,0.6573733687400818,-0.0694835075825328,-0.0448109452547612,-0.015452206790451298,-0.009692960450139801,-0.0639548258914567,-0.03978779840848806,0.006695312073173504,0.003117099404335022
292780636_72e1968949.jpg,person_replacement,a man in a black coat and hat sits by an old building,a woman in a black coat and hat sits by an old building,a man with a black hat sits against a brick building ||| an old man in a black coat and hat leans against a brick building ||| old man in black coat and hat sitting against brick building ||| white haired man in black hat and coat sitting against brick wall,4,0.8461538461538461,0.702559423529244,0.5640849044411526,0.4817133384556925,0.6696428571428572,0.5833333333333334,2.121567965652939,0.8090764284133911,0.9230769230769232,0.8320502943378437,0.6801825596093484,0.5956403592718089,0.7682980599647267,0.6666666666666667,2.3725902951514777,0.8813897520303726,-0.0769230769230771,-0.12949087080859967,-0.11609765516819581,-0.11392702081611644,-0.09865520282186946,-0.08333333333333337,-0.25102232949853853,-0.0723133236169815
292780636_72e1968949.jpg,hallucination,a man in a black coat and hat sits by an old building,a man in a black coat and hat sits by an old building with a television,a man with a black hat sits against a brick building ||| an old man in a black coat and hat leans against a brick building ||| old man in black coat and hat sitting against brick building ||| white haired man in black hat and coat sitting against brick wall,4,0.875,0.7637626158259733,0.5928155507483438,0.5031747626530138,0.7560237457804679,0.5925925925925926,1.684728468122033,0.8390402048826218,0.9230769230769232,0.8320502943378437,0.6801825596093484,0.5956403592718089,0.7682980599647267,0.6666666666666667,2.3725902951514777,0.8813897520303726,-0.04807692307692324,-0.06828767851187045,-0.08736700886100457,-0.09246559661879517,-0.012274314184258728,-0.07407407407407418,-0.6878618270294448,-0.042349547147750854
766061382_6c7ff514c4.jpg,hallucination,a bare chested smiling child plays in water,a bare chested smiling child plays in water with a suitcase,a child with shoulderlength brown hair is playing in water outdoors ||| a topless boy with long hair who is drenched in water is flexing his muscles whilst smiling ||| a wet smiling child without a shirt poses with arms raised ||| a young boy with long hair plays in the water,4,0.7272727272727273,0.4670993664969137,0.134335877242797,0.0741944662736501,0.4646464646464646,0.4545454545454545,0.4928158174833801,0.7759490609169006,0.5841005873035536,0.4415385413291355,0.1362712131081999,0.079235022460357,0.416822429906542,0.5263157894736842,0.4774536669489078,0.841391459107399,0.14317213996917366,0.02556082516777819,-0.0019353358654028985,-0.0050405561867069015,0.04782403473992258,-0.0717703349282297,0.015362150534472319,-0.06544239819049835
2630806789_6835bbae95.jpg,hallucination,an orange canoe aimed toward two other canoes on a lake,an orange canoe aimed toward two other canoes on a lake with a helicopter,several orange kayakers row in a mountain lake ||| three kayaks are out on the water with a mountain in the background ||| two canoes cross the water behind them are some houses ||| view of a mountain as seen from a kayak,4,0.5714285714285714,0.2096569673443836,0.0715504634251274,0.0427180251358197,0.1950805767599661,0.2727272727272727,0.177144961689048,0.7140292972326279,0.5454545454545454,0.0738548945875996,0.0392800487936324,0.029502343631964,0.180722891566265,0.3157894736842105,0.2498524029138352,0.7352189719676971,0.025974025974025983,0.13580207275678402,0.032270414631495,0.013215681503855704,0.014357685193701092,-0.0430622009569378,-0.0727074412247872,-0.021189674735069275
3128514681_a51b415c31.jpg,hallucination,two ladies wearing dresses pose on the side of the road at night,two ladies wearing dresses pose on the side of the road at night with a traffic cone,two woman wearing dresses stand in the street and pose ||| two women in dresses pose on a street ||| two women on the side of a road ||| two women wearing dresses and heels posing under hanging lights on a street,4,0.5882352941176471,0.4696682183138622,0.3533492013153965,0.2369305576374309,0.538867232286173,0.48,0.5779343663165969,0.8786149322986603,0.6923076923076923,0.5883484054145521,0.4553366174737271,0.3117090652270067,0.5016339869281046,0.5714285714285714,1.3482546671165818,0.9504609555006028,-0.10407239819004521,-0.11868018710068995,-0.10198741615833062,-0.0747785075895758,0.03723324535806838,-0.09142857142857141,-0.7703203007999849,-0.07184602320194255
2242863004_3a9f82a31f.jpg,object_replacement,a dog attempting to chew on a red ball,a cat attempting to chew on a red ball,a dog with a red ball ||| a german shepherd is playing with a red ball ||| a german shepherd is playing with a red ball ||| a german sheppard dog bting a large red ball,4,0.4444444444444444,0.3333333333333333,0.2513158137097179,0.1275343138759482,0.5952380952380953,0.5333333333333333,1.125091638312579,0.7308249175548553,0.5555555555555556,0.4564354645876384,0.3098990471205467,0.1492372948004911,0.7682539682539684,0.6666666666666667,1.3194602570229583,0.895698070526123,-0.11111111111111116,-0.12310213125430508,-0.05858323341082883,-0.021702980924542897,-0.17301587301587307,-0.13333333333333341,-0.19436861871037925,-0.1648731529712677
2242863004_3a9f82a31f.jpg,color_replacement,a dog attempting to chew on a red ball,a dog attempting to chew on a blue ball,a dog with a red ball ||| a german shepherd is playing with a red ball ||| a german shepherd is playing with a red ball ||| a german sheppard dog bting a large red ball,4,0.4444444444444444,0.2357022603955158,0.092585537381304,0.0603072536040776,0.5009920634920636,0.5333333333333333,0.4513868483293315,0.8398903161287308,0.5555555555555556,0.4564354645876384,0.3098990471205467,0.1492372948004911,0.7682539682539684,0.6666666666666667,1.3194602570229583,0.895698070526123,-0.11111111111111116,-0.22073320419212258,-0.21731350973924274,-0.08893004119641351,-0.2672619047619048,-0.13333333333333341,-0.8680734086936268,-0.05580775439739227
2242863004_3a9f82a31f.jpg,hallucination,a dog attempting to chew on a red ball,a dog attempting to chew on a red ball with a television,a dog with a red ball ||| a german shepherd is playing with a red ball ||| a german shepherd is playing with a red ball ||| a german sheppard dog bting a large red ball,4,0.5,0.4264014327112209,0.2629535894329295,0.119219885465362,0.7744107744107744,0.5555555555555556,0.9202576169457308,0.8501121401786804,0.5555555555555556,0.4564354645876384,0.3098990471205467,0.1492372948004911,0.7682539682539684,0.6666666666666667,1.3194602570229583,0.895698070526123,-0.05555555555555558,-0.03003403187641751,-0.04694545768761721,-0.030017409335129114,0.006156806156806027,-0.11111111111111116,-0.3992026400772275,-0.04558593034744263
3304030264_da3dd18c7b.jpg,person_replacement,a boy in black pants and green tshirt jumps high with his skateboard,a girl in black pants and green tshirt jumps high with her skateboard,a guy on a skateboard jumping off some steps ||| a person in a green shirt on a skateboard jumping off of a short set of stairs ||| a skateboarder in a green shirt is taking a jump of a step in front of a pink building ||| he is in the air on his skateboard,4,0.3076923076923076,0.0506369683541833,0.0285658774874397,0.0219728138749971,0.1595744680851064,0.2666666666666666,0.3267753807347121,0.7300145924091339,0.3846153846153846,0.1790287185098582,0.0662955289840255,0.0413155159110629,0.3006535947712418,0.2857142857142857,0.4242225556190969,0.7571703195571899,-0.07692307692307698,-0.1283917501556749,-0.0377296514965858,-0.019342702036065803,-0.14107912668613543,-0.01904761904761909,-0.09744717488438481,-0.02715572714805603
3304030264_da3dd18c7b.jpg,hallucination,a boy in black pants and green tshirt jumps high with his skateboard,a boy in black pants and green tshirt jumps high with his skateboard with a helicopter,a guy on a skateboard jumping off some steps ||| a person in a green shirt on a skateboard jumping off of a short set of stairs ||| a skateboarder in a green shirt is taking a jump of a step in front of a pink building ||| he is in the air on his skateboard,4,0.3522798985550534,0.1485342471102704,0.0529005985427356,0.0321605709375814,0.2904040404040404,0.303030303030303,0.2918898390880018,0.7208947837352753,0.3846153846153846,0.1790287185098582,0.0662955289840255,0.0413155159110629,0.3006535947712418,0.2857142857142857,0.4242225556190969,0.7571703195571899,-0.03233548606033121,-0.030494471399587775,-0.013394930441289907,-0.009154944973481502,-0.01024955436720143,0.017316017316017285,-0.13233271653109507,-0.03627553582191467
2431120202_b24fe2333a.jpg,person_replacement,a girl crosscountry skis,a boy crosscountry skis,a girl on skis in snow ||| a little girl wearing a purple winter coat and sunglasses skiing in the snow ||| little girl on skis ||| the young girl is crosscountry skiing,4,0.75,0.1581138830084189,0.1077217345015942,0.1057371263440564,0.3232758620689654,0.4,0.8971983762343322,0.8001458644866943,1.0,0.5773502691896257,0.2554364774645177,0.2020515504676623,0.4406130268199233,0.6,1.1493066117146062,0.8341573923826218,-0.25,-0.41923638618120684,-0.1477147429629235,-0.0963144241236059,-0.1173371647509579,-0.19999999999999996,-0.25210823548027406,-0.03401152789592743
2431120202_b24fe2333a.jpg,hallucination,a girl crosscountry skis,a girl crosscountry skis with a traffic cone,a girl on skis in snow ||| a little girl wearing a purple winter coat and sunglasses skiing in the snow ||| little girl on skis ||| the young girl is crosscountry skiing,4,0.625,0.2988071523335984,0.1141677850990735,0.073860999559306,0.4121863799283153,0.4285714285714285,0.6729335046783551,0.7655635476112366,1.0,0.5773502691896257,0.2554364774645177,0.2020515504676623,0.4406130268199233,0.6,1.1493066117146062,0.8341573923826218,-0.375,-0.27854311685602734,-0.1412686923654442,-0.1281905509083563,-0.02842664689160801,-0.17142857142857149,-0.47637310703625113,-0.06859384477138519
1419286010_b59af3962a.jpg,object_replacement,a fisherman is reeling his rod while another relaxes in a boat on water,a fisherman is reeling his rod while another relaxes in a car on water,a man in a gray cap fishing ||| a man sits in a boat and holds a fishing pole while another lays down ||| a man wearing a grey hat fishing out of a fishing boat ||| two men in a boat fishing,4,0.3325224213228653,0.2182444817914707,0.071762036399353,0.0420549998517503,0.3430275913497391,0.2857142857142857,0.0878058165970459,0.7152751833200455,0.3990269055874383,0.2928056981999661,0.18806973932451,0.086623506931654,0.4330065359477125,0.3,0.3986978181441287,0.7474591583013535,-0.066504484264573,-0.07456121640849539,-0.11630770292515699,-0.04456850707990371,-0.0899789445979734,-0.01428571428571429,-0.3108920015470828,-0.03218397498130798
1419286010_b59af3962a.jpg,negation,a fisherman is reeling his rod while another relaxes in a boat on water,a fisherman is not reeling his rod while another relaxes in a boat on water,a man in a gray cap fishing ||| a man sits in a boat and holds a fishing pole while another lays down ||| a man wearing a grey hat fishing out of a fishing boat ||| two men in a boat fishing,4,0.4,0.2927700218845599,0.1875152612730611,0.0860958371038403,0.4267310789049919,0.2857142857142857,0.3556762709300758,0.7440556585788727,0.3990269055874383,0.2928056981999661,0.18806973932451,0.086623506931654,0.4330065359477125,0.3,0.3986978181441287,0.7474591583013535,0.0009730944125617147,-3.5676315406185655e-05,-0.0005544780514488978,-0.000527669827813701,-0.006275457042720589,-0.01428571428571429,-0.04302154721405288,-0.003403499722480774
1419286010_b59af3962a.jpg,hallucination,a fisherman is reeling his rod while another relaxes in a boat on water,a fisherman is reeling his rod while another relaxes in a boat on water with a helicopter,a man in a gray cap fishing ||| a man sits in a boat and holds a fishing pole while another lays down ||| a man wearing a grey hat fishing out of a fishing boat ||| two men in a boat fishing,4,0.4117647058823529,0.2778594651131056,0.1726578693225314,0.0778677765568551,0.4934210526315789,0.3125,0.2893688651234208,0.6919914484024048,0.3990269055874383,0.2928056981999661,0.18806973932451,0.086623506931654,0.4330065359477125,0.3,0.3986978181441287,0.7474591583013535,0.012737800294914614,-0.014946233086860494,-0.015411870001978578,-0.008755730374798903,0.06041451668386644,0.012500000000000011,-0.10932895302070789,-0.05546770989894867
370614351_98b8a166b9.jpg,person_replacement,a man with a mohawk with his arms in the air,a woman with a mohawk with her arms in the air,a man with multicolored hair wearing a weird outfit ||| a person in a kilt and a sports jersey and a mohawk is in a store ||| punk rocker buys computer ink in the bigbox store ||| the man with the eccentric clothing and hair poses in a store,4,0.4980549361539613,0.3015872407613089,0.0973570413344859,0.0569682265132554,0.2038043478260869,0.3,0.1942012425595791,0.6817348301410675,0.5810640921796215,0.4606821198071898,0.2782016036233933,0.1252065058740568,0.3430706521739129,0.3999999999999999,0.3371793263215997,0.7211523503065109,-0.08300915602566022,-0.15909487904588093,-0.18084456228890738,-0.0682382793608014,-0.13926630434782603,-0.09999999999999992,-0.1429780837620206,-0.03941752016544342
370614351_98b8a166b9.jpg,hallucination,a man with a mohawk with his arms in the air,a man with a mohawk with his arms in the air with a television,a man with multicolored hair wearing a weird outfit ||| a person in a kilt and a sports jersey and a mohawk is in a store ||| punk rocker buys computer ink in the bigbox store ||| the man with the eccentric clothing and hair poses in a store,4,0.5714285714285714,0.4193139346887672,0.2446991428610772,0.1074301457116313,0.2354430379746835,0.3478260869565217,0.2978805897039276,0.7015190273523331,0.5810640921796215,0.4606821198071898,0.2782016036233933,0.1252065058740568,0.3430706521739129,0.3999999999999999,0.3371793263215997,0.7211523503065109,-0.00963552075105012,-0.04136818511842261,-0.03350246076231611,-0.017776360162425495,-0.10762761419922942,-0.05217391304347824,-0.03929873661767208,-0.019633322954177856
811662356_f9a632b63c.jpg,hallucination,a child stands near a fence,a child stands near a fence with a suitcase,a small child touches a wooden fence ||| a toddler boy stands by a wooden fence ||| a toddler in a white tshirt is touching the wooden fence ||| blond boy touching wooden wall,4,0.5555555555555556,0.0833333333333333,0.046292768690652,0.0358589075361213,0.2777777777777778,0.5,0.419121121603696,0.7297147810459137,0.8333333333333334,0.1290994448735805,0.074690079109286,0.0610473583580784,0.2898550724637681,0.6153846153846153,0.5799625119878922,0.8264259994029999,-0.2777777777777778,-0.04576611154024719,-0.028397310418634004,-0.0251884508219571,-0.012077294685990336,-0.11538461538461531,-0.16084139038419615,-0.09671121835708618
3547499166_67fb4af4ea.jpg,negation,the three people are dancing on a wood floor in kitchen clothing,the three people are not dancing on a wood floor in kitchen clothing,three dancers dancing in housekeeping clothes ||| three people dance together to prepare for a show ||| two girls and a boy perform a dance ||| two girls dressed like waitresses dance along with a man dressed as a chef,4,0.3561388764008908,0.1657736252993399,0.0613870795272111,0.0382565596776716,0.3357712765957447,0.4210526315789473,0.188163478873611,0.7311812788248062,0.3527007187044225,0.1647462822698419,0.0612467353095278,0.0383403415373205,0.3393817204301075,0.4444444444444444,0.2296110089140929,0.7513715326786041,0.0034381576964683247,0.0010273430294980013,0.00014034421768329558,-8.378185964889873e-05,-0.00361044383436282,-0.02339181286549713,-0.04144753004048188,-0.020190253853797913
3547499166_67fb4af4ea.jpg,hallucination,the three people are dancing on a wood floor in kitchen clothing,the three people are dancing on a wood floor in kitchen clothing with a television,three dancers dancing in housekeeping clothes ||| three people dance together to prepare for a show ||| two girls and a boy perform a dance ||| two girls dressed like waitresses dance along with a man dressed as a chef,4,0.4666666666666667,0.2581988897471611,0.0800427122344894,0.0454669723699171,0.3287760416666666,0.3809523809523809,0.1323281872015247,0.7032094895839691,0.3527007187044225,0.1647462822698419,0.0612467353095278,0.0383403415373205,0.3393817204301075,0.4444444444444444,0.2296110089140929,0.7513715326786041,0.11396594796224419,0.0934526074773192,0.0187959769249616,0.007126630832596598,-0.010605678763440929,-0.06349206349206354,-0.09728282171256819,-0.04816204309463501
3682277595_55f8b16975.jpg,object_replacement,a brown and white dog trots across shallow water with his mouth open,a brown and white cat trots across shallow water with his mouth open,a brown spotted dog walks in shallow water ||| a greyhound walks in the rain through a large puddle ||| a white and brown dog is walking through the water ||| the dog walks through the water,4,0.4615384615384615,0.2773500981126146,0.0887608230900683,0.0514240160502826,0.4411764705882353,0.380952380952381,0.3165337142544432,0.8415607362985611,0.5384615384615384,0.299572344757639,0.0934408794701388,0.0534444593479054,0.5247058823529411,0.4761904761904762,0.4116514842466379,0.9181473404169084,-0.07692307692307693,-0.022222246645024424,-0.004680056380070491,-0.002020443297622798,-0.08352941176470585,-0.09523809523809523,-0.09511776999219468,-0.07658660411834728
3682277595_55f8b16975.jpg,hallucination,a brown and white dog trots across shallow water with his mouth open,a brown and white dog trots across shallow water with his mouth open with a suitcase,a brown spotted dog walks in shallow water ||| a greyhound walks in the rain through a large puddle ||| a white and brown dog is walking through the water ||| the dog walks through the water,4,0.5,0.2581988897471611,0.078089666561908,0.0437481143122464,0.4227272727272728,0.4166666666666667,0.2183396877461789,0.8454114198684692,0.5384615384615384,0.299572344757639,0.0934408794701388,0.0534444593479054,0.5247058823529411,0.4761904761904762,0.4116514842466379,0.9181473404169084,-0.038461538461538436,-0.0413734550104779,-0.015351212908230799,-0.009696345035658999,-0.10197860962566835,-0.059523809523809534,-0.193311796500459,-0.07273592054843914
2528547068_7d37479b9b.jpg,object_replacement,a race car drives through a dirtcovered racetrack,a race truck drives through a dirtcovered racetrack,a red car emitting smoke while on a paved track ||| a red race car pulls off the track smoking ||| a red race car travels down a road marked with red and white striped ribbons ||| a red rally car taking a slippery turn in a race,4,0.3309363384692233,0.2042583425999594,0.0849781324036544,0.057367534172156,0.1869158878504672,0.2608695652173913,0.1308005776973191,0.4808081686496734,0.4412484512922977,0.3335524767176619,0.1178410923506696,0.073309180733823,0.3546348314606741,0.3529411764705882,0.4428741926765148,0.5897039175033569,-0.1103121128230744,-0.12929413411770252,-0.0328629599470152,-0.015941646561667,-0.1677189436102069,-0.0920716112531969,-0.3120736149791957,-0.10889574885368353
2528547068_7d37479b9b.jpg,hallucination,a race car drives through a dirtcovered racetrack,a race car drives through a dirtcovered racetrack with a television,a red car emitting smoke while on a paved track ||| a red race car pulls off the track smoking ||| a red race car travels down a road marked with red and white striped ribbons ||| a red rally car taking a slippery turn in a race,4,0.5454545454545454,0.3302891295379082,0.1066224564261435,0.062389860721175,0.3876262626262626,0.3846153846153846,0.4353131751064127,0.577276200056076,0.4412484512922977,0.3335524767176619,0.1178410923506696,0.073309180733823,0.3546348314606741,0.3529411764705882,0.4428741926765148,0.5897039175033569,0.10420609416224769,-0.0032633471797537394,-0.0112186359245261,-0.010919320012648004,0.0329914311655885,0.03167420814479638,-0.00756101757010208,-0.012427717447280884
289599470_cc665e2dfb.jpg,person_replacement,a black haired girl is eating corn on the cob,a black haired boy is eating corn on the cob,a man is eating a piece of corn on the cob ||| a man is nibbling on an ear of corn ||| a person with dark hair is eating a very large ear of corn ||| the child with black hair is eating corn on the cob,4,0.8,0.6666666666666667,0.60570686427738,0.5555238068023582,0.7282110091743119,0.761904761904762,2.569041158824956,0.9235362708568572,0.8,0.6666666666666667,0.60570686427738,0.5555238068023582,0.7282110091743119,0.761904761904762,2.5876190113903776,0.905708074569702,0.0,0.0,0.0,0.0,0.0,0.0,-0.018577852565421438,0.01782819628715515
289599470_cc665e2dfb.jpg,negation,a black haired girl is eating corn on the cob,a black haired girl is not eating corn on the cob,a man is eating a piece of corn on the cob ||| a man is nibbling on an ear of corn ||| a person with dark hair is eating a very large ear of corn ||| the child with black hair is eating corn on the cob,4,0.7272727272727273,0.5393598899705937,0.459422237721793,0.3945881255591767,0.7080965909090909,0.7272727272727273,2.005463926838057,0.8893969655036926,0.8,0.6666666666666667,0.60570686427738,0.5555238068023582,0.7282110091743119,0.761904761904762,2.5876190113903776,0.905708074569702,-0.07272727272727275,-0.12730677669607304,-0.14628462655558694,-0.16093568124318153,-0.02011441826522098,-0.03463203463203468,-0.5821550845523205,-0.01631110906600941
289599470_cc665e2dfb.jpg,hallucination,a black haired girl is eating corn on the cob,a black haired girl is eating corn on the cob with an umbrella,a man is eating a piece of corn on the cob ||| a man is nibbling on an ear of corn ||| a person with dark hair is eating a very large ear of corn ||| the child with black hair is eating corn on the cob,4,0.7692307692307693,0.5661385170722979,0.4884696339923532,0.4324227075463214,0.7886904761904763,0.6666666666666667,2.0701536363519195,0.8735765516757965,0.8,0.6666666666666667,0.60570686427738,0.5555238068023582,0.7282110091743119,0.761904761904762,2.5876190113903776,0.905708074569702,-0.03076923076923077,-0.10052814959436884,-0.11723723028502675,-0.12310109925603685,0.06047946701616436,-0.09523809523809523,-0.5174653750384581,-0.03213152289390553
3613705104_46d854134e.jpg,person_replacement,a boy skateboards off a ramp covered in graffiti,a girl skateboards off a ramp covered in graffiti,a male skateboarder is skating in a vandalized skate park ||| a man does a jump on a skateboard surrounded by graffiti ||| a man does a skating trick off of graffitifilled stairs ||| a skateboarder skates down stairs covered in graffiti,4,0.6666666666666666,0.408248290463863,0.287684791332394,0.1411399193078977,0.5506172839506173,0.5882352941176471,0.6166640273813618,0.7917527109384537,0.6666666666666666,0.408248290463863,0.287684791332394,0.1411399193078977,0.5506172839506173,0.5882352941176471,0.6145792449354355,0.82563117146492,0.0,0.0,0.0,0.0,0.0,0.0,0.0020847824459263586,-0.03387846052646637
3613705104_46d854134e.jpg,hallucination,a boy skateboards off a ramp covered in graffiti,a boy skateboards off a ramp covered in graffiti with a helicopter,a male skateboarder is skating in a vandalized skate park ||| a man does a jump on a skateboard surrounded by graffiti ||| a man does a skating trick off of graffitifilled stairs ||| a skateboarder skates down stairs covered in graffiti,4,0.5833333333333334,0.3256694736394648,0.2197107811492718,0.1041904464013639,0.530952380952381,0.5,0.4617949179067948,0.8064842224121094,0.6666666666666666,0.408248290463863,0.287684791332394,0.1411399193078977,0.5506172839506173,0.5882352941176471,0.6145792449354355,0.82563117146492,-0.08333333333333326,-0.08257881682439822,-0.06797401018312219,-0.0369494729065338,-0.01966490299823631,-0.08823529411764708,-0.1527843270286407,-0.01914694905281067
3232470286_903a61ea16.jpg,object_replacement,a ball is about to enter a goal at a soccer match,a book is about to enter a goal at a soccer match,a soccer player in a white shirt kicked a goal ||| a soccer player tries to kick the ball in the goal ||| a soccer team scores a goal ||| goal attempt during a soccer game being played on green grass,4,0.5,0.3015113445777636,0.0968729306151464,0.0563756031525929,0.303030303030303,0.3333333333333333,1.0555628788375604,0.7648986577987671,0.5833333333333334,0.3256694736394648,0.1019807108406801,0.058590593701517,0.3351351351351351,0.3333333333333333,1.1106718888852276,0.7912419736385345,-0.08333333333333337,-0.024158129061701228,-0.005107780225533695,-0.0022149905489241006,-0.032104832104832115,0.0,-0.05510901004766722,-0.026343315839767456
3232470286_903a61ea16.jpg,hallucination,a ball is about to enter a goal at a soccer match,a ball is about to enter a goal at a soccer match with a helicopter,a soccer player in a white shirt kicked a goal ||| a soccer player tries to kick the ball in the goal ||| a soccer team scores a goal ||| goal attempt during a soccer game being played on green grass,4,0.4666666666666667,0.2581988897471611,0.0800427122344894,0.0454669723699171,0.4574275362318841,0.2857142857142857,0.7384323548917925,0.7505117356777191,0.5833333333333334,0.3256694736394648,0.1019807108406801,0.058590593701517,0.3351351351351351,0.3333333333333333,1.1106718888852276,0.7912419736385345,-0.1166666666666667,-0.0674705838923037,-0.021937998606190695,-0.013123621331599902,0.12229240109674899,-0.047619047619047616,-0.3722395339934351,-0.04073023796081543
2115631346_9585a479b0.jpg,action_replacement,two brown dogs are running through the snow,two brown dogs are standing in the snow,two brown dogs run across a large snowy yard ||| two brown dogs running through the snow ||| two dogs race across a snowy field ||| two dogs run through a snowy field,4,0.625,0.5175491695067657,0.3547458529925959,0.1728603923209705,0.6816901408450705,0.6666666666666666,1.6095013336589732,0.8383865654468536,0.875,0.7905694150420949,0.6786044041487267,0.5,0.97441793618856,0.9333333333333332,2.2783543138149556,0.9313565492630004,-0.25,-0.2730202455353292,-0.32385855115613077,-0.3271396076790295,-0.29272779534348947,-0.2666666666666666,-0.6688529801559824,-0.09296998381614674
2115631346_9585a479b0.jpg,negation,two brown dogs are running through the snow,two brown dogs are not running through the snow,two brown dogs run across a large snowy yard ||| two brown dogs running through the snow ||| two dogs race across a snowy field ||| two dogs run through a snowy field,4,0.7777777777777778,0.6972166887783963,0.5928155507483438,0.4316700106852252,0.9608843537414966,0.8750000000000001,1.729139686145701,0.9233158081769944,0.875,0.7905694150420949,0.6786044041487267,0.5,0.97441793618856,0.9333333333333332,2.2783543138149556,0.9313565492630004,-0.09722222222222221,-0.09335272626369862,-0.08578885340038289,-0.0683299893147748,-0.013533582447063375,-0.058333333333333126,-0.5492146276692547,-0.008040741086005943
2115631346_9585a479b0.jpg,hallucination,two brown dogs are running through the snow,two brown dogs are running through the snow with an umbrella,two brown dogs run across a large snowy yard ||| two brown dogs running through the snow ||| two dogs race across a snowy field ||| two dogs run through a snowy field,4,0.6363636363636364,0.5640760748177662,0.4733525286819944,0.3393251340793363,0.9349145063430778,0.7777777777777778,1.3127198929434034,0.8915435522794724,0.875,0.7905694150420949,0.6786044041487267,0.5,0.97441793618856,0.9333333333333332,2.2783543138149556,0.9313565492630004,-0.23863636363636365,-0.22649334022432865,-0.2052518754667323,-0.1606748659206637,-0.03950342984548216,-0.15555555555555545,-0.9656344208715522,-0.039812996983528026
1721637099_93e9ec2a2f.jpg,person_replacement,a boy laying on clothes,a girl laying on clothes,a brownhaired boy is laughing with his eyese clothes whiel lying on a pile of clothes ||| a child in a blue shirt laying on his side with his mouth open ||| a child with and adult hand ||| a little boy laughs as he is tickled,4,0.6549846024623855,0.3661475238303926,0.1540910273198556,0.1106269120304249,0.2118288590604027,0.3157894736842105,0.1154599049347645,0.6298834085464478,0.8187307530779819,0.4093653765389909,0.1659895273402738,0.1169737177441385,0.2496644295302013,0.3809523809523809,0.1695257269967171,0.7975481450557709,-0.1637461506155964,-0.04321785270859829,-0.011898500020418201,-0.006346805713713599,-0.0378355704697986,-0.06516290726817037,-0.05406582206195261,-0.16766473650932312
1721637099_93e9ec2a2f.jpg,hallucination,a boy laying on clothes,a boy laying on clothes with a suitcase,a brownhaired boy is laughing with his eyese clothes whiel lying on a pile of clothes ||| a child in a blue shirt laying on his side with his mouth open ||| a child with and adult hand ||| a little boy laughs as he is tickled,4,0.875,0.3535533905932737,0.1277182387322588,0.0803428418944651,0.3155209452201933,0.3636363636363636,0.2156358277341239,0.7338626682758331,0.8187307530779819,0.4093653765389909,0.1659895273402738,0.1169737177441385,0.2496644295302013,0.3809523809523809,0.1695257269967171,0.7975481450557709,0.05626924692201807,-0.055811985945717235,-0.038271288608015014,-0.03663087584967341,0.06585651568999201,-0.017316017316017285,0.04611010073740679,-0.06368547677993774
516725192_c9cdd63878.jpg,hallucination,a fisherman stands on the beach on a gray day,a fisherman stands on the beach on a gray day with a helicopter,a man holding a fishing pole and tackle box walking in from the ocean ||| a man in a yellow cap is on the beach carrying a fishing pole ||| a man with a fishing pole standing on a beach ||| a person is standing in the ocean fully clothed holding a fishing pole in one hand and a tackle box in the other,4,0.498594426961247,0.3922919972818223,0.2348585172938615,0.1046532980131907,0.3398058252427184,0.3703703703703704,0.2071275541598399,0.7994856685400009,0.5,0.408248290463863,0.2751606040745522,0.1313454947212079,0.372,0.4166666666666666,0.2138415402081832,0.8648940920829773,-0.001405573038752994,-0.015956293182040726,-0.040302086780690666,-0.026692196708017202,-0.03219417475728159,-0.04629629629629617,-0.006713986048343279,-0.06540842354297638
848180689_d67a1361ce.jpg,object_replacement,a girl and a woman playing with a ball in a pool,a girl and a woman playing with a book in a pool,a woman and a little girl are playing with a ball in the pool underneath some water chutes ||| a young girl and a woman play volleyball with a beach ball ||| the mother and daughter are batting a ball in the air to each other at the water park ||| two girls in a pool one catching a ball the other has thrown,4,0.8333333333333334,0.7282190812544191,0.5963868149074115,0.3918189150070214,0.5260416666666666,0.6666666666666666,0.7819618217352807,0.7187391817569733,0.9166666666666666,0.8660254037844387,0.7663094323935531,0.6223329772884783,0.573559670781893,0.75,1.603122471552921,0.784170925617218,-0.08333333333333326,-0.13780632253001956,-0.16992261748614157,-0.23051406228145688,-0.04751800411522633,-0.08333333333333337,-0.8211606498176404,-0.06543174386024475
848180689_d67a1361ce.jpg,person_replacement,a girl and a woman playing with a ball in a pool,a boy and a woman playing with a ball in a pool,a woman and a little girl are playing with a ball in the pool underneath some water chutes ||| a young girl and a woman play volleyball with a beach ball ||| the mother and daughter are batting a ball in the air to each other at the water park ||| two girls in a pool one catching a ball the other has thrown,4,0.8333333333333334,0.778498944161523,0.6716793862139855,0.5094110796339641,0.4761494252873564,0.6666666666666666,1.264620072967507,0.775134339928627,0.9166666666666666,0.8660254037844387,0.7663094323935531,0.6223329772884783,0.573559670781893,0.75,1.603122471552921,0.784170925617218,-0.08333333333333326,-0.08752645962291572,-0.0946300461795676,-0.1129218976545141,-0.09741024549453658,-0.08333333333333337,-0.3385023985854141,-0.009036585688591003
848180689_d67a1361ce.jpg,hallucination,a girl and a woman playing with a ball in a pool,a girl and a woman playing with a ball in a pool with an umbrella,a woman and a little girl are playing with a ball in the pool underneath some water chutes ||| a young girl and a woman play volleyball with a beach ball ||| the mother and daughter are batting a ball in the air to each other at the water park ||| two girls in a pool one catching a ball the other has thrown,4,0.7333333333333333,0.6866065623255951,0.6014616379314802,0.4829375245352885,0.55957041051892,0.6666666666666665,1.3467237530480007,0.8086344599723816,0.9166666666666666,0.8660254037844387,0.7663094323935531,0.6223329772884783,0.573559670781893,0.75,1.603122471552921,0.784170925617218,-0.18333333333333335,-0.17941884145884357,-0.16484779446207287,-0.13939545275318976,-0.01398926026297298,-0.08333333333333348,-0.25639871850492035,0.024463534355163574
3678100844_e3a9802471.jpg,color_replacement,a lady with sunglasses on her head and a green sweatshirt is looking off camera,a lady with sunglasses on her head and a yellow sweatshirt is looking off camera,a smiling lady in a green jacket at a public gathering ||| a woman in a green jacket and black sunglasses outside in a crowd ||| a woman with dark hair is wearing a green sweater ||| woman with green sweater and sunglasses smiling,4,0.4666666666666667,0.0577350269189625,0.0294879873108467,0.0215000038028141,0.1923076923076923,0.24,0.2450950792823927,0.649942010641098,0.5333333333333333,0.1951800145897066,0.0664215664147782,0.0395308837466984,0.3542857142857143,0.32,0.4456103005738673,0.702960193157196,-0.06666666666666665,-0.1374449876707441,-0.036933579103931496,-0.0180308799438843,-0.16197802197802202,-0.08000000000000002,-0.2005152212914746,-0.05301818251609802
3678100844_e3a9802471.jpg,negation,a lady with sunglasses on her head and a green sweatshirt is looking off camera,a lady with sunglasses on her head and a green sweatshirt is not looking off camera,a smiling lady in a green jacket at a public gathering ||| a woman in a green jacket and black sunglasses outside in a crowd ||| a woman with dark hair is wearing a green sweater ||| woman with green sweater and sunglasses smiling,4,0.5,0.1825741858350553,0.0619798094241093,0.0367876324992777,0.350943396226415,0.3076923076923077,0.3624913694479095,0.6904657185077667,0.5333333333333333,0.1951800145897066,0.0664215664147782,0.0395308837466984,0.3542857142857143,0.32,0.4456103005738673,0.702960193157196,-0.033333333333333326,-0.0126058287546513,-0.004441756990668899,-0.002743251247420697,-0.0033423180592992985,-0.012307692307692297,-0.0831189311259578,-0.012494474649429321
3678100844_e3a9802471.jpg,hallucination,a lady with sunglasses on her head and a green sweatshirt is looking off camera,a lady with sunglasses on her head and a green sweatshirt is looking off camera with a helicopter,a smiling lady in a green jacket at a public gathering ||| a woman in a green jacket and black sunglasses outside in a crowd ||| a woman with dark hair is wearing a green sweater ||| woman with green sweater and sunglasses smiling,4,0.5,0.1714985851425088,0.0568591504881488,0.0332718891397095,0.317948717948718,0.3448275862068966,0.2517603771990479,0.7000631093978882,0.5333333333333333,0.1951800145897066,0.0664215664147782,0.0395308837466984,0.3542857142857143,0.32,0.4456103005738673,0.702960193157196,-0.033333333333333326,-0.02368142944719781,-0.009562415926629396,-0.0062589946069889005,-0.03633699633699633,0.024827586206896568,-0.19384992337481938,-0.0028970837593078613
3157847991_463e006a28.jpg,negation,these men are smoking outside a grey building,these men are not smoking outside a grey building,two men are standing by a railing while posing for a picture ||| two men in black jackets behind a white handrail ||| two men smoking behind a railing ||| two men smoking while standing by a rail in front of a building,4,0.5555555555555556,0.2635231383473649,0.0997347467647626,0.0637671569379741,0.2380952380952381,0.4,0.5244942466705558,0.7687586545944214,0.5515605641153721,0.263696386404524,0.1007527167248761,0.0651821033328897,0.2419354838709677,0.4285714285714285,0.5619780712903925,0.7862068712711334,0.0039949914401834485,-0.00017324805715907,-0.0010179699601134962,-0.0014149463949155866,-0.003840245775729584,-0.02857142857142847,-0.03748382461983668,-0.017448216676712036
3157847991_463e006a28.jpg,hallucination,these men are smoking outside a grey building,these men are smoking outside a grey building with a traffic cone,two men are standing by a railing while posing for a picture ||| two men in black jackets behind a white handrail ||| two men smoking behind a railing ||| two men smoking while standing by a rail in front of a building,4,0.5,0.2132007163556104,0.0768880959828629,0.0474060425987813,0.2630208333333333,0.3333333333333333,0.4364917933423222,0.7245797663927078,0.5515605641153721,0.263696386404524,0.1007527167248761,0.0651821033328897,0.2419354838709677,0.4285714285714285,0.5619780712903925,0.7862068712711334,-0.05156056411537213,-0.05049567004891359,-0.02386462074201319,-0.017776060734108395,0.02108534946236562,-0.09523809523809518,-0.12548627794807027,-0.0616271048784256
3559374748_f18c7caa55.jpg,object_replacement,a blue and grey race car driving on a dirt track,a blue and grey race truck driving on a dirt track,a person driving a drag racer on dirt ||| a person is in a race car on a track with a lot debri ||| a race car driver is driving his car through the mud ||| the blue and gray vehicle is racing through the gravel,4,0.8181818181818182,0.4045199174779453,0.1220522444470285,0.0690457308327456,0.3712871287128713,0.4210526315789474,0.6004033606009913,0.7160366326570511,0.9090909090909092,0.5222329678670935,0.1447089370238733,0.0784510965440677,0.3712871287128713,0.4799999999999999,0.9780298137415608,0.8263804018497467,-0.09090909090909094,-0.1177130503891482,-0.0226566925768448,-0.009405365711322111,0.0,-0.058947368421052526,-0.37762645314056953,-0.11034376919269562
3559374748_f18c7caa55.jpg,hallucination,a blue and grey race car driving on a dirt track,a blue and grey race car driving on a dirt track with a suitcase,a person driving a drag racer on dirt ||| a person is in a race car on a track with a lot debri ||| a race car driver is driving his car through the mud ||| the blue and gray vehicle is racing through the gravel,4,0.8571428571428571,0.5741692517632145,0.3017399903511526,0.1257119267652252,0.5357142857142857,0.5714285714285714,0.8581367752946514,0.7985974848270416,0.9090909090909092,0.5222329678670935,0.1447089370238733,0.0784510965440677,0.3712871287128713,0.4799999999999999,0.9780298137415608,0.8263804018497467,-0.051948051948052076,0.05193628389612104,0.15703105332727932,0.047260830221157485,0.16442715700141441,0.09142857142857147,-0.11989303844690946,-0.027782917022705078
2502782508_2c8211cd6b.jpg,person_replacement,a man in a hat and sunglasses reads a book on a park bench,a woman in a hat and sunglasses reads a book on a park bench,a man in c camouflage cap and jeans is sitting on a bench reading a book ||| a man is sitting on a bench and reading a book ||| a man on a park bench reads a novel ||| a man wearing a camouflage hat and sunglasses reading a book on a black metal bench,4,0.8049580497680259,0.6552980970848463,0.5372892702048843,0.3954166352259141,0.6794643791191547,0.7333333333333334,1.8820987740644264,0.7523897290229797,0.8668778997501817,0.7603022137359318,0.6304250794323608,0.4457834303038864,0.7454289732770746,0.7999999999999999,2.019107680684405,0.8422938734292984,-0.06191984998215583,-0.10500411665108544,-0.09313580922747655,-0.050366795077972315,-0.06596459415791989,-0.06666666666666654,-0.13700890661997844,-0.08990414440631866
2502782508_2c8211cd6b.jpg,hallucination,a man in a hat and sunglasses reads a book on a park bench,a man in a hat and sunglasses reads a book on a park bench with a traffic cone,a man in c camouflage cap and jeans is sitting on a bench reading a book ||| a man is sitting on a bench and reading a book ||| a man on a park bench reads a novel ||| a man wearing a camouflage hat and sunglasses reading a book on a black metal bench,4,0.7777777777777778,0.6763995415945232,0.5556644666651004,0.388905561152711,0.7094381313131314,0.7058823529411765,1.199767624350599,0.7609815150499344,0.8668778997501817,0.7603022137359318,0.6304250794323608,0.4457834303038864,0.7454289732770746,0.7999999999999999,2.019107680684405,0.8422938734292984,-0.08910012197240391,-0.08390267214140856,-0.07476061276726043,-0.056877869151175375,-0.0359908419639432,-0.09411764705882342,-0.8193400563338058,-0.08131235837936401
3699522388_2333f01f40.jpg,person_replacement,a bald man in a black wetsuit flips leaps in the air on a surfboard holds on to a waterskiing handle,a bald woman in a black wetsuit flips leaps in the air on a surfboard holds on to a waterskiing handle,a man doing a trick on a wakeboard ||| a person waterskiing in a river with a large wall in the background ||| a wakeboarder soars through the air ||| male performing water sports acrobatics while being pulled by a boat,4,0.4285714285714285,0.2927700218845599,0.0766949089979699,0.0397884275531624,0.3475303164744158,0.2941176470588235,0.0508297591317733,0.6186310201883316,0.4761904761904761,0.3086066999241838,0.0794363047598884,0.040850384507442,0.3475303164744158,0.3448275862068965,0.0521855671441148,0.6524048000574112,-0.047619047619047616,-0.015836678039623908,-0.002741395761918508,-0.0010619569542796026,0.0,-0.050709939148073035,-0.001355808012341496,-0.03377377986907959
3699522388_2333f01f40.jpg,hallucination,a bald man in a black wetsuit flips leaps in the air on a surfboard holds on to a waterskiing handle,a bald man in a black wetsuit flips leaps in the air on a surfboard holds on to a waterskiing handle with a suitcase,a man doing a trick on a wakeboard ||| a person waterskiing in a river with a large wall in the background ||| a wakeboarder soars through the air ||| male performing water sports acrobatics while being pulled by a boat,4,0.4583333333333333,0.3156543697771666,0.0767951235874871,0.0383217566808291,0.4476950354609929,0.3125,0.0222978999097477,0.6594863533973694,0.4761904761904761,0.3086066999241838,0.0794363047598884,0.040850384507442,0.3475303164744158,0.3448275862068965,0.0521855671441148,0.6524048000574112,-0.017857142857142794,0.007047669852982774,-0.002641181172401308,-0.0025286278266129017,0.10016471898657708,-0.03232758620689652,-0.0298876672343671,0.007081553339958191
2774554310_007e980a90.jpg,person_replacement,a woman dressed in black and pink has a large tattoo on her back,a man dressed in black and pink has a large tattoo on his back,a woman in pink pants and a black tank top displays the tattoo on her back ||| a woman wearing a black tank top revealing a large fairy tattoo ||| a woman with a tattoo on her back walks away from the camera ||| the woman wearing pink pants has a tattoo of a butterfly on her back,4,0.7857142857142857,0.4258153136263201,0.1147502838816034,0.0608789502480578,0.3695889982809814,0.4666666666666667,1.2949962556264945,0.761793777346611,0.9285714285714286,0.6546536707079772,0.4149132666831217,0.2838702104880644,0.6064964954493147,0.6000000000000001,2.1010737514441704,0.8350032567977905,-0.1428571428571429,-0.22883835708165712,-0.30016298280151826,-0.2229912602400066,-0.23690749716833331,-0.13333333333333341,-0.806077495817676,-0.0732094794511795
2774554310_007e980a90.jpg,hallucination,a woman dressed in black and pink has a large tattoo on her back,a woman dressed in black and pink has a large tattoo on her back with an umbrella,a woman in pink pants and a black tank top displays the tattoo on her back ||| a woman wearing a black tank top revealing a large fairy tattoo ||| a woman with a tattoo on her back walks away from the camera ||| the woman wearing pink pants has a tattoo of a butterfly on her back,4,0.8235294117647058,0.5557189302262113,0.3453157386450629,0.2328789695413994,0.5951953185154767,0.5454545454545455,1.5804018767391557,0.8478838205337524,0.9285714285714286,0.6546536707079772,0.4149132666831217,0.2838702104880644,0.6064964954493147,0.6000000000000001,2.1010737514441704,0.8350032567977905,-0.10504201680672276,-0.09893474048176587,-0.0695975280380588,-0.05099124094666499,-0.01130117693383803,-0.054545454545454564,-0.5206718747050147,0.012880563735961914
3424927725_c4d1fcfac3.jpg,person_replacement,a man in yellow sits on a rock ledge overlooking a forest,a woman in yellow sits on a rock ledge overlooking a forest,a person in a yellow raincoat is sitting on the edge of a rock looking down ||| a person in a yellow raincoat seating on a cliff ||| a person is sitting on the edge of a rock cliff ||| a person sitting on the edge of a rock outcropping looking down,4,0.5833333333333334,0.3256694736394648,0.1019807108406801,0.058590593701517,0.470188075230092,0.5,0.4411701739045954,0.7683266699314117,0.5833333333333334,0.3256694736394648,0.1019807108406801,0.058590593701517,0.470188075230092,0.5,0.4426765485644164,0.81437848508358,0.0,0.0,0.0,0.0,0.0,0.0,-0.0015063746598210082,-0.046051815152168274
3424927725_c4d1fcfac3.jpg,color_replacement,a man in yellow sits on a rock ledge overlooking a forest,a man in green sits on a rock ledge overlooking a forest,a person in a yellow raincoat is sitting on the edge of a rock looking down ||| a person in a yellow raincoat seating on a cliff ||| a person is sitting on the edge of a rock cliff ||| a person sitting on the edge of a rock outcropping looking down,4,0.5,0.3015113445777636,0.0968729306151464,0.0563756031525929,0.4180283224400871,0.4347826086956521,0.3513043172281362,0.7606516778469086,0.5833333333333334,0.3256694736394648,0.1019807108406801,0.058590593701517,0.470188075230092,0.5,0.4426765485644164,0.81437848508358,-0.08333333333333337,-0.024158129061701228,-0.005107780225533695,-0.0022149905489241006,-0.0521597527900049,-0.0652173913043479,-0.0913722313362802,-0.05372680723667145
3424927725_c4d1fcfac3.jpg,hallucination,a man in yellow sits on a rock ledge overlooking a forest,a man in yellow sits on a rock ledge overlooking a forest with a suitcase,a person in a yellow raincoat is sitting on the edge of a rock looking down ||| a person in a yellow raincoat seating on a cliff ||| a person is sitting on the edge of a rock cliff ||| a person sitting on the edge of a rock outcropping looking down,4,0.4365699263480883,0.2415468648858778,0.0748805163962406,0.042534670240297,0.4567541302235179,0.4516129032258064,0.3626857821187743,0.7626397907733917,0.5833333333333334,0.3256694736394648,0.1019807108406801,0.058590593701517,0.470188075230092,0.5,0.4426765485644164,0.81437848508358,-0.1467634069852451,-0.08412260875358701,-0.027100194444439493,-0.01605592346122,-0.013433945006574077,-0.048387096774193616,-0.07999076644564213,-0.05173869431018829
3160531982_37f5636b8a.jpg,negation,a parachute is making his landing as the sunsets behind him,a parachute is not making his landing as the sunsets behind him,a person is parasailing as the sun sets ||| a person paraglides at sundown ||| a silhouette of a figure parachuting at sunset ||| with the sun rising a person is gliding with a huge parachute attached to them,4,0.324500326279752,0.151573896833314,0.0563497167358116,0.0352748170863923,0.3757440476190476,0.4,0.1761242371799841,0.8660199493169785,0.4545454545454545,0.2132007163556104,0.0796363970529507,0.0501257871573906,0.3802710843373494,0.4210526315789474,0.1909792856878582,0.8732835948467255,-0.13004512826570247,-0.0616268195222964,-0.023286680317139097,-0.014850970070998296,-0.004527036718301791,-0.02105263157894738,-0.014855048507874113,-0.007263645529747009
3160531982_37f5636b8a.jpg,hallucination,a parachute is making his landing as the sunsets behind him,a parachute is making his landing as the sunsets behind him with a suitcase,a person is parasailing as the sun sets ||| a person paraglides at sundown ||| a silhouette of a figure parachuting at sunset ||| with the sun rising a person is gliding with a huge parachute attached to them,4,0.4655313898520114,0.2582303532999144,0.0802793965811989,0.0457456333399325,0.3670058139534884,0.3636363636363636,0.1635647379344354,0.8451582491397858,0.4545454545454545,0.2132007163556104,0.0796363970529507,0.0501257871573906,0.3802710843373494,0.4210526315789474,0.1909792856878582,0.8732835948467255,0.010985935306556949,0.04502963694430401,0.0006429995282482004,-0.004380153817458099,-0.013265270383860994,-0.05741626794258381,-0.027414547753422808,-0.028125345706939697
3118534315_cc03e5ddab.jpg,person_replacement,a man is recording something with a red flag behind him,a woman is recording something with a red flag behind her,a man with a video camera is taping while another paints art while onlookers pass by ||| a person holding a camera in front of a pole with writing on it ||| kid posts sign while a woman walks by and a young man hold a video camera ||| the man is shooting video of another writing on a pole,4,0.4545454545454545,0.3015113445777636,0.1003355729847986,0.059609942732681,0.2877419354838709,0.2222222222222222,0.0353587725319713,0.7842858135700226,0.4545454545454545,0.3692744729379982,0.1148555594304482,0.0659692458566296,0.3629032258064515,0.2962962962962963,0.0774418299504408,0.7816334813833237,0.0,-0.06776312836023463,-0.0145199864456496,-0.006359303123948598,-0.07516129032258062,-0.07407407407407407,-0.0420830574184695,0.0026523321866989136
3118534315_cc03e5ddab.jpg,color_replacement,a man is recording something with a red flag behind him,a man is recording something with a blue flag behind him,a man with a video camera is taping while another paints art while onlookers pass by ||| a person holding a camera in front of a pole with writing on it ||| kid posts sign while a woman walks by and a young man hold a video camera ||| the man is shooting video of another writing on a pole,4,0.4545454545454545,0.3692744729379982,0.1148555594304482,0.0659692458566296,0.3629032258064515,0.2962962962962963,0.0776144788385416,0.7534074038267136,0.4545454545454545,0.3692744729379982,0.1148555594304482,0.0659692458566296,0.3629032258064515,0.2962962962962963,0.0774418299504408,0.7816334813833237,0.0,0.0,0.0,0.0,0.0,0.0,0.0001726488881007987,-0.028226077556610107
3118534315_cc03e5ddab.jpg,action_replacement,a man is recording something with a red flag behind him,a man is watching something with a red flag behind him,a man with a video camera is taping while another paints art while onlookers pass by ||| a person holding a camera in front of a pole with writing on it ||| kid posts sign while a woman walks by and a young man hold a video camera ||| the man is shooting video of another writing on a pole,4,0.4545454545454545,0.3692744729379982,0.1148555594304482,0.0659692458566296,0.2877419354838709,0.2962962962962963,0.0774418299504408,0.7077206671237946,0.4545454545454545,0.3692744729379982,0.1148555594304482,0.0659692458566296,0.3629032258064515,0.2962962962962963,0.0774418299504408,0.7816334813833237,0.0,0.0,0.0,0.0,-0.07516129032258062,0.0,0.0,-0.07391281425952911
3118534315_cc03e5ddab.jpg,negation,a man is recording something with a red flag behind him,a man is not recording something with a red flag behind him,a man with a video camera is taping while another paints art while onlookers pass by ||| a person holding a camera in front of a pole with writing on it ||| kid posts sign while a woman walks by and a young man hold a video camera ||| the man is shooting video of another writing on a pole,4,0.4166666666666667,0.337099931231621,0.1043532011211616,0.059609942732681,0.3276353276353276,0.2857142857142857,0.0737741082484098,0.7592871785163879,0.4545454545454545,0.3692744729379982,0.1148555594304482,0.0659692458566296,0.3629032258064515,0.2962962962962963,0.0774418299504408,0.7816334813833237,-0.03787878787878779,-0.03217454170637718,-0.0105023583092866,-0.006359303123948598,-0.03526789817112391,-0.010582010582010581,-0.0036677217020310016,-0.02234630286693573
3118534315_cc03e5ddab.jpg,hallucination,a man is recording something with a red flag behind him,a man is recording something with a red flag behind him with an umbrella,a man with a video camera is taping while another paints art while onlookers pass by ||| a person holding a camera in front of a pole with writing on it ||| kid posts sign while a woman walks by and a young man hold a video camera ||| the man is shooting video of another writing on a pole,4,0.3571428571428572,0.2870846258816073,0.0882293084114949,0.0499875078066453,0.3234880450070324,0.2666666666666666,0.0700352104035182,0.7601944357156754,0.4545454545454545,0.3692744729379982,0.1148555594304482,0.0659692458566296,0.3629032258064515,0.2962962962962963,0.0774418299504408,0.7816334813833237,-0.09740259740259727,-0.08218984705639087,-0.0266262510189533,-0.015981738049984297,-0.039415180799419136,-0.029629629629629672,-0.007406619546922594,-0.021439045667648315
973827791_467d83986e.jpg,hallucination,a little kid splashes around in the kiddie pool while a lady watches,a little kid splashes around in the kiddie pool while a lady watches with a suitcase,a woman dumping water on a small child who is in a pool ||| a woman is throwing a bucket of water over a baby in the paddling pool ||| a woman is throwing water on a child in a plastic swimming pool in a rural area ||| i child slides into a wading pool full of water while an adult tosses a bucket of water on them,4,0.4375,0.1707825127659933,0.0592815550748344,0.0355798286793877,0.2823767476085357,0.2580645161290323,0.160319754079825,0.8127787709236145,0.4615384615384615,0.196116135138184,0.0704495119733688,0.0432422707546321,0.2513513513513513,0.2857142857142857,0.1603584742433973,0.8262155950069427,-0.02403846153846151,-0.025333622372190695,-0.011167956898534392,-0.0076624420752443995,0.031025396257184423,-0.027649769585253392,-3.872016357231445e-05,-0.013436824083328247
1110208841_5bb6806afe.jpg,hallucination,a black and white border collie catches a frisbee in front of an audience,a black and white border collie catches a frisbee in front of an audience with a helicopter,a brown and white dog catches a frisbee in it mouth in front of a group of people ||| a brown and white dug jumping up to catch a frisbee while an audience watches ||| a dog jumps to catch a frisbee while many people watch ||| an agile dog catches a frisbee while a crowd of onlookers watches closely,4,0.6655575133093234,0.5239724548420557,0.3727062923930216,0.2430000434616019,0.4983240223463687,0.5714285714285715,1.0349885763205076,0.8111672848463058,0.7857142857142857,0.6504436355879909,0.4729186581101111,0.3131422481382734,0.5033557046979866,0.5625000000000001,1.148790267040105,0.7923691719770432,-0.12015677240496225,-0.12647118074593522,-0.10021236571708947,-0.07014220467667151,-0.005031682351617939,0.008928571428571397,-0.11380169071959734,0.018798112869262695
3052038928_9f53aa2084.jpg,hallucination,a group of five young adults lounging indoors,a group of five young adults lounging indoors with a television,a man and a woman sit on a couch and look at each other while three other men stand by ||| a small group of people standing while two sit on the couch ||| there are four men and one woman ||| three men are setting up a scene by measuring the lights for a couple sitting on a low couch,4,0.3320366241026409,0.1741214746376982,0.0675036022466866,0.0432864914530547,0.2147525676937441,0.2608695652173913,0.0905255620631354,0.7744349539279938,0.375,0.2314550249431378,0.0962928392777089,0.0650059326034369,0.2203065134099616,0.3,0.0834631089705432,0.7667745649814606,-0.0429633758973591,-0.0573335503054396,-0.028789237031022305,-0.0217194411503822,-0.0055539457162175065,-0.03913043478260869,0.007062453092592208,0.007660388946533203
308014594_f1d5e75507.jpg,negation,two japanese girls are wearing traditional dress,two japanese girls are not wearing traditional dress,two japanese ladies with colorful kimonos on them ||| two women dressed as geishas ||| two women dressed in brightly colored traditional asian clothes stand at the top of steps ||| two women in elaborate japanese costumes,4,0.375,0.2314550249431378,0.0962928392777089,0.0650059326034369,0.234375,0.3076923076923077,0.4889794904138633,0.771772563457489,0.4285714285714285,0.2672612419124243,0.1126247880443606,0.0773055175693945,0.2373417721518987,0.3333333333333333,0.5428473759720995,0.7738432288169861,-0.05357142857142849,-0.035806216969286486,-0.0163319487666517,-0.012299584965957594,-0.0029667721518986945,-0.025641025641025605,-0.05386788555823624,-0.0020706653594970703
308014594_f1d5e75507.jpg,hallucination,two japanese girls are wearing traditional dress,two japanese girls are wearing traditional dress with an umbrella,two japanese ladies with colorful kimonos on them ||| two women dressed as geishas ||| two women dressed in brightly colored traditional asian clothes stand at the top of steps ||| two women in elaborate japanese costumes,4,0.4,0.2108185106778919,0.082207069144349,0.0530771217107244,0.3116531165311653,0.3333333333333332,0.4350354128688988,0.7591807842254639,0.4285714285714285,0.2672612419124243,0.1126247880443606,0.0773055175693945,0.2373417721518987,0.3333333333333333,0.5428473759720995,0.7738432288169861,-0.02857142857142847,-0.05644273123453239,-0.030417718900011603,-0.024228395858670093,0.07431134437926659,-1.1102230246251565e-16,-0.10781196310320074,-0.014662444591522217
957682378_46c3b07bcd.jpg,object_replacement,a brown dog and a black dog run into each other in the grass,a brown cat and a black dog run into each other in the grass,a brown dog is grabbing the collar of a black dog ||| a dark black dog is playing with a light brown dog in a backyard ||| two dogs are wrestling in a field ||| two dogs are wrestling in the park,4,0.5,0.3922322702763681,0.2340463103883151,0.1039030217423355,0.4977876106194691,0.4,0.3201715887793589,0.6854343414306641,0.5714285714285714,0.4688072309384954,0.3321078320738909,0.1350862565735142,0.5950875925591476,0.4799999999999999,0.5106303489447442,0.7319152355194092,-0.0714285714285714,-0.07657496066212732,-0.09806152168557578,-0.0311832348311787,-0.09729998193967848,-0.0799999999999999,-0.19045876016538532,-0.04648089408874512
957682378_46c3b07bcd.jpg,hallucination,a brown dog and a black dog run into each other in the grass,a brown dog and a black dog run into each other in the grass with a television,a brown dog is grabbing the collar of a black dog ||| a dark black dog is playing with a light brown dog in a backyard ||| two dogs are wrestling in a field ||| two dogs are wrestling in the park,4,0.5882352941176471,0.4696682183138622,0.3086789594993042,0.1203921753741131,0.4934904996481351,0.4285714285714285,0.3338290530791254,0.7363408803939819,0.5714285714285714,0.4688072309384954,0.3321078320738909,0.1350862565735142,0.5950875925591476,0.4799999999999999,0.5106303489447442,0.7319152355194092,0.01680672268907568,0.0008609873753667729,-0.0234288725745867,-0.01469408119940109,-0.10159709291101249,-0.051428571428571435,-0.17680129586561882,0.004425644874572754
3265964840_5374ed9c53.jpg,person_replacement,a boy on a snowboard leaps through the air,a girl on a snowboard leaps through the air,a man in a yellow hat is crouching on his snowboard ||| a man in a blue shirt and green cap on a red snowboard ||| a snowboarder flies through the air on a red snowboard in front of a snowy landscape ||| a snowboarder landing on a pile of wood,4,0.7777777777777778,0.5400617248673217,0.3466806371753174,0.1623339577375495,0.3896604938271605,0.3999999999999999,0.5242907618930399,0.8287293463945389,0.7777777777777778,0.5400617248673217,0.3466806371753174,0.1623339577375495,0.3896604938271605,0.3999999999999999,0.5208546299877597,0.8365985751152039,0.0,0.0,0.0,0.0,0.0,0.0,0.0034361319052802486,-0.007869228720664978
3265964840_5374ed9c53.jpg,hallucination,a boy on a snowboard leaps through the air,a boy on a snowboard leaps through the air with an umbrella,a man in a yellow hat is crouching on his snowboard ||| a man in a blue shirt and green cap on a red snowboard ||| a snowboarder flies through the air on a red snowboard in front of a snowy landscape ||| a snowboarder landing on a pile of wood,4,0.5833333333333334,0.3988620176087328,0.2515060604240896,0.1153056832378949,0.3757440476190476,0.3571428571428571,0.5054903621136698,0.7868093252182007,0.7777777777777778,0.5400617248673217,0.3466806371753174,0.1623339577375495,0.3896604938271605,0.3999999999999999,0.5208546299877597,0.8365985751152039,-0.19444444444444442,-0.14119970725858894,-0.09517457675122781,-0.04702827449965459,-0.013916446208112887,-0.042857142857142816,-0.015364267874089843,-0.049789249897003174
2049051050_20359a434a.jpg,person_replacement,a girl in a black jacket and hat is covered in a pink blanket,a boy in a black jacket and hat is covered in a pink blanket,a woman derssed in a black sweater gloves hat and a scarf sits on the beach near a boulder ||| a woman in a black cap and outfit sits in the sand ||| a woman wearing a black hat sits on the sand with a rock behind her ||| the girl sitting by a rock is wearing a black coat black hat black gloves but is covered by a pink blanket,4,0.7980538111748767,0.5345876195672374,0.3539608012932542,0.1391915744350798,0.469220475075276,0.5000000000000001,0.5243050638084968,0.7095330953598022,0.8645582954394498,0.5564164356943271,0.3635319100764518,0.1420049469262367,0.469220475075276,0.5000000000000001,0.5414940548680764,0.8182823657989502,-0.06650448426457312,-0.021828816127089645,-0.009571108783197613,-0.0028133724911569014,0.0,0.0,-0.017188991059579606,-0.10874927043914795
2049051050_20359a434a.jpg,color_replacement,a girl in a black jacket and hat is covered in a pink blanket,a girl in a black jacket and hat is covered in a purple blanket,a woman derssed in a black sweater gloves hat and a scarf sits on the beach near a boulder ||| a woman in a black cap and outfit sits in the sand ||| a woman wearing a black hat sits on the sand with a rock behind her ||| the girl sitting by a rock is wearing a black coat black hat black gloves but is covered by a pink blanket,4,0.7980538111748767,0.4140897895345154,0.2369530234231917,0.1030132907696105,0.469220475075276,0.4615384615384615,0.4543331726865127,0.808277428150177,0.8645582954394498,0.5564164356943271,0.3635319100764518,0.1420049469262367,0.469220475075276,0.5000000000000001,0.5414940548680764,0.8182823657989502,-0.06650448426457312,-0.14232664615981167,-0.12657888665326011,-0.0389916561566262,0.0,-0.0384615384615386,-0.08716088218156376,-0.010004937648773193
2049051050_20359a434a.jpg,hallucination,a girl in a black jacket and hat is covered in a pink blanket,a girl in a black jacket and hat is covered in a pink blanket with an umbrella,a woman derssed in a black sweater gloves hat and a scarf sits on the beach near a boulder ||| a woman in a black cap and outfit sits in the sand ||| a woman wearing a black hat sits on the sand with a rock behind her ||| the girl sitting by a rock is wearing a black coat black hat black gloves but is covered by a pink blanket,4,0.8235294117647058,0.5072996561958923,0.324954551404669,0.1251223692116191,0.4579591836734693,0.4615384615384615,0.546957129763933,0.8023133128881454,0.8645582954394498,0.5564164356943271,0.3635319100764518,0.1420049469262367,0.469220475075276,0.5000000000000001,0.5414940548680764,0.8182823657989502,-0.041028883674744,-0.04911677949843474,-0.0385773586717828,-0.016882577714617597,-0.011261291401806706,-0.0384615384615386,0.005463074895856512,-0.01596905291080475
3350786891_6d39b234e9.jpg,color_replacement,a group of dark skinned children are sitting beside a red metal container,a group of dark skinned children are sitting beside a blue metal container,a group of kids sitting against a large red dumpster ||| a group of people sitting outside in the dirt on the ground ||| a large group of people sitting near a shipping container ||| two sub saharan african girls in purple dresses sit on the ground,4,0.4615384615384615,0.2773500981126146,0.1912293963810261,0.0914462689237286,0.4962243797195253,0.5217391304347826,0.5869129878419057,0.7204751670360565,0.5384615384615384,0.299572344757639,0.2013122721975551,0.0950391816390425,0.555775708341589,0.5217391304347826,0.6087848821726753,0.7360383123159409,-0.07692307692307693,-0.022222246645024424,-0.010082875816529002,-0.003592912715313895,-0.05955132862206364,0.0,-0.021871894330769637,-0.015563145279884338
3350786891_6d39b234e9.jpg,action_replacement,a group of dark skinned children are sitting beside a red metal container,a group of dark skinned children are standing beside a red metal container,a group of kids sitting against a large red dumpster ||| a group of people sitting outside in the dirt on the ground ||| a large group of people sitting near a shipping container ||| two sub saharan african girls in purple dresses sit on the ground,4,0.4615384615384615,0.2773500981126146,0.1912293963810261,0.0914462689237286,0.4962243797195253,0.4347826086956522,0.5193433108173058,0.6883953511714935,0.5384615384615384,0.299572344757639,0.2013122721975551,0.0950391816390425,0.555775708341589,0.5217391304347826,0.6087848821726753,0.7360383123159409,-0.07692307692307693,-0.022222246645024424,-0.010082875816529002,-0.003592912715313895,-0.05955132862206364,-0.08695652173913038,-0.08944157135536956,-0.04764296114444733
3350786891_6d39b234e9.jpg,negation,a group of dark skinned children are sitting beside a red metal container,a group of dark skinned children are not sitting beside a red metal container,a group of kids sitting against a large red dumpster ||| a group of people sitting outside in the dirt on the ground ||| a large group of people sitting near a shipping container ||| two sub saharan african girls in purple dresses sit on the ground,4,0.5,0.2773500981126146,0.1857626796598436,0.0873716785171587,0.5504317111459968,0.5,0.5322069535359565,0.7008065283298492,0.5384615384615384,0.299572344757639,0.2013122721975551,0.0950391816390425,0.555775708341589,0.5217391304347826,0.6087848821726753,0.7360383123159409,-0.038461538461538436,-0.022222246645024424,-0.015549592537711487,-0.007667503121883801,-0.005343997195592198,-0.021739130434782594,-0.07657792863671886,-0.035231783986091614
3350786891_6d39b234e9.jpg,hallucination,a group of dark skinned children are sitting beside a red metal container,a group of dark skinned children are sitting beside a red metal container with a traffic cone,a group of kids sitting against a large red dumpster ||| a group of people sitting outside in the dirt on the ground ||| a large group of people sitting near a shipping container ||| two sub saharan african girls in purple dresses sit on the ground,4,0.4117647058823529,0.2268713032432575,0.1508305417231562,0.070361478913418,0.4482166698455083,0.4444444444444445,0.3193865411221336,0.6683264672756195,0.5384615384615384,0.299572344757639,0.2013122721975551,0.0950391816390425,0.555775708341589,0.5217391304347826,0.6087848821726753,0.7360383123159409,-0.12669683257918551,-0.0727010415143815,-0.05048173047439891,-0.0246777027256245,-0.10755903849608067,-0.07729468599033812,-0.28939834105054174,-0.06771184504032135
2701603045_6cbdc4ce7c.jpg,person_replacement,a boy is wading through water,a girl is wading through water,a boy up to his knees in water ||| a boy wearing white shorts walks through the water ||| a young boy with white swim trunks walks out of the water ||| the boy is wading through the blue ocean,4,0.5971094254781577,0.4136895450425726,0.31297387764458,0.1644975929846581,0.3774928774928775,0.4285714285714285,0.8963368056672192,0.7009242475032806,0.7165313105737893,0.6408850873800026,0.5279447835831834,0.4329820146406897,0.5088141025641026,0.5714285714285715,1.5868410523367489,0.8438418060541153,-0.11942188509563156,-0.22719554233743,-0.2149709059386034,-0.2684844216560316,-0.13132122507122512,-0.14285714285714302,-0.6905042466695297,-0.14291755855083466
2701603045_6cbdc4ce7c.jpg,negation,a boy is wading through water,a boy is not wading through water,a boy up to his knees in water ||| a boy wearing white shorts walks through the water ||| a young boy with white swim trunks walks out of the water ||| the boy is wading through the blue ocean,4,0.7430381997858699,0.5675047991270782,0.1774090081828215,0.1048832740572588,0.4746835443037974,0.5333333333333333,0.8864600617303846,0.8179497718811035,0.7165313105737893,0.6408850873800026,0.5279447835831834,0.4329820146406897,0.5088141025641026,0.5714285714285715,1.5868410523367489,0.8438418060541153,0.026506889212080664,-0.07338028825292442,-0.35053577540036196,-0.3280987405834309,-0.034130558260305255,-0.03809523809523818,-0.7003809906063643,-0.02589203417301178
2701603045_6cbdc4ce7c.jpg,hallucination,a boy is wading through water,a boy is wading through water with a traffic cone,a boy up to his knees in water ||| a boy wearing white shorts walks through the water ||| a young boy with white swim trunks walks out of the water ||| the boy is wading through the blue ocean,4,0.7,0.557773351022717,0.4268597216624981,0.3246679154750989,0.4839939024390244,0.4444444444444445,0.9848263537235724,0.739380419254303,0.7165313105737893,0.6408850873800026,0.5279447835831834,0.4329820146406897,0.5088141025641026,0.5714285714285715,1.5868410523367489,0.8438418060541153,-0.016531310573789315,-0.08311173635728564,-0.10108506192068534,-0.10831409916559082,-0.02482020012507824,-0.12698412698412703,-0.6020146986131765,-0.10446138679981232
1287931016_fb015e2e10.jpg,object_replacement,a black and a white dog on the snow,a black and a white cat on the snow,a black dog and a white dog are standing on snow ||| two dogs one black and one white face the camera in a field of snow ||| two dogs standing in the snow ||| two dogs stand in the snow,4,0.7117665803704959,0.5968344216828737,0.344112091646952,0.1527072534971618,0.5876795162509448,0.7000000000000001,0.7278837460658549,0.6452010571956635,0.800737402916808,0.6934589326863314,0.479168052629889,0.3480972619949626,0.6944444444444444,0.7999999999999999,1.4495032419346066,0.7608949393033981,-0.08897082254631206,-0.0966245110034577,-0.13505596098293698,-0.1953900084978008,-0.10676492819349959,-0.09999999999999987,-0.7216194958687516,-0.11569388210773468
1287931016_fb015e2e10.jpg,hallucination,a black and a white dog on the snow,a black and a white dog on the snow with a suitcase,a black dog and a white dog are standing on snow ||| two dogs one black and one white face the camera in a field of snow ||| two dogs standing in the snow ||| two dogs stand in the snow,4,0.75,0.6396021490668313,0.4341268110716201,0.3087818953963447,0.4793074324324324,0.6956521739130435,0.8650072383797116,0.7466909289360046,0.800737402916808,0.6934589326863314,0.479168052629889,0.3480972619949626,0.6944444444444444,0.7999999999999999,1.4495032419346066,0.7608949393033981,-0.05073740291680795,-0.05385678361950008,-0.045041241558268885,-0.039315366598617896,-0.21513701201201202,-0.10434782608695647,-0.584496003554895,-0.014204010367393494
2518508760_68d8df7365.jpg,object_replacement,a dog in a yellow jersey is running a race,a cat in a yellow jersey is running a race,a dog participating in a race while wearing the number ||| a greyhound wearing a muzzle and the number six on a yellow jacket is running on a dog track ||| a muzzled race dog running ||| a race dog is running for first,4,0.8,0.5962847939999439,0.164414138288698,0.0892647227570666,0.5136986301369862,0.4137931034482758,0.4852031885946218,0.7530716061592102,0.9,0.7071067811865476,0.1842015749320193,0.0972065420906982,0.610958904109589,0.5,0.7351137171370661,0.8128683269023895,-0.09999999999999998,-0.11082198718660363,-0.019787436643321304,-0.007941819333631611,-0.09726027397260273,-0.0862068965517242,-0.24991052854244428,-0.05979672074317932
2518508760_68d8df7365.jpg,color_replacement,a dog in a yellow jersey is running a race,a dog in a green jersey is running a race,a dog participating in a race while wearing the number ||| a greyhound wearing a muzzle and the number six on a yellow jacket is running on a dog track ||| a muzzled race dog running ||| a race dog is running for first,4,0.8,0.5962847939999439,0.164414138288698,0.0892647227570666,0.610958904109589,0.5,0.7140632220707974,0.7680927217006683,0.9,0.7071067811865476,0.1842015749320193,0.0972065420906982,0.610958904109589,0.5,0.7351137171370661,0.8128683269023895,-0.09999999999999998,-0.11082198718660363,-0.019787436643321304,-0.007941819333631611,0.0,0.0,-0.02105049506626866,-0.04477560520172119
2518508760_68d8df7365.jpg,negation,a dog in a yellow jersey is running a race,a dog in a yellow jersey is not running a race,a dog participating in a race while wearing the number ||| a greyhound wearing a muzzle and the number six on a yellow jacket is running on a dog track ||| a muzzled race dog running ||| a race dog is running for first,4,0.8181818181818182,0.5720775535473553,0.1537761919657259,0.0821096743668638,0.5027027027027028,0.4761904761904761,0.541583893946218,0.7965017855167389,0.9,0.7071067811865476,0.1842015749320193,0.0972065420906982,0.610958904109589,0.5,0.7351137171370661,0.8128683269023895,-0.08181818181818179,-0.13502922763919223,-0.030425382966293407,-0.015096867723834409,-0.10825620140688619,-0.02380952380952389,-0.1935298231908481,-0.016366541385650635
2518508760_68d8df7365.jpg,hallucination,a dog in a yellow jersey is running a race,a dog in a yellow jersey is running a race with a television,a dog participating in a race while wearing the number ||| a greyhound wearing a muzzle and the number six on a yellow jacket is running on a dog track ||| a muzzled race dog running ||| a race dog is running for first,4,0.7692307692307693,0.5661385170722979,0.1428293874371987,0.0734705312597788,0.4894736842105263,0.4347826086956522,0.4664393449003596,0.803559273481369,0.9,0.7071067811865476,0.1842015749320193,0.0972065420906982,0.610958904109589,0.5,0.7351137171370661,0.8128683269023895,-0.13076923076923075,-0.14096826411424968,-0.041372187494820606,-0.023736010830919405,-0.12148521989906269,-0.06521739130434778,-0.2686743722367065,-0.009309053421020508
3455757720_7aeba57056.jpg,object_replacement,a brown dog running along the dirt shore of a stream,a brown cat running along the dirt shore of a stream,a small dog running on a beach ||| a small furry brown dog is running on the shore of the ocean ||| a woman sitting on the sand at the beach with a furry animal in the foreground walking towards her ||| dog running away from woman on the seashore,4,0.5305700387751149,0.210324586787188,0.0742776774237933,0.0454601203920704,0.4472257653061224,0.4999999999999999,0.3045100164571813,0.6681451946496964,0.6063657586001313,0.38944545984787,0.1120029296533713,0.0618598527606863,0.6027027027027028,0.5833333333333334,0.5186002801718175,0.7189469039440155,-0.07579571982501643,-0.179120873060682,-0.037725252229577996,-0.016399732368615902,-0.15547693739658036,-0.08333333333333348,-0.2140902637146362,-0.05080170929431915
3455757720_7aeba57056.jpg,hallucination,a brown dog running along the dirt shore of a stream,a brown dog running along the dirt shore of a stream with an umbrella,a small dog running on a beach ||| a small furry brown dog is running on the shore of the ocean ||| a woman sitting on the sand at the beach with a furry animal in the foreground walking towards her ||| dog running away from woman on the seashore,4,0.6428571428571429,0.3851644432598217,0.1073256951376911,0.0579001396544736,0.5792207792207792,0.5185185185185186,0.3862655134572548,0.6977269053459167,0.6063657586001313,0.38944545984787,0.1120029296533713,0.0618598527606863,0.6027027027027028,0.5833333333333334,0.5186002801718175,0.7189469039440155,0.036491384257011594,-0.004281016588048303,-0.004677234515680209,-0.003959713106212702,-0.023481923481923572,-0.06481481481481477,-0.13233476671456268,-0.021219998598098755
3652572138_34d6b72999.jpg,person_replacement,a boy jumps,a girl jumps,a boy raises his arms amongst a crowd of people who are not in focus ||| a boy surrounded by people who seem to swirl around him ||| a boy with a red shirt waves his arms in the air as he looks at another person ||| the boy in the purple shirt and green jacket stands in the crowd whilst raising his hands in the air,4,0.0231611504076005,0.0089702749807641,0.0082381740809081,0.0078948442928346,0.0490196078431372,0.1428571428571428,4.035273692230515e-06,0.5323388427495956,0.046322300815201,0.0401162892677087,0.0223618448537926,0.0166955629691623,0.1838235294117647,0.2857142857142857,0.0760157442535696,0.6816288083791733,-0.0231611504076005,-0.0311460142869446,-0.0141236707728845,-0.0088007186763277,-0.1348039215686275,-0.1428571428571429,-0.07601170897987737,-0.14928996562957764
3652572138_34d6b72999.jpg,hallucination,a boy jumps,a boy jumps with a suitcase,a boy raises his arms amongst a crowd of people who are not in focus ||| a boy surrounded by people who seem to swirl around him ||| a boy with a red shirt waves his arms in the air as he looks at another person ||| the boy in the purple shirt and green jacket stands in the crowd whilst raising his hands in the air,4,0.2897321390047188,0.2244255498452656,0.081794514458462,0.053062145153021,0.2232142857142857,0.3333333333333333,0.0914443115579703,0.7550692558288574,0.046322300815201,0.0401162892677087,0.0223618448537926,0.0166955629691623,0.1838235294117647,0.2857142857142857,0.0760157442535696,0.6816288083791733,0.24340983818951778,0.18430926057755692,0.059432669604669405,0.0363665821838587,0.03939075630252101,0.047619047619047616,0.01542856730440069,0.07344044744968414
1075881101_d55c46bece.jpg,person_replacement,a boy cleans the bubbles off his face,a girl cleans the bubbles off her face,a boy covered in suds has his face wiped clean ||| a boy is covered in bubbles ||| a child covered in foam is climbing on a black inflatable ramp ||| a person covered in soapy water is getting cleaned off,4,0.5,0.0845154254728516,0.0491934073403098,0.0392814650900513,0.1612903225806451,0.3333333333333332,0.3828874040186164,0.7513117045164108,0.75,0.4629100498862757,0.1528553543664399,0.0919322715224918,0.4551020408163265,0.4444444444444445,0.6374499975973265,0.7479216903448105,-0.25,-0.3783946244134241,-0.1036619470261301,-0.052650806432440495,-0.2938117182356814,-0.11111111111111127,-0.2545625935787101,0.003390014171600342
1075881101_d55c46bece.jpg,hallucination,a boy cleans the bubbles off his face,a boy cleans the bubbles off his face with a helicopter,a boy covered in suds has his face wiped clean ||| a boy is covered in bubbles ||| a child covered in foam is climbing on a black inflatable ramp ||| a person covered in soapy water is getting cleaned off,4,0.6363636363636364,0.3567530340063378,0.1122442959954951,0.0648411507139764,0.3683168316831683,0.380952380952381,0.4804459465057882,0.6878669559955597,0.75,0.4629100498862757,0.1528553543664399,0.0919322715224918,0.4551020408163265,0.4444444444444445,0.6374499975973265,0.7479216903448105,-0.11363636363636365,-0.10615701587993792,-0.04061105837094481,-0.02709112080851539,-0.08678520913315818,-0.06349206349206349,-0.15700405109153825,-0.06005473434925079
3695949492_27ca3892fd.jpg,hallucination,two dogs holding opposite ends of a toy with their mouths swimming,two dogs holding opposite ends of a toy with their mouths swimming with an umbrella,two grey dogs are carrying a stick in the water ||| two grey dogs swimming in a lake to retrieve a white toy ||| two identical brown dogs side by side holding something white in both their mouths ||| two similar brown dogs share holding a white toy while swimming,4,0.5333333333333333,0.1951800145897066,0.0664215664147782,0.0395308837466984,0.2638297872340425,0.4615384615384615,0.5334071931922714,0.8078330755233765,0.6666666666666666,0.2461829819586654,0.0846262997471468,0.0509411079633964,0.2702702702702703,0.5217391304347826,0.6593501890609685,0.8367443829774857,-0.1333333333333333,-0.05100296736895879,-0.018204733332368606,-0.011410224216697996,-0.006440483036227795,-0.060200668896321086,-0.12594299586869717,-0.028911307454109192
3496028495_431cfdc042.jpg,object_replacement,a brown dog swimming in the water with a tennis ball in his mouth,a brown cat swimming in the water with a tennis ball in his mouth,a brown dog swims back to shore after retrieving a yellow tennis ball ||| a brown labradoodle retrieves a tennis ball in a lake ||| the brown dog is swimming ||| there is a brown dog swimming outside with a tennis ball in its mouth,4,0.7142857142857143,0.5241424183609592,0.4095241727201729,0.3342866121562731,0.6146384479717814,0.6428571428571429,1.5530100621771714,0.9051521122455596,0.7857142857142857,0.6504436355879909,0.5607070695334264,0.4682568791024402,0.7046428571428572,0.7142857142857143,2.098297433199222,0.9525580704212188,-0.0714285714285714,-0.1263012172270317,-0.15118289681325353,-0.1339702669461671,-0.09000440917107588,-0.0714285714285714,-0.5452873710220505,-0.04740595817565918
3496028495_431cfdc042.jpg,hallucination,a brown dog swimming in the water with a tennis ball in his mouth,a brown dog swimming in the water with a tennis ball in his mouth with a helicopter,a brown dog swims back to shore after retrieving a yellow tennis ball ||| a brown labradoodle retrieves a tennis ball in a lake ||| the brown dog is swimming ||| there is a brown dog swimming outside with a tennis ball in its mouth,4,0.7058823529411765,0.5557189302262113,0.4686655621328207,0.3853856918030314,0.6555944055944056,0.6451612903225806,1.3564082276148646,0.9185362607240676,0.7857142857142857,0.6504436355879909,0.5607070695334264,0.4682568791024402,0.7046428571428572,0.7142857142857143,2.098297433199222,0.9525580704212188,-0.07983193277310918,-0.09472470536177957,-0.09204150740060574,-0.08287118729940879,-0.04904845154845161,-0.06912442396313367,-0.7418892055843573,-0.034021809697151184
3134644844_493eec6cdc.jpg,person_replacement,a man is playing a guitar for a little girl in a hospital,a woman is playing a guitar for a little girl in a hospital,a man is playing the guitar for a child in a hospital bed ||| a man plays a guitar for a sick child in a hospital ||| a man plays guitar for a girl in the hospital ||| a man with a guitar playing to an ill little girl in a hospital bed,4,0.9230769230769232,0.7844645405527361,0.6539953362181172,0.5382218220688944,0.7300275482093663,0.7199999999999999,3.129505150012072,0.6975133717060089,1.0,0.9128709291752768,0.8094214383448018,0.6786502681586727,0.815289256198347,0.8,3.533807698039093,0.7575434446334839,-0.07692307692307676,-0.12840638862254072,-0.15542610212668462,-0.14042844608977834,-0.0852617079889807,-0.08000000000000018,-0.40430254802702104,-0.060030072927474976
3134644844_493eec6cdc.jpg,action_replacement,a man is playing a guitar for a little girl in a hospital,a man is holding a guitar for a little girl in a hospital,a man is playing the guitar for a child in a hospital bed ||| a man plays a guitar for a sick child in a hospital ||| a man plays guitar for a girl in the hospital ||| a man with a guitar playing to an ill little girl in a hospital bed,4,0.9230769230769232,0.8320502943378437,0.7228018255774361,0.5801559414528517,0.7300275482093663,0.7199999999999999,3.290134725882599,0.7429727911949158,1.0,0.9128709291752768,0.8094214383448018,0.6786502681586727,0.815289256198347,0.8,3.533807698039093,0.7575434446334839,-0.07692307692307676,-0.08082063483743307,-0.08661961276736574,-0.09849432670582103,-0.0852617079889807,-0.08000000000000018,-0.24367297215649408,-0.014570653438568115
3134644844_493eec6cdc.jpg,negation,a man is playing a guitar for a little girl in a hospital,a man is not playing a guitar for a little girl in a hospital,a man is playing the guitar for a child in a hospital bed ||| a man plays a guitar for a sick child in a hospital ||| a man plays guitar for a girl in the hospital ||| a man with a guitar playing to an ill little girl in a hospital bed,4,0.9285714285714286,0.8017837257372732,0.6850067105944413,0.54413074047686,0.8086065573770491,0.7692307692307692,2.7859382009929123,0.7381044328212738,1.0,0.9128709291752768,0.8094214383448018,0.6786502681586727,0.815289256198347,0.8,3.533807698039093,0.7575434446334839,-0.0714285714285714,-0.1110872034380036,-0.12441472775036055,-0.13451952768181263,-0.0066826988212979055,-0.030769230769230882,-0.7478694970461808,-0.019439011812210083
3134644844_493eec6cdc.jpg,hallucination,a man is playing a guitar for a little girl in a hospital,a man is playing a guitar for a little girl in a hospital with a suitcase,a man is playing the guitar for a child in a hospital bed ||| a man plays a guitar for a sick child in a hospital ||| a man plays guitar for a girl in the hospital ||| a man with a guitar playing to an ill little girl in a hospital bed,4,0.875,0.801040989379861,0.6845836056624629,0.560530218497532,0.6493128348474261,0.7142857142857143,2.4313525216960934,0.7397668063640594,1.0,0.9128709291752768,0.8094214383448018,0.6786502681586727,0.815289256198347,0.8,3.533807698039093,0.7575434446334839,-0.125,-0.11182993979541578,-0.12483783268233895,-0.11812004966114065,-0.16597642135092094,-0.08571428571428574,-1.1024551763429997,-0.01777663826942444
3242808166_8638150274.jpg,object_replacement,a bike rider in red rides through the trees down a snowy hill,a motorcycle rider in red rides through the trees down a snowy hill,a person is riding a bike in a wooded area at night ||| bike rider riding downhill in forest ||| cyclist in snowy forest at night ||| the rider is biking in the snow and wearing a red jacket,4,0.5384615384615384,0.0669864127057083,0.0344239143228651,0.0252723244879964,0.2238805970149254,0.32,0.2464171194295421,0.7984696328639984,0.6153846153846154,0.3202563076101743,0.0976939267984706,0.0552587014212449,0.4710820895522387,0.32,0.5086931001137056,0.8767881989479065,-0.07692307692307698,-0.253269894904466,-0.06327001247560549,-0.0299863769332485,-0.24720149253731327,0.0,-0.2622759806841635,-0.07831856608390808
3242808166_8638150274.jpg,color_replacement,a bike rider in red rides through the trees down a snowy hill,a bike rider in blue rides through the trees down a snowy hill,a person is riding a bike in a wooded area at night ||| bike rider riding downhill in forest ||| cyclist in snowy forest at night ||| the rider is biking in the snow and wearing a red jacket,4,0.5384615384615384,0.299572344757639,0.0934408794701388,0.0534444593479054,0.4710820895522387,0.32,0.4769669778329465,0.8487376570701599,0.6153846153846154,0.3202563076101743,0.0976939267984706,0.0552587014212449,0.4710820895522387,0.32,0.5086931001137056,0.8767881989479065,-0.07692307692307698,-0.02068396285253532,-0.004253047328331802,-0.0018142420733395018,0.0,0.0,-0.031726122280759106,-0.028050541877746582
3242808166_8638150274.jpg,hallucination,a bike rider in red rides through the trees down a snowy hill,a bike rider in red rides through the trees down a snowy hill with a traffic cone,a person is riding a bike in a wooded area at night ||| bike rider riding downhill in forest ||| cyclist in snowy forest at night ||| the rider is biking in the snow and wearing a red jacket,4,0.5294117647058824,0.2572478777137633,0.076126777700895,0.0421328732255683,0.4445422535211268,0.2758620689655172,0.2438306818138888,0.8080185949802399,0.6153846153846154,0.3202563076101743,0.0976939267984706,0.0552587014212449,0.4710820895522387,0.32,0.5086931001137056,0.8767881989479065,-0.08597285067873306,-0.06300842989641103,-0.021567149097575594,-0.013125828195676599,-0.026539836031111874,-0.044137931034482825,-0.2648624182998168,-0.06876960396766663
2206960564_325ed0c7ae.jpg,hallucination,a beige puppy walks across the floor,a beige puppy walks across the floor with a suitcase,a small puppy rungs towards the camera ||| a white puppy is running on a tiled floor ||| puppy running on the floor ||| the white dog ran across the tile floor,4,0.6,0.3651483716701106,0.1185631101496687,0.0698534205658009,0.4646464646464646,0.4,1.104509639718256,0.767848938703537,0.7142857142857143,0.4879500364742665,0.1682390865739974,0.1044552273072038,0.4914529914529914,0.5,1.4810454707175893,0.7971023768186569,-0.11428571428571432,-0.12280166480415589,-0.049675976424328694,-0.034601806741402896,-0.026806526806526787,-0.09999999999999998,-0.3765358309993332,-0.029253438115119934
2886411666_72d8b12ce4.jpg,object_replacement,a black brown and white dog is running beside a green fence in a grassy garden,a black brown and white cat is running beside a green fence in a grassy garden,a dog is galloping through the grass ||| a dog runs through a lush green lawn ||| a tricolored dog is running on the green grass ||| dog running through grass in fenced in area,4,0.375,0.1581138830084189,0.0563123940221803,0.0342347495586902,0.3253865979381443,0.3333333333333333,0.0827377406982107,0.7477188855409622,0.4375,0.241522945769824,0.1609148974342716,0.0752421768074461,0.4597938144329897,0.4166666666666667,0.1543893792529918,0.8579668402671814,-0.0625,-0.08340906276140511,-0.10460250341209129,-0.041007427248755904,-0.13440721649484544,-0.08333333333333337,-0.07165163855478109,-0.11024795472621918
2886411666_72d8b12ce4.jpg,color_replacement,a black brown and white dog is running beside a green fence in a grassy garden,a black brown and white dog is running beside a yellow fence in a grassy garden,a dog is galloping through the grass ||| a dog runs through a lush green lawn ||| a tricolored dog is running on the green grass ||| dog running through grass in fenced in area,4,0.375,0.223606797749979,0.1528553543664399,0.072397680788887,0.3865979381443298,0.3333333333333333,0.1112766292539471,0.8396290242671967,0.4375,0.241522945769824,0.1609148974342716,0.0752421768074461,0.4597938144329897,0.4166666666666667,0.1543893792529918,0.8579668402671814,-0.0625,-0.017916148019845007,-0.008059543067831687,-0.0028444960185591006,-0.07319587628865992,-0.08333333333333337,-0.043112749999044686,-0.01833781599998474
2886411666_72d8b12ce4.jpg,action_replacement,a black brown and white dog is running beside a green fence in a grassy garden,a black brown and white dog is standing beside a green fence in a grassy garden,a dog is galloping through the grass ||| a dog runs through a lush green lawn ||| a tricolored dog is running on the green grass ||| dog running through grass in fenced in area,4,0.375,0.1581138830084189,0.0563123940221803,0.0342347495586902,0.3253865979381443,0.3333333333333333,0.0943542573678881,0.7494634389877319,0.4375,0.241522945769824,0.1609148974342716,0.0752421768074461,0.4597938144329897,0.4166666666666667,0.1543893792529918,0.8579668402671814,-0.0625,-0.08340906276140511,-0.10460250341209129,-0.041007427248755904,-0.13440721649484544,-0.08333333333333337,-0.06003512188510368,-0.10850340127944946
2886411666_72d8b12ce4.jpg,negation,a black brown and white dog is running beside a green fence in a grassy garden,a black brown and white dog is not running beside a green fence in a grassy garden,a dog is galloping through the grass ||| a dog runs through a lush green lawn ||| a tricolored dog is running on the green grass ||| dog running through grass in fenced in area,4,0.4117647058823529,0.160422236979937,0.05556644666651,0.0332718891397095,0.3795918367346939,0.4,0.0949617974076701,0.8037522435188293,0.4375,0.241522945769824,0.1609148974342716,0.0752421768074461,0.4597938144329897,0.4166666666666667,0.1543893792529918,0.8579668402671814,-0.02573529411764708,-0.08110070878988701,-0.10534845076776159,-0.041970287667736604,-0.08020197769829585,-0.016666666666666663,-0.05942758184532168,-0.05421459674835205
2886411666_72d8b12ce4.jpg,hallucination,a black brown and white dog is running beside a green fence in a grassy garden,a black brown and white dog is running beside a green fence in a grassy garden with a helicopter,a dog is galloping through the grass ||| a dog runs through a lush green lawn ||| a tricolored dog is running on the green grass ||| dog running through grass in fenced in area,4,0.3684210526315789,0.2023256595556279,0.1340348304822999,0.0622849695401344,0.446,0.3703703703703703,0.0651946084779097,0.8222348988056183,0.4375,0.241522945769824,0.1609148974342716,0.0752421768074461,0.4597938144329897,0.4166666666666667,0.1543893792529918,0.8579668402671814,-0.06907894736842107,-0.0391972862141961,-0.026880066951971704,-0.012957207267311706,-0.013793814432989715,-0.04629629629629639,-0.08919477077508209,-0.03573194146156311
3225998968_ef786d86e0.jpg,person_replacement,a man on skis on a snowcovered hill with mountains in the background,a woman on skis on a snowcovered hill with mountains in the background,a man with red pants is skiing downhill ||| a person in red pants skis down a mountain ||| a skier in red pants is on a snow covered slope ||| this person is skiing,4,0.4615384615384615,0.196116135138184,0.0704495119733688,0.0432422707546321,0.2818080357142857,0.3636363636363637,0.1200141795222585,0.7588867843151093,0.5384615384615384,0.299572344757639,0.0934408794701388,0.0534444593479054,0.2818080357142857,0.3636363636363637,0.1415271965429601,0.7252153754234314,-0.07692307692307693,-0.10345620961945501,-0.02299136749677,-0.0102021885932733,0.0,0.0,-0.02151301702070159,0.033671408891677856
3225998968_ef786d86e0.jpg,hallucination,a man on skis on a snowcovered hill with mountains in the background,a man on skis on a snowcovered hill with mountains in the background with an umbrella,a man with red pants is skiing downhill ||| a person in red pants skis down a mountain ||| a skier in red pants is on a snow covered slope ||| this person is skiing,4,0.4375,0.241522945769824,0.0746900791092861,0.0423117854161057,0.2744565217391305,0.32,0.0757767529167014,0.6657430529594421,0.5384615384615384,0.299572344757639,0.0934408794701388,0.0534444593479054,0.2818080357142857,0.3636363636363637,0.1415271965429601,0.7252153754234314,-0.10096153846153844,-0.058049398987815,-0.018750800360852693,-0.011132673931799696,-0.0073515139751552105,-0.043636363636363695,-0.06575044362625869,-0.05947232246398926
136639119_6040b00946.jpg,negation,a climber is attempting to climb around an overhang above the woods,a climber is not attempting to climb around an overhang above the woods,a man climbs up a cliff and reaches an overhang ||| a man is rock climbing under a large cliff ||| a person is rock climbing ||| climber on rock formation using ropes,4,0.3846153846153846,0.1790287185098582,0.0662955289840255,0.0413155159110629,0.3064320388349515,0.3478260869565217,0.2155819912084933,0.8572451770305634,0.4166666666666667,0.1946247360403807,0.0723544685119367,0.0452937617079388,0.309436274509804,0.3636363636363636,0.2504201616121346,0.8861374855041504,-0.032051282051282104,-0.015596017530522505,-0.0060589395279112,-0.003978245796875897,-0.0030042356748524734,-0.015810276679841917,-0.03483817040364129,-0.028892308473587036
136639119_6040b00946.jpg,hallucination,a climber is attempting to climb around an overhang above the woods,a climber is attempting to climb around an overhang above the woods with a television,a man climbs up a cliff and reaches an overhang ||| a man is rock climbing under a large cliff ||| a person is rock climbing ||| climber on rock formation using ropes,4,0.4,0.1690308509457033,0.0603479980702305,0.0367876324992777,0.3542857142857143,0.3333333333333333,0.1593950422778167,0.8804778009653091,0.4166666666666667,0.1946247360403807,0.0723544685119367,0.0452937617079388,0.309436274509804,0.3636363636363636,0.2504201616121346,0.8861374855041504,-0.016666666666666663,-0.025593885094677388,-0.012006470441706205,-0.008506129208661097,0.04484943977591033,-0.030303030303030276,-0.0910251193343179,-0.0056596845388412476
61209225_8512e1dad5.jpg,hallucination,a civil war reenactment with cannon teams firing cannons,a civil war reenactment with cannon teams firing cannons with a suitcase,a group of men firing an old fashion cannon ||| a recreation of some battle ||| sveral men participating in a civil war reenactment ||| war reenactors fire a cannon,4,0.5,0.3692744729379982,0.3010067189543958,0.23462350320528,0.4464285714285714,0.4,0.8731765291399092,0.8824754506349564,0.6666666666666666,0.5,0.4149132666831217,0.3303164318013807,0.4899691358024691,0.4705882352941176,1.2290843804756,0.9010447561740876,-0.16666666666666663,-0.1307255270620018,-0.11390654772872588,-0.09569292859610071,-0.043540564373897694,-0.07058823529411756,-0.3559078513356908,-0.018569305539131276
1057089366_ca83da0877.jpg,person_replacement,a boy descends off the end of a high diving board,a girl descends off the end of a high diving board,a child jumps off a high diving board into the pool ||| a kid jumps off the diving board and into the swimming pool below ||| a little kid is jumping off a high dive at the pool ||| the boy is jumping off a high diving board into the pool,4,0.6363636363636364,0.504524979109513,0.3838700926079122,0.2899784414715207,0.5769944341372912,0.5454545454545454,2.004339782083892,0.8196161687374115,0.7272727272727273,0.5393598899705937,0.4013422919391943,0.2998221389342337,0.5769944341372912,0.5454545454545454,2.020383249600309,0.8487176150083542,-0.09090909090909094,-0.0348349108610807,-0.01747219933128208,-0.00984369746271302,0.0,0.0,-0.016043467516416943,-0.029101446270942688
1057089366_ca83da0877.jpg,hallucination,a boy descends off the end of a high diving board,a boy descends off the end of a high diving board with an umbrella,a child jumps off a high diving board into the pool ||| a kid jumps off the diving board and into the swimming pool below ||| a little kid is jumping off a high dive at the pool ||| the boy is jumping off a high diving board into the pool,4,0.5714285714285714,0.4193139346887672,0.3083016009819039,0.2271870978054231,0.5616759978327613,0.4799999999999999,1.6680982008706065,0.8474352955818176,0.7272727272727273,0.5393598899705937,0.4013422919391943,0.2998221389342337,0.5769944341372912,0.5454545454545454,2.020383249600309,0.8487176150083542,-0.1558441558441559,-0.12004595528182649,-0.0930406909572904,-0.07263504112881061,-0.015318436304529892,-0.06545454545454549,-0.3522850487297027,-0.00128231942653656
3066491113_86569e15be.jpg,object_replacement,a black dog is following a brown dog that is carrying a brown plate through a grassy field,a black cat is following a brown dog that is carrying a brown plate through a grassy field,a black dog following a tan dog fetching a large shallow bowl ||| a brown dog carrying a frisbee like object in its mouth ||| a dog runs with a large plate in its mouth ||| two dogs one carrying a large dish in its mouth,4,0.5,0.3834824944236852,0.2094709013842742,0.0884748757476627,0.317948717948718,0.4,0.3277729100586815,0.7189059257507324,0.5555555555555556,0.4428074427700477,0.290478022246353,0.1130608235160298,0.3806284418529316,0.4666666666666666,0.4083259699125546,0.7281091809272766,-0.05555555555555558,-0.05932494834636248,-0.08100712086207879,-0.02458594776836709,-0.06267972390421361,-0.0666666666666666,-0.08055305985387312,-0.00920325517654419
3066491113_86569e15be.jpg,negation,a black dog is following a brown dog that is carrying a brown plate through a grassy field,a black dog is not following a brown dog that is carrying a brown plate through a grassy field,a black dog following a tan dog fetching a large shallow bowl ||| a brown dog carrying a frisbee like object in its mouth ||| a dog runs with a large plate in its mouth ||| two dogs one carrying a large dish in its mouth,4,0.5263157894736842,0.4188539082916955,0.2743060625339522,0.1065728448555557,0.377631367507633,0.4516129032258065,0.3116111585499991,0.714915543794632,0.5555555555555556,0.4428074427700477,0.290478022246353,0.1130608235160298,0.3806284418529316,0.4666666666666666,0.4083259699125546,0.7281091809272766,-0.0292397660818714,-0.02395353447835219,-0.01617195971240082,-0.0064879786604740974,-0.0029970743452986115,-0.015053763440860124,-0.0967148113625555,-0.013193637132644653
3066491113_86569e15be.jpg,hallucination,a black dog is following a brown dog that is carrying a brown plate through a grassy field,a black dog is following a brown dog that is carrying a brown plate through a grassy field with a traffic cone,a black dog following a tan dog fetching a large shallow bowl ||| a brown dog carrying a frisbee like object in its mouth ||| a dog runs with a large plate in its mouth ||| two dogs one carrying a large dish in its mouth,4,0.5,0.408248290463863,0.2554364774645177,0.0967773636539916,0.368916797488226,0.4117647058823529,0.129188090798458,0.741717740893364,0.5555555555555556,0.4428074427700477,0.290478022246353,0.1130608235160298,0.3806284418529316,0.4666666666666666,0.4083259699125546,0.7281091809272766,-0.05555555555555558,-0.03455915230618467,-0.0350415447818353,-0.01628345986203819,-0.01171164436470562,-0.0549019607843137,-0.2791378791140966,0.013608559966087341
3608663656_9192a21eeb.jpg,person_replacement,a man climbs up the side of a steep rock that overlooks a river,a woman climbs up the side of a steep rock that overlooks a river,a man is climbing a steep and rocky cliff overlooking water ||| a man is climbing on rocks by the water ||| a man is climbing the side of a mountain over the ocean ||| a man rock climbing at the ocean,4,0.5,0.3922322702763681,0.2948798731084673,0.2197281387499715,0.3494990892531876,0.4615384615384615,0.5049551818423272,0.7269435375928879,0.5714285714285714,0.4688072309384954,0.3321078320738909,0.2402211086439153,0.3931080628972901,0.5384615384615384,0.5878858053796454,0.7086384296417236,-0.0714285714285714,-0.07657496066212732,-0.03722795896542358,-0.020492969893943808,-0.04360897364410249,-0.07692307692307693,-0.08293062353731817,0.018305107951164246
3608663656_9192a21eeb.jpg,hallucination,a man climbs up the side of a steep rock that overlooks a river,a man climbs up the side of a steep rock that overlooks a river with a traffic cone,a man is climbing a steep and rocky cliff overlooking water ||| a man is climbing on rocks by the water ||| a man is climbing the side of a mountain over the ocean ||| a man rock climbing at the ocean,4,0.4444444444444444,0.3615507630310936,0.25375592566965,0.1816725573641283,0.3806284418529316,0.4666666666666666,0.2917157777717852,0.672890841960907,0.5714285714285714,0.4688072309384954,0.3321078320738909,0.2402211086439153,0.3931080628972901,0.5384615384615384,0.5878858053796454,0.7086384296417236,-0.12698412698412698,-0.10725646790740179,-0.07835190640424089,-0.058548551279787,-0.012479621044358513,-0.07179487179487182,-0.2961700276078602,-0.03574758768081665
3275537015_74e04c0f3e.jpg,action_replacement,four girls are playing volleyball on a sandy beach near ocean,four girls are watching volleyball on a sandy beach near ocean,four girls in swimsuits are playing volleyball at the beach ||| four ladies in swimsuits play sand volleyball on the beach ||| four women in bikinis are playing volleyball on the beach ||| girls in bikinis are playing a game of volleyball near a body of water,4,0.7272727272727273,0.3813850356982369,0.1173531980725211,0.0670422683816333,0.3683168316831683,0.4761904761904761,1.122446960536725,0.7395770400762558,0.8181818181818182,0.5720775535473553,0.4174128044846463,0.3087818953963449,0.5569306930693068,0.5714285714285713,1.8370503474761657,0.7698297500610352,-0.09090909090909094,-0.19069251784911845,-0.3000596064121252,-0.24173962701471158,-0.18861386138613845,-0.09523809523809518,-0.7146033869394406,-0.030252709984779358
3275537015_74e04c0f3e.jpg,negation,four girls are playing volleyball on a sandy beach near ocean,four girls are not playing volleyball on a sandy beach near ocean,four girls in swimsuits are playing volleyball at the beach ||| four ladies in swimsuits play sand volleyball on the beach ||| four women in bikinis are playing volleyball on the beach ||| girls in bikinis are playing a game of volleyball near a body of water,4,0.75,0.4522670168666454,0.2734827537964344,0.1227826014909612,0.5010893246187365,0.5454545454545454,1.3724797116524918,0.7710060477256775,0.8181818181818182,0.5720775535473553,0.4174128044846463,0.3087818953963449,0.5569306930693068,0.5714285714285713,1.8370503474761657,0.7698297500610352,-0.06818181818181823,-0.11981053668070996,-0.1439300506882119,-0.18599929390538367,-0.055841368450570306,-0.02597402597402587,-0.46457063582367386,0.001176297664642334
3275537015_74e04c0f3e.jpg,hallucination,four girls are playing volleyball on a sandy beach near ocean,four girls are playing volleyball on a sandy beach near ocean with a traffic cone,four girls in swimsuits are playing volleyball at the beach ||| four ladies in swimsuits play sand volleyball on the beach ||| four women in bikinis are playing volleyball on the beach ||| girls in bikinis are playing a game of volleyball near a body of water,4,0.6666666666666666,0.4364357804719847,0.3083016009819039,0.2222984955206401,0.5357142857142857,0.48,1.108246167555556,0.7764774560928345,0.8181818181818182,0.5720775535473553,0.4174128044846463,0.3087818953963449,0.5569306930693068,0.5714285714285713,1.8370503474761657,0.7698297500610352,-0.1515151515151516,-0.13564177307537062,-0.1091112035027424,-0.08648339987570478,-0.02121640735502106,-0.0914285714285713,-0.7288041799206098,0.006647706031799316
1457762320_7fe121b285.jpg,hallucination,a group of bicyclists getting ready for a ride,a group of bicyclists getting ready for a ride with an umbrella,a group of cyclists is pausing nearby a green and tan sign ||| a group of men are standing around and drinking water with their bikes ||| a group of men chat and drink water from water bottles while standing by their bicycles ||| men in athletic clothing stand near bicycles,4,0.4166666666666667,0.2752409412815901,0.1964002439681624,0.0957846440861982,0.4033333333333334,0.3333333333333333,0.3668297981398705,0.7336822152137756,0.4444444444444444,0.3333333333333333,0.2513158137097179,0.1275343138759482,0.4136752136752137,0.380952380952381,0.3454372426077738,0.7977687567472458,-0.027777777777777735,-0.058092392051743214,-0.05491556974155548,-0.03174966978975001,-0.010341880341880327,-0.04761904761904767,0.02139255553209668,-0.06408654153347015
2407091303_931c918490.jpg,hallucination,a child plays at a playground,a child plays at a playground with a suitcase,a little boy stands widelegged each foot on each side of the tube slide ||| a little boy wearing a red shirt is standing on a slide ||| a young boy climbing in a playhouse ||| boy on playground equipment,4,0.4444444444444444,0.0745355992499929,0.0429743996463099,0.0339132609103075,0.1388888888888889,0.2857142857142857,0.1475187312612194,0.6809117645025253,0.423240862445307,0.0846481724890614,0.0533250071770502,0.045480190470279,0.144927536231884,0.3076923076923076,0.2762671725603393,0.764131173491478,0.02120358199913741,-0.0101125732390685,-0.010350607530740304,-0.011566929559971503,-0.006038647342995113,-0.0219780219780219,-0.1287484412991199,-0.08321940898895264
2164363131_6930455d45.jpg,object_replacement,a dog leaps for a toy on a road,a cat leaps for a toy on a road,a man and a dog play with a frisbee ||| a person holding a frisbee just out of reach of a white dog on a rural road ||| person holding a frisbee with a white dog jumping for it on a road ||| the dog jumps up to get the frisbee in the man s hand,4,0.6666666666666666,0.408248290463863,0.287684791332394,0.1411399193078977,0.4701436130007558,0.4347826086956521,0.2307695000188348,0.7230725884437561,0.7777777777777778,0.5400617248673217,0.3466806371753174,0.1623339577375495,0.5555555555555556,0.5217391304347826,0.3899413519336941,0.8261553943157196,-0.11111111111111116,-0.13181343440345872,-0.05899584584292339,-0.021194038429651785,-0.08541194255479978,-0.08695652173913049,-0.1591718519148593,-0.1030828058719635
2164363131_6930455d45.jpg,hallucination,a dog leaps for a toy on a road,a dog leaps for a toy on a road with an umbrella,a man and a dog play with a frisbee ||| a person holding a frisbee just out of reach of a white dog on a rural road ||| person holding a frisbee with a white dog jumping for it on a road ||| the dog jumps up to get the frisbee in the man s hand,4,0.6133629430862155,0.3923082565559,0.2419289812644991,0.1096875897351539,0.5962605117194489,0.4615384615384615,0.4030328587931703,0.7802349328994751,0.7777777777777778,0.5400617248673217,0.3466806371753174,0.1623339577375495,0.5555555555555556,0.5217391304347826,0.3899413519336941,0.8261553943157196,-0.16441483469156226,-0.14775346831142172,-0.10475165591081828,-0.0526463680023956,0.04070495616389336,-0.060200668896321086,0.013091506859476187,-0.04592046141624451
